{
  "type": "FeatureCollection",
  "features": [
    {
      "type": "Feature",
      "geometry": {
        "type": "Point",
        "coordinates": [
          39.66359,
          -4.05466
        ]
      },
      "properties": {
        "name": "Mombasa",
        "ascii_name": "Mombasa",
        "feature_class": "P",
        "feature_code": "PPLA",
        "country_code": "KE",
        "cou_name_en": "Kenya",
        "population": 1208333,
        "dem": 20,
        "timezone": "Africa/Nairobi",
        "modification_date": "2022-09-26"
      }
    },
    {
      "type": "Feature",
      "geometry": {
        "type": "Point",
        "coordinates": [
          121.44081,
          37.47649
        ]
      },
      "properties": {
        "name": "Yantai",
        "ascii_name": "Yantai",
        "feature_class": "P",
        "feature_code": "PPL",
        "country_code": "CN",
        "cou_name_en": "China",
        "population": 2227733,
        "dem": 22,
        "timezone": "Asia/Shanghai",
        "modification_date": "2021-09-26"
      }
    },
    {
      "type": "Feature",
      "geometry": {
        "type": "Point",
        "coordinates": [
          118.42947,
          31.35259
        ]
      },
      "properties": {
        "name": "Wuhu",
        "ascii_name": "Wuhu",
        "feature_class": "P",
        "feature_code": "PPLA2",
        "country_code": "CN",
        "cou_name_en": "China",
        "population": 1598165,
        "dem": 9,
        "timezone": "Asia/Shanghai",
        "modification_date": "2024-11-09"
      }
    },
    {
      "type": "Feature",
      "geometry": {
        "type": "Point",
        "coordinates": [
          108.31667,
          22.81667
        ]
      },
      "properties": {
        "name": "Nanning",
        "ascii_name": "Nanning",
        "feature_class": "P",
        "feature_code": "PPLA",
        "country_code": "CN",
        "cou_name_en": "China",
        "population": 3839800,
        "dem": 91,
        "timezone": "Asia/Shanghai",
        "modification_date": "2025-02-23"
      }
    },
    {
      "type": "Feature",
      "geometry": {
        "type": "Point",
        "coordinates": [
          116.58139,
          35.405
        ]
      },
      "properties": {
        "name": "Jining",
        "ascii_name": "Jining",
        "feature_class": "P",
        "feature_code": "PPL",
        "country_code": "CN",
        "cou_name_en": "China",
        "population": 1241012,
        "dem": 43,
        "timezone": "Asia/Shanghai",
        "modification_date": "2021-10-08"
      }
    },
    {
      "type": "Feature",
      "geometry": {
        "type": "Point",
        "coordinates": [
          119.64421,
          29.10678
        ]
      },
      "properties": {
        "name": "Jinhua",
        "ascii_name": "Jinhua",
        "feature_class": "P",
        "feature_code": "PPLA2",
        "country_code": "CN",
        "cou_name_en": "China",
        "population": 1463990,
        "dem": 55,
        "timezone": "Asia/Shanghai",
        "modification_date": "2021-10-07"
      }
    },
    {
      "type": "Feature",
      "geometry": {
        "type": "Point",
        "coordinates": [
          113.10528,
          36.18389
        ]
      },
      "properties": {
        "name": "Changzhi",
        "ascii_name": "Changzhi",
        "feature_class": "P",
        "feature_code": "PPLA2",
        "country_code": "CN",
        "cou_name_en": "China",
        "population": 1214940,
        "dem": 937,
        "timezone": "Asia/Shanghai",
        "modification_date": "2025-08-20"
      }
    },
    {
      "type": "Feature",
      "geometry": {
        "type": "Point",
        "coordinates": [
          107.46308,
          31.2106
        ]
      },
      "properties": {
        "name": "Dazhou",
        "ascii_name": "Dazhou",
        "feature_class": "P",
        "feature_code": "PPLA2",
        "country_code": "CN",
        "cou_name_en": "China",
        "population": 1589435,
        "dem": 292,
        "timezone": "Asia/Shanghai",
        "modification_date": "2022-05-22"
      }
    },
    {
      "type": "Feature",
      "geometry": {
        "type": "Point",
        "coordinates": [
          72.83023,
          21.19594
        ]
      },
      "properties": {
        "name": "Surat",
        "ascii_name": "Surat",
        "feature_class": "P",
        "feature_code": "PPL",
        "country_code": "IN",
        "cou_name_en": "India",
        "population": 4591246,
        "dem": 20,
        "timezone": "Asia/Kolkata",
        "modification_date": "2025-02-26"
      }
    },
    {
      "type": "Feature",
      "geometry": {
        "type": "Point",
        "coordinates": [
          52.53113,
          29.61031
        ]
      },
      "properties": {
        "name": "Shiraz",
        "ascii_name": "Shiraz",
        "feature_class": "P",
        "feature_code": "PPLA",
        "country_code": "IR",
        "cou_name_en": "Iran, Islamic Rep. of",
        "population": 1249942,
        "dem": 1545,
        "timezone": "Asia/Tehran",
        "modification_date": "2024-07-22"
      }
    },
    {
      "type": "Feature",
      "geometry": {
        "type": "Point",
        "coordinates": [
          -77.13452,
          -12.05162
        ]
      },
      "properties": {
        "name": "Callao",
        "ascii_name": "Callao",
        "feature_class": "P",
        "feature_code": "PPLA",
        "country_code": "PE",
        "cou_name_en": "Peru",
        "population": 1300000,
        "dem": 5,
        "timezone": "America/Lima",
        "modification_date": "2025-05-15"
      }
    },
    {
      "type": "Feature",
      "geometry": {
        "type": "Point",
        "coordinates": [
          120.96788,
          14.64953
        ]
      },
      "properties": {
        "name": "Caloocan City",
        "ascii_name": "Caloocan City",
        "feature_class": "P",
        "feature_code": "PPLA2",
        "country_code": "PH",
        "cou_name_en": "Philippines",
        "population": 1712945,
        "dem": 6,
        "timezone": "Asia/Manila",
        "modification_date": "2025-09-24"
      }
    },
    {
      "type": "Feature",
      "geometry": {
        "type": "Point",
        "coordinates": [
          73.08969,
          31.41554
        ]
      },
      "properties": {
        "name": "Faisalabad",
        "ascii_name": "Faisalabad",
        "feature_class": "P",
        "feature_code": "PPLA2",
        "country_code": "PK",
        "cou_name_en": "Pakistan",
        "population": 3800193,
        "dem": 186,
        "timezone": "Asia/Karachi",
        "modification_date": "2025-03-02"
      }
    },
    {
      "type": "Feature",
      "geometry": {
        "type": "Point",
        "coordinates": [
          12.51133,
          41.89193
        ]
      },
      "properties": {
        "name": "Rome",
        "ascii_name": "Rome",
        "feature_class": "P",
        "feature_code": "PPLC",
        "country_code": "IT",
        "cou_name_en": "Italy",
        "population": 2318895,
        "dem": 52,
        "timezone": "Europe/Rome",
        "modification_date": "2025-07-22"
      }
    },
    {
      "type": "Feature",
      "geometry": {
        "type": "Point",
        "coordinates": [
          112.75471,
          37.68403
        ]
      },
      "properties": {
        "name": "Jinzhong",
        "ascii_name": "Jinzhong",
        "feature_class": "P",
        "feature_code": "PPLA2",
        "country_code": "CN",
        "cou_name_en": "China",
        "population": 1226617,
        "dem": 821,
        "timezone": "Asia/Shanghai",
        "modification_date": "2025-08-20"
      }
    },
    {
      "type": "Feature",
      "geometry": {
        "type": "Point",
        "coordinates": [
          11.57549,
          48.13743
        ]
      },
      "properties": {
        "name": "Munich",
        "ascii_name": "Munich",
        "feature_class": "P",
        "feature_code": "PPLA",
        "country_code": "DE",
        "cou_name_en": "Germany",
        "population": 1260391,
        "dem": 524,
        "timezone": "Europe/Berlin",
        "modification_date": "2023-10-12"
      }
    },
    {
      "type": "Feature",
      "geometry": {
        "type": "Point",
        "coordinates": [
          49.12214,
          55.78874
        ]
      },
      "properties": {
        "name": "Kazan",
        "ascii_name": "Kazan",
        "feature_class": "P",
        "feature_code": "PPLA",
        "country_code": "RU",
        "cou_name_en": "Russian Federation",
        "population": 1243500,
        "dem": 61,
        "timezone": "Europe/Moscow",
        "modification_date": "2025-05-08"
      }
    },
    {
      "type": "Feature",
      "geometry": {
        "type": "Point",
        "coordinates": [
          103.85007,
          1.28967
        ]
      },
      "properties": {
        "name": "Singapore",
        "ascii_name": "Singapore",
        "feature_class": "P",
        "feature_code": "PPLC",
        "country_code": "SG",
        "cou_name_en": "Singapore",
        "population": 5638700,
        "dem": 23,
        "timezone": "Asia/Singapore",
        "modification_date": "2025-07-23"
      }
    },
    {
      "type": "Feature",
      "geometry": {
        "type": "Point",
        "coordinates": [
          55.96779,
          54.74306
        ]
      },
      "properties": {
        "name": "Ufa",
        "ascii_name": "Ufa",
        "feature_class": "P",
        "feature_code": "PPLA",
        "country_code": "RU",
        "cou_name_en": "Russian Federation",
        "population": 1120547,
        "dem": 158,
        "timezone": "Asia/Yekaterinburg",
        "modification_date": "2022-09-17"
      }
    },
    {
      "type": "Feature",
      "geometry": {
        "type": "Point",
        "coordinates": [
          121.0792,
          14.5243
        ]
      },
      "properties": {
        "name": "Taguig",
        "ascii_name": "Taguig",
        "feature_class": "P",
        "feature_code": "PPLA3",
        "country_code": "PH",
        "cou_name_en": "Philippines",
        "population": 1308085,
        "dem": 5,
        "timezone": "Asia/Manila",
        "modification_date": "2025-09-25"
      }
    },
    {
      "type": "Feature",
      "geometry": {
        "type": "Point",
        "coordinates": [
          44.20646,
          15.35452
        ]
      },
      "properties": {
        "name": "Sanaa",
        "ascii_name": "Sanaa",
        "feature_class": "P",
        "feature_code": "PPLC",
        "country_code": "YE",
        "cou_name_en": "Yemen",
        "population": 1937451,
        "dem": 2253,
        "timezone": "Asia/Aden",
        "modification_date": "2025-06-14"
      }
    },
    {
      "type": "Feature",
      "geometry": {
        "type": "Point",
        "coordinates": [
          91.83168,
          22.3384
        ]
      },
      "properties": {
        "name": "Chattogram",
        "ascii_name": "Chattogram",
        "feature_class": "P",
        "feature_code": "PPLA",
        "country_code": "BD",
        "cou_name_en": "Bangladesh",
        "population": 3920222,
        "dem": 15,
        "timezone": "Asia/Dhaka",
        "modification_date": "2025-03-09"
      }
    },
    {
      "type": "Feature",
      "geometry": {
        "type": "Point",
        "coordinates": [
          139.65,
          35.43333
        ]
      },
      "properties": {
        "name": "Yokohama",
        "ascii_name": "Yokohama",
        "feature_class": "P",
        "feature_code": "PPLA",
        "country_code": "JP",
        "cou_name_en": "Japan",
        "population": 3777491,
        "dem": 21,
        "timezone": "Asia/Tokyo",
        "modification_date": "2025-02-27"
      }
    },
    {
      "type": "Feature",
      "geometry": {
        "type": "Point",
        "coordinates": [
          69.60042,
          42.30988
        ]
      },
      "properties": {
        "name": "Shymkent",
        "ascii_name": "Shymkent",
        "feature_class": "P",
        "feature_code": "PPLA",
        "country_code": "KZ",
        "cou_name_en": "Kazakhstan",
        "population": 1200000,
        "dem": 520,
        "timezone": "Asia/Almaty",
        "modification_date": "2025-07-16"
      }
    },
    {
      "type": "Feature",
      "geometry": {
        "type": "Point",
        "coordinates": [
          9.99302,
          53.55073
        ]
      },
      "properties": {
        "name": "Hamburg",
        "ascii_name": "Hamburg",
        "feature_class": "P",
        "feature_code": "PPLA",
        "country_code": "DE",
        "cou_name_en": "Germany",
        "population": 1845229,
        "dem": 9,
        "timezone": "Europe/Berlin",
        "modification_date": "2025-11-05"
      }
    },
    {
      "type": "Feature",
      "geometry": {
        "type": "Point",
        "coordinates": [
          -4.00167,
          5.35444
        ]
      },
      "properties": {
        "name": "Abidjan",
        "ascii_name": "Abidjan",
        "feature_class": "P",
        "feature_code": "PPLA",
        "country_code": "CI",
        "cou_name_en": "Côte d'Ivoire",
        "population": 6321017,
        "dem": 50,
        "timezone": "Africa/Abidjan",
        "modification_date": "2022-12-14"
      }
    },
    {
      "type": "Feature",
      "geometry": {
        "type": "Point",
        "coordinates": [
          119.10194,
          36.71
        ]
      },
      "properties": {
        "name": "Weifang",
        "ascii_name": "Weifang",
        "feature_class": "P",
        "feature_code": "PPL",
        "country_code": "CN",
        "cou_name_en": "China",
        "population": 2044028,
        "dem": 30,
        "timezone": "Asia/Shanghai",
        "modification_date": "2025-11-15"
      }
    },
    {
      "type": "Feature",
      "geometry": {
        "type": "Point",
        "coordinates": [
          121.54945,
          29.87819
        ]
      },
      "properties": {
        "name": "Ningbo",
        "ascii_name": "Ningbo",
        "feature_class": "P",
        "feature_code": "PPLA2",
        "country_code": "CN",
        "cou_name_en": "China",
        "population": 3731203,
        "dem": 15,
        "timezone": "Asia/Shanghai",
        "modification_date": "2024-12-12"
      }
    },
    {
      "type": "Feature",
      "geometry": {
        "type": "Point",
        "coordinates": [
          -72.33881,
          18.54349
        ]
      },
      "properties": {
        "name": "Port-au-Prince",
        "ascii_name": "Port-au-Prince",
        "feature_class": "P",
        "feature_code": "PPLC",
        "country_code": "HT",
        "cou_name_en": "Haiti",
        "population": 1234742,
        "dem": 27,
        "timezone": "America/Port-au-Prince",
        "modification_date": "2019-09-05"
      }
    },
    {
      "type": "Feature",
      "geometry": {
        "type": "Point",
        "coordinates": [
          78.69651,
          10.8155
        ]
      },
      "properties": {
        "name": "Tiruchirappalli",
        "ascii_name": "Tiruchirappalli",
        "feature_class": "P",
        "feature_code": "PPL",
        "country_code": "IN",
        "cou_name_en": "India",
        "population": 1022518,
        "dem": 79,
        "timezone": "Asia/Kolkata",
        "modification_date": "2024-01-06"
      }
    },
    {
      "type": "Feature",
      "geometry": {
        "type": "Point",
        "coordinates": [
          73.85535,
          18.51957
        ]
      },
      "properties": {
        "name": "Pune",
        "ascii_name": "Pune",
        "feature_class": "P",
        "feature_code": "PPL",
        "country_code": "IN",
        "cou_name_en": "India",
        "population": 3124458,
        "dem": 554,
        "timezone": "Asia/Kolkata",
        "modification_date": "2025-02-26"
      }
    },
    {
      "type": "Feature",
      "geometry": {
        "type": "Point",
        "coordinates": [
          80.27847,
          13.08784
        ]
      },
      "properties": {
        "name": "Chennai",
        "ascii_name": "Chennai",
        "feature_class": "P",
        "feature_code": "PPLA",
        "country_code": "IN",
        "cou_name_en": "India",
        "population": 4681087,
        "dem": 14,
        "timezone": "Asia/Kolkata",
        "modification_date": "2024-09-05"
      }
    },
    {
      "type": "Feature",
      "geometry": {
        "type": "Point",
        "coordinates": [
          38.74689,
          9.02497
        ]
      },
      "properties": {
        "name": "Addis Ababa",
        "ascii_name": "Addis Ababa",
        "feature_class": "P",
        "feature_code": "PPLC",
        "country_code": "ET",
        "cou_name_en": "Ethiopia",
        "population": 3860000,
        "dem": 2405,
        "timezone": "Africa/Addis_Ababa",
        "modification_date": "2025-07-19"
      }
    },
    {
      "type": "Feature",
      "geometry": {
        "type": "Point",
        "coordinates": [
          35.50157,
          33.89332
        ]
      },
      "properties": {
        "name": "Beirut",
        "ascii_name": "Beirut",
        "feature_class": "P",
        "feature_code": "PPLC",
        "country_code": "LB",
        "cou_name_en": "Lebanon",
        "population": 1916100,
        "dem": 40,
        "timezone": "Asia/Beirut",
        "modification_date": "2024-09-24",
        "label_pos": "top"
      }
    },
    {
      "type": "Feature",
      "geometry": {
        "type": "Point",
        "coordinates": [
          -99.01483,
          19.40061
        ]
      },
      "properties": {
        "name": "Ciudad Nezahualcoyotl",
        "ascii_name": "Ciudad Nezahualcoyotl",
        "feature_class": "P",
        "feature_code": "PPL",
        "country_code": "MX",
        "cou_name_en": "Mexico",
        "population": 1077208,
        "dem": 2235,
        "timezone": "America/Mexico_City",
        "modification_date": "2025-10-22"
      }
    },
    {
      "type": "Feature",
      "geometry": {
        "type": "Point",
        "coordinates": [
          104.7458,
          -2.91673
        ]
      },
      "properties": {
        "name": "Palembang",
        "ascii_name": "Palembang",
        "feature_class": "P",
        "feature_code": "PPLA",
        "country_code": "ID",
        "cou_name_en": "Indonesia",
        "population": 1668848,
        "dem": 5,
        "timezone": "Asia/Jakarta",
        "modification_date": "2022-12-31"
      }
    },
    {
      "type": "Feature",
      "geometry": {
        "type": "Point",
        "coordinates": [
          77.70636,
          28.98002
        ]
      },
      "properties": {
        "name": "Meerut",
        "ascii_name": "Meerut",
        "feature_class": "P",
        "feature_code": "PPL",
        "country_code": "IN",
        "cou_name_en": "India",
        "population": 1223184,
        "dem": 228,
        "timezone": "Asia/Kolkata",
        "modification_date": "2024-01-06"
      }
    },
    {
      "type": "Feature",
      "geometry": {
        "type": "Point",
        "coordinates": [
          78.11953,
          9.919
        ]
      },
      "properties": {
        "name": "Madurai",
        "ascii_name": "Madurai",
        "feature_class": "P",
        "feature_code": "PPLA2",
        "country_code": "IN",
        "cou_name_en": "India",
        "population": 1465625,
        "dem": 139,
        "timezone": "Asia/Kolkata",
        "modification_date": "2024-01-06"
      }
    },
    {
      "type": "Feature",
      "geometry": {
        "type": "Point",
        "coordinates": [
          88.31857,
          22.57688
        ]
      },
      "properties": {
        "name": "Howrah",
        "ascii_name": "Howrah",
        "feature_class": "P",
        "feature_code": "PPL",
        "country_code": "IN",
        "cou_name_en": "India",
        "population": 1027672,
        "dem": 8,
        "timezone": "Asia/Kolkata",
        "modification_date": "2024-04-28"
      }
    },
    {
      "type": "Feature",
      "geometry": {
        "type": "Point",
        "coordinates": [
          -79.88621,
          -2.19616
        ]
      },
      "properties": {
        "name": "Guayaquil",
        "ascii_name": "Guayaquil",
        "feature_class": "P",
        "feature_code": "PPLA",
        "country_code": "EC",
        "cou_name_en": "Ecuador",
        "population": 2723665,
        "dem": 14,
        "timezone": "America/Guayaquil",
        "modification_date": "2024-11-09"
      }
    },
    {
      "type": "Feature",
      "geometry": {
        "type": "Point",
        "coordinates": [
          31.20861,
          30.00944
        ]
      },
      "properties": {
        "name": "Giza",
        "ascii_name": "Giza",
        "feature_class": "P",
        "feature_code": "PPLA",
        "country_code": "EG",
        "cou_name_en": "Egypt",
        "population": 4367343,
        "dem": 19,
        "timezone": "Africa/Cairo",
        "modification_date": "2024-04-01"
      }
    },
    {
      "type": "Feature",
      "geometry": {
        "type": "Point",
        "coordinates": [
          -3.70256,
          40.4165
        ]
      },
      "properties": {
        "name": "Madrid",
        "ascii_name": "Madrid",
        "feature_class": "P",
        "feature_code": "PPLC",
        "country_code": "ES",
        "cou_name_en": "Spain",
        "population": 3255944,
        "dem": 665,
        "timezone": "Europe/Madrid",
        "modification_date": "2025-03-09"
      }
    },
    {
      "type": "Feature",
      "geometry": {
        "type": "Point",
        "coordinates": [
          2.3488,
          48.85341
        ]
      },
      "properties": {
        "name": "Paris",
        "ascii_name": "Paris",
        "feature_class": "P",
        "feature_code": "PPLC",
        "country_code": "FR",
        "cou_name_en": "France",
        "population": 2138551,
        "dem": 42,
        "timezone": "Europe/Paris",
        "modification_date": "2025-11-01"
      }
    },
    {
      "type": "Feature",
      "geometry": {
        "type": "Point",
        "coordinates": [
          -100.31721,
          25.68435
        ]
      },
      "properties": {
        "name": "Monterrey",
        "ascii_name": "Monterrey",
        "feature_class": "P",
        "feature_code": "PPLA",
        "country_code": "MX",
        "cou_name_en": "Mexico",
        "population": 1135512,
        "dem": 560,
        "timezone": "America/Monterrey",
        "modification_date": "2025-05-15"
      }
    },
    {
      "type": "Feature",
      "geometry": {
        "type": "Point",
        "coordinates": [
          119.21556,
          34.59845
        ]
      },
      "properties": {
        "name": "Lianyungang",
        "ascii_name": "Lianyungang",
        "feature_class": "P",
        "feature_code": "PPLA2",
        "country_code": "CN",
        "cou_name_en": "China",
        "population": 2001009,
        "dem": 1,
        "timezone": "Asia/Shanghai",
        "modification_date": "2025-08-20"
      }
    },
    {
      "type": "Feature",
      "geometry": {
        "type": "Point",
        "coordinates": [
          108.39586,
          30.76451
        ]
      },
      "properties": {
        "name": "Wanzhou",
        "ascii_name": "Wanzhou",
        "feature_class": "P",
        "feature_code": "PPLA3",
        "country_code": "CN",
        "cou_name_en": "China",
        "population": 1545900,
        "dem": 205,
        "timezone": "Asia/Shanghai",
        "modification_date": "2025-08-30"
      }
    },
    {
      "type": "Feature",
      "geometry": {
        "type": "Point",
        "coordinates": [
          119.30611,
          26.06139
        ]
      },
      "properties": {
        "name": "Fuzhou",
        "ascii_name": "Fuzhou",
        "feature_class": "P",
        "feature_code": "PPLA",
        "country_code": "CN",
        "cou_name_en": "China",
        "population": 3740000,
        "dem": 14,
        "timezone": "Asia/Shanghai",
        "modification_date": "2025-02-27"
      }
    },
    {
      "type": "Feature",
      "geometry": {
        "type": "Point",
        "coordinates": [
          -38.49096,
          -12.97563
        ]
      },
      "properties": {
        "name": "Salvador",
        "ascii_name": "Salvador",
        "feature_class": "P",
        "feature_code": "PPLA",
        "country_code": "BR",
        "cou_name_en": "Brazil",
        "population": 2711840,
        "dem": 4,
        "timezone": "America/Bahia",
        "modification_date": "2025-10-12"
      }
    },
    {
      "type": "Feature",
      "geometry": {
        "type": "Point",
        "coordinates": [
          54.39696,
          24.45118
        ]
      },
      "properties": {
        "name": "Abu Dhabi",
        "ascii_name": "Abu Dhabi",
        "feature_class": "P",
        "feature_code": "PPLC",
        "country_code": "AE",
        "cou_name_en": "United Arab Emirates",
        "population": 1807000,
        "dem": 6,
        "timezone": "Asia/Dubai",
        "modification_date": "2024-03-27"
      }
    },
    {
      "type": "Feature",
      "geometry": {
        "type": "Point",
        "coordinates": [
          44.5126,
          40.17765
        ]
      },
      "properties": {
        "name": "Yerevan",
        "ascii_name": "Yerevan",
        "feature_class": "P",
        "feature_code": "PPLC",
        "country_code": "AM",
        "cou_name_en": "Armenia",
        "population": 1141100,
        "dem": 1002,
        "timezone": "Asia/Yerevan",
        "modification_date": "2025-12-09"
      }
    },
    {
      "type": "Feature",
      "geometry": {
        "type": "Point",
        "coordinates": [
          -64.18853,
          -31.40648
        ]
      },
      "properties": {
        "name": "Córdoba",
        "ascii_name": "Cordoba",
        "feature_class": "P",
        "feature_code": "PPLA",
        "country_code": "AR",
        "cou_name_en": "Argentina",
        "population": 2106734,
        "dem": 378,
        "timezone": "America/Argentina/Cordoba",
        "modification_date": "2025-06-10"
      }
    },
    {
      "type": "Feature",
      "geometry": {
        "type": "Point",
        "coordinates": [
          -73.86641,
          40.84985
        ]
      },
      "properties": {
        "name": "The Bronx",
        "ascii_name": "The Bronx",
        "feature_class": "P",
        "feature_code": "PPLA2",
        "country_code": "US",
        "cou_name_en": "United States",
        "population": 1385108,
        "dem": 19,
        "timezone": "America/New_York",
        "modification_date": "2024-11-21",
        "label_pos": "top"
      }
    },
    {
      "type": "Feature",
      "geometry": {
        "type": "Point",
        "coordinates": [
          27.13838,
          38.41273
        ]
      },
      "properties": {
        "name": "İzmir",
        "ascii_name": "Izmir",
        "feature_class": "P",
        "feature_code": "PPLA",
        "country_code": "TR",
        "cou_name_en": "Turkey",
        "population": 2938292,
        "dem": 122,
        "timezone": "Europe/Istanbul",
        "modification_date": "2025-09-05"
      }
    },
    {
      "type": "Feature",
      "geometry": {
        "type": "Point",
        "coordinates": [
          121.0509,
          14.6488
        ]
      },
      "properties": {
        "name": "Quezon City",
        "ascii_name": "Quezon City",
        "feature_class": "P",
        "feature_code": "PPLA2",
        "country_code": "PH",
        "cou_name_en": "Philippines",
        "population": 3084270,
        "dem": 49,
        "timezone": "Asia/Manila",
        "modification_date": "2025-09-24"
      }
    },
    {
      "type": "Feature",
      "geometry": {
        "type": "Point",
        "coordinates": [
          125.61278,
          7.07306
        ]
      },
      "properties": {
        "name": "Davao",
        "ascii_name": "Davao",
        "feature_class": "P",
        "feature_code": "PPLA",
        "country_code": "PH",
        "cou_name_en": "Philippines",
        "population": 1848947,
        "dem": 13,
        "timezone": "Asia/Manila",
        "modification_date": "2025-09-24"
      }
    },
    {
      "type": "Feature",
      "geometry": {
        "type": "Point",
        "coordinates": [
          141.35,
          43.06667
        ]
      },
      "properties": {
        "name": "Sapporo",
        "ascii_name": "Sapporo",
        "feature_class": "P",
        "feature_code": "PPLA",
        "country_code": "JP",
        "cou_name_en": "Japan",
        "population": 1973832,
        "dem": 26,
        "timezone": "Asia/Tokyo",
        "modification_date": "2025-11-03"
      }
    },
    {
      "type": "Feature",
      "geometry": {
        "type": "Point",
        "coordinates": [
          129.31667,
          35.53722
        ]
      },
      "properties": {
        "name": "Ulsan",
        "ascii_name": "Ulsan",
        "feature_class": "P",
        "feature_code": "PPLA",
        "country_code": "KR",
        "cou_name_en": "Korea, Republic of",
        "population": 1095014,
        "dem": 10,
        "timezone": "Asia/Seoul",
        "modification_date": "2025-09-30"
      }
    },
    {
      "type": "Feature",
      "geometry": {
        "type": "Point",
        "coordinates": [
          126.91556,
          35.15472
        ]
      },
      "properties": {
        "name": "Gwangju",
        "ascii_name": "Gwangju",
        "feature_class": "P",
        "feature_code": "PPLA",
        "country_code": "KR",
        "cou_name_en": "Korea, Republic of",
        "population": 1398538,
        "dem": 47,
        "timezone": "Asia/Seoul",
        "modification_date": "2025-09-30"
      }
    },
    {
      "type": "Feature",
      "geometry": {
        "type": "Point",
        "coordinates": [
          -99.06224,
          19.35529
        ]
      },
      "properties": {
        "name": "Iztapalapa",
        "ascii_name": "Iztapalapa",
        "feature_class": "P",
        "feature_code": "PPL",
        "country_code": "MX",
        "cou_name_en": "Mexico",
        "population": 1835486,
        "dem": 2238,
        "timezone": "America/Mexico_City",
        "modification_date": "2025-10-22"
      }
    },
    {
      "type": "Feature",
      "geometry": {
        "type": "Point",
        "coordinates": [
          -1.89983,
          52.48142
        ]
      },
      "properties": {
        "name": "Birmingham",
        "ascii_name": "Birmingham",
        "feature_class": "P",
        "feature_code": "PPLA2",
        "country_code": "GB",
        "cou_name_en": "United Kingdom",
        "population": 1157603,
        "dem": 149,
        "timezone": "Europe/London",
        "modification_date": "2025-06-26"
      }
    },
    {
      "type": "Feature",
      "geometry": {
        "type": "Point",
        "coordinates": [
          114.11095,
          22.42441
        ]
      },
      "properties": {
        "name": "New Territories",
        "ascii_name": "New Territories",
        "feature_class": "P",
        "feature_code": "PPLX",
        "country_code": "HK",
        "cou_name_en": "Hong Kong, China",
        "population": 3984077,
        "dem": 231,
        "timezone": "Asia/Hong_Kong",
        "modification_date": "2024-03-14"
      }
    },
    {
      "type": "Feature",
      "geometry": {
        "type": "Point",
        "coordinates": [
          112.75083,
          -7.24917
        ]
      },
      "properties": {
        "name": "Surabaya",
        "ascii_name": "Surabaya",
        "feature_class": "P",
        "feature_code": "PPLA",
        "country_code": "ID",
        "cou_name_en": "Indonesia",
        "population": 2874314,
        "dem": 8,
        "timezone": "Asia/Jakarta",
        "modification_date": "2025-03-09"
      }
    },
    {
      "type": "Feature",
      "geometry": {
        "type": "Point",
        "coordinates": [
          103.83696,
          30.04392
        ]
      },
      "properties": {
        "name": "Meishan",
        "ascii_name": "Meishan",
        "feature_class": "P",
        "feature_code": "PPLA2",
        "country_code": "CN",
        "cou_name_en": "China",
        "population": 1107742,
        "dem": 423,
        "timezone": "Asia/Shanghai",
        "modification_date": "2021-10-19"
      }
    },
    {
      "type": "Feature",
      "geometry": {
        "type": "Point",
        "coordinates": [
          114.04272,
          33.56394
        ]
      },
      "properties": {
        "name": "Luohe",
        "ascii_name": "Luohe",
        "feature_class": "P",
        "feature_code": "PPLA2",
        "country_code": "CN",
        "cou_name_en": "China",
        "population": 1294974,
        "dem": 62,
        "timezone": "Asia/Shanghai",
        "modification_date": "2021-10-20"
      }
    },
    {
      "type": "Feature",
      "geometry": {
        "type": "Point",
        "coordinates": [
          118.34278,
          35.06306
        ]
      },
      "properties": {
        "name": "Linyi",
        "ascii_name": "Linyi",
        "feature_class": "P",
        "feature_code": "PPLA2",
        "country_code": "CN",
        "cou_name_en": "China",
        "population": 2743843,
        "dem": 69,
        "timezone": "Asia/Shanghai",
        "modification_date": "2024-07-20"
      }
    },
    {
      "type": "Feature",
      "geometry": {
        "type": "Point",
        "coordinates": [
          112.34733,
          28.56938
        ]
      },
      "properties": {
        "name": "Heshan",
        "ascii_name": "Heshan",
        "feature_class": "P",
        "feature_code": "PPLA2",
        "country_code": "CN",
        "cou_name_en": "China",
        "population": 1249807,
        "dem": 73,
        "timezone": "Asia/Shanghai",
        "modification_date": "2024-12-12"
      }
    },
    {
      "type": "Feature",
      "geometry": {
        "type": "Point",
        "coordinates": [
          116.39723,
          39.9075
        ]
      },
      "properties": {
        "name": "Beijing",
        "ascii_name": "Beijing",
        "feature_class": "P",
        "feature_code": "PPLC",
        "country_code": "CN",
        "cou_name_en": "China",
        "population": 18960744,
        "dem": 49,
        "timezone": "Asia/Shanghai",
        "modification_date": "2025-07-22"
      }
    },
    {
      "type": "Feature",
      "geometry": {
        "type": "Point",
        "coordinates": [
          106.81861,
          -6.4
        ]
      },
      "properties": {
        "name": "Depok",
        "ascii_name": "Depok",
        "feature_class": "P",
        "feature_code": "PPL",
        "country_code": "ID",
        "cou_name_en": "Indonesia",
        "population": 2145400,
        "dem": 92,
        "timezone": "Asia/Jakarta",
        "modification_date": "2025-11-15"
      }
    },
    {
      "type": "Feature",
      "geometry": {
        "type": "Point",
        "coordinates": [
          106.71789,
          -6.28862
        ]
      },
      "properties": {
        "name": "South Tangerang",
        "ascii_name": "South Tangerang",
        "feature_class": "P",
        "feature_code": "PPL",
        "country_code": "ID",
        "cou_name_en": "Indonesia",
        "population": 1404785,
        "dem": 39,
        "timezone": "Asia/Jakarta",
        "modification_date": "2024-05-30"
      }
    },
    {
      "type": "Feature",
      "geometry": {
        "type": "Point",
        "coordinates": [
          47.81507,
          30.50316
        ]
      },
      "properties": {
        "name": "Al Başrah al Qadīmah",
        "ascii_name": "Al Basrah al Qadimah",
        "feature_class": "P",
        "feature_code": "PPLX",
        "country_code": "IQ",
        "cou_name_en": "Iraq",
        "population": 2015483,
        "dem": 7,
        "timezone": "Asia/Baghdad",
        "modification_date": "2016-06-22"
      }
    },
    {
      "type": "Feature",
      "geometry": {
        "type": "Point",
        "coordinates": [
          -51.23019,
          -30.03283
        ]
      },
      "properties": {
        "name": "Porto Alegre",
        "ascii_name": "Porto Alegre",
        "feature_class": "P",
        "feature_code": "PPLA",
        "country_code": "BR",
        "cou_name_en": "Brazil",
        "population": 1488252,
        "dem": 46,
        "timezone": "America/Sao_Paulo",
        "modification_date": "2023-02-21"
      }
    },
    {
      "type": "Feature",
      "geometry": {
        "type": "Point",
        "coordinates": [
          30.05885,
          -1.94995
        ]
      },
      "properties": {
        "name": "Kigali",
        "ascii_name": "Kigali",
        "feature_class": "P",
        "feature_code": "PPLC",
        "country_code": "RW",
        "cou_name_en": "Rwanda",
        "population": 1132686,
        "dem": 1542,
        "timezone": "Africa/Kigali",
        "modification_date": "2021-11-09"
      }
    },
    {
      "type": "Feature",
      "geometry": {
        "type": "Point",
        "coordinates": [
          35.48528,
          38.73222
        ]
      },
      "properties": {
        "name": "Kayseri",
        "ascii_name": "Kayseri",
        "feature_class": "P",
        "feature_code": "PPLA",
        "country_code": "TR",
        "cou_name_en": "Turkey",
        "population": 1434357,
        "dem": 1054,
        "timezone": "Europe/Istanbul",
        "modification_date": "2025-06-02"
      }
    },
    {
      "type": "Feature",
      "geometry": {
        "type": "Point",
        "coordinates": [
          7.43879,
          10.52641
        ]
      },
      "properties": {
        "name": "Kaduna",
        "ascii_name": "Kaduna",
        "feature_class": "P",
        "feature_code": "PPLA",
        "country_code": "NG",
        "cou_name_en": "Nigeria",
        "population": 1850000,
        "dem": 626,
        "timezone": "Africa/Lagos",
        "modification_date": "2024-01-18"
      }
    },
    {
      "type": "Feature",
      "geometry": {
        "type": "Point",
        "coordinates": [
          -68.00044,
          10.16153
        ]
      },
      "properties": {
        "name": "Valencia",
        "ascii_name": "Valencia",
        "feature_class": "P",
        "feature_code": "PPLA",
        "country_code": "VE",
        "cou_name_en": "Venezuela, Bolivarian Rep. of",
        "population": 1619470,
        "dem": 547,
        "timezone": "America/Caracas",
        "modification_date": "2025-05-15",
        "label_pos": "top"
      }
    },
    {
      "type": "Feature",
      "geometry": {
        "type": "Point",
        "coordinates": [
          116.99694,
          32.62639
        ]
      },
      "properties": {
        "name": "Huainan",
        "ascii_name": "Huainan",
        "feature_class": "P",
        "feature_code": "PPL",
        "country_code": "CN",
        "cou_name_en": "China",
        "population": 1666826,
        "dem": 47,
        "timezone": "Asia/Shanghai",
        "modification_date": "2025-08-20"
      }
    },
    {
      "type": "Feature",
      "geometry": {
        "type": "Point",
        "coordinates": [
          110.29639,
          25.28022
        ]
      },
      "properties": {
        "name": "Guilin",
        "ascii_name": "Guilin",
        "feature_class": "P",
        "feature_code": "PPLA2",
        "country_code": "CN",
        "cou_name_en": "China",
        "population": 1572300,
        "dem": 141,
        "timezone": "Asia/Shanghai",
        "modification_date": "2021-10-13"
      }
    },
    {
      "type": "Feature",
      "geometry": {
        "type": "Point",
        "coordinates": [
          112.97087,
          28.19874
        ]
      },
      "properties": {
        "name": "Changsha",
        "ascii_name": "Changsha",
        "feature_class": "P",
        "feature_code": "PPLA",
        "country_code": "CN",
        "cou_name_en": "China",
        "population": 3093980,
        "dem": 67,
        "timezone": "Asia/Shanghai",
        "modification_date": "2024-05-14"
      }
    },
    {
      "type": "Feature",
      "geometry": {
        "type": "Point",
        "coordinates": [
          55.30927,
          25.07725
        ]
      },
      "properties": {
        "name": "Dubai",
        "ascii_name": "Dubai",
        "feature_class": "P",
        "feature_code": "PPLA",
        "country_code": "AE",
        "cou_name_en": "United Arab Emirates",
        "population": 3790000,
        "dem": 24,
        "timezone": "Asia/Dubai",
        "modification_date": "2025-04-17"
      }
    },
    {
      "type": "Feature",
      "geometry": {
        "type": "Point",
        "coordinates": [
          115.8614,
          -31.95224
        ]
      },
      "properties": {
        "name": "Perth",
        "ascii_name": "Perth",
        "feature_class": "P",
        "feature_code": "PPLA",
        "country_code": "AU",
        "cou_name_en": "Australia",
        "population": 2309338,
        "dem": 34,
        "timezone": "Australia/Perth",
        "modification_date": "2025-06-10"
      }
    },
    {
      "type": "Feature",
      "geometry": {
        "type": "Point",
        "coordinates": [
          144.96332,
          -37.814
        ]
      },
      "properties": {
        "name": "Melbourne",
        "ascii_name": "Melbourne",
        "feature_class": "P",
        "feature_code": "PPLA",
        "country_code": "AU",
        "cou_name_en": "Australia",
        "population": 5350705,
        "dem": 25,
        "timezone": "Australia/Melbourne",
        "modification_date": "2025-08-27"
      }
    },
    {
      "type": "Feature",
      "geometry": {
        "type": "Point",
        "coordinates": [
          139.71722,
          35.52056
        ]
      },
      "properties": {
        "name": "Kawasaki",
        "ascii_name": "Kawasaki",
        "feature_class": "P",
        "feature_code": "PPLA2",
        "country_code": "JP",
        "cou_name_en": "Japan",
        "population": 1538262,
        "dem": 1,
        "timezone": "Asia/Tokyo",
        "modification_date": "2024-12-29"
      }
    },
    {
      "type": "Feature",
      "geometry": {
        "type": "Point",
        "coordinates": [
          47.53613,
          -18.91368
        ]
      },
      "properties": {
        "name": "Antananarivo",
        "ascii_name": "Antananarivo",
        "feature_class": "P",
        "feature_code": "PPLC",
        "country_code": "MG",
        "cou_name_en": "Madagascar",
        "population": 1349501,
        "dem": 1274,
        "timezone": "Indian/Antananarivo",
        "modification_date": "2025-05-18"
      }
    },
    {
      "type": "Feature",
      "geometry": {
        "type": "Point",
        "coordinates": [
          -99.06064,
          19.60492
        ]
      },
      "properties": {
        "name": "Ecatepec de Morelos",
        "ascii_name": "Ecatepec de Morelos",
        "feature_class": "P",
        "feature_code": "PPLA2",
        "country_code": "MX",
        "cou_name_en": "Mexico",
        "population": 1645352,
        "dem": 2306,
        "timezone": "America/Mexico_City",
        "modification_date": "2025-07-31"
      }
    },
    {
      "type": "Feature",
      "geometry": {
        "type": "Point",
        "coordinates": [
          37.3825,
          37.05944
        ]
      },
      "properties": {
        "name": "Gaziantep",
        "ascii_name": "Gaziantep",
        "feature_class": "P",
        "feature_code": "PPLA",
        "country_code": "TR",
        "cou_name_en": "Turkey",
        "population": 2130432,
        "dem": 842,
        "timezone": "Europe/Istanbul",
        "modification_date": "2025-06-02"
      }
    },
    {
      "type": "Feature",
      "geometry": {
        "type": "Point",
        "coordinates": [
          114.18419,
          22.26302
        ]
      },
      "properties": {
        "name": "Hong Kong Island",
        "ascii_name": "Hong Kong Island",
        "feature_class": "P",
        "feature_code": "PPLX",
        "country_code": "HK",
        "cou_name_en": "Hong Kong, China",
        "population": 1195529,
        "dem": 170,
        "timezone": "Asia/Hong_Kong",
        "modification_date": "2024-03-14"
      }
    },
    {
      "type": "Feature",
      "geometry": {
        "type": "Point",
        "coordinates": [
          9.18951,
          45.46427
        ]
      },
      "properties": {
        "name": "Milan",
        "ascii_name": "Milan",
        "feature_class": "P",
        "feature_code": "PPLA",
        "country_code": "IT",
        "cou_name_en": "Italy",
        "population": 1371498,
        "dem": 127,
        "timezone": "Europe/Rome",
        "modification_date": "2025-07-07"
      }
    },
    {
      "type": "Feature",
      "geometry": {
        "type": "Point",
        "coordinates": [
          32.45889,
          -25.96222
        ]
      },
      "properties": {
        "name": "Matola",
        "ascii_name": "Matola",
        "feature_class": "P",
        "feature_code": "PPLA",
        "country_code": "MZ",
        "cou_name_en": "Mozambique",
        "population": 1198988,
        "dem": 42,
        "timezone": "Africa/Maputo",
        "modification_date": "2024-01-18"
      }
    },
    {
      "type": "Feature",
      "geometry": {
        "type": "Point",
        "coordinates": [
          -103.34749,
          20.67738
        ]
      },
      "properties": {
        "name": "Guadalajara",
        "ascii_name": "Guadalajara",
        "feature_class": "P",
        "feature_code": "PPLA",
        "country_code": "MX",
        "cou_name_en": "Mexico",
        "population": 1385629,
        "dem": 1546,
        "timezone": "America/Mexico_City",
        "modification_date": "2025-05-15"
      }
    },
    {
      "type": "Feature",
      "geometry": {
        "type": "Point",
        "coordinates": [
          -69.35703,
          10.0647
        ]
      },
      "properties": {
        "name": "Barquisimeto",
        "ascii_name": "Barquisimeto",
        "feature_class": "P",
        "feature_code": "PPLA",
        "country_code": "VE",
        "cou_name_en": "Venezuela, Bolivarian Rep. of",
        "population": 1240714,
        "dem": 606,
        "timezone": "America/Caracas",
        "modification_date": "2023-02-25"
      }
    },
    {
      "type": "Feature",
      "geometry": {
        "type": "Point",
        "coordinates": [
          110.671,
          -6.5924
        ]
      },
      "properties": {
        "name": "Jepara",
        "ascii_name": "Jepara",
        "feature_class": "P",
        "feature_code": "PPLA2",
        "country_code": "ID",
        "cou_name_en": "Indonesia",
        "population": 1257912,
        "dem": 5,
        "timezone": "Asia/Jakarta",
        "modification_date": "2023-02-09"
      }
    },
    {
      "type": "Feature",
      "geometry": {
        "type": "Point",
        "coordinates": [
          70.79322,
          22.29161
        ]
      },
      "properties": {
        "name": "Rājkot",
        "ascii_name": "Rajkot",
        "feature_class": "P",
        "feature_code": "PPL",
        "country_code": "IN",
        "cou_name_en": "India",
        "population": 1390640,
        "dem": 140,
        "timezone": "Asia/Kolkata",
        "modification_date": "2025-02-26"
      }
    },
    {
      "type": "Feature",
      "geometry": {
        "type": "Point",
        "coordinates": [
          80.34975,
          26.46523
        ]
      },
      "properties": {
        "name": "Kanpur",
        "ascii_name": "Kanpur",
        "feature_class": "P",
        "feature_code": "PPL",
        "country_code": "IN",
        "cou_name_en": "India",
        "population": 2823249,
        "dem": 137,
        "timezone": "Asia/Kolkata",
        "modification_date": "2025-03-09"
      }
    },
    {
      "type": "Feature",
      "geometry": {
        "type": "Point",
        "coordinates": [
          72.58727,
          23.02579
        ]
      },
      "properties": {
        "name": "Ahmedabad",
        "ascii_name": "Ahmedabad",
        "feature_class": "P",
        "feature_code": "PPL",
        "country_code": "IN",
        "cou_name_en": "India",
        "population": 6357693,
        "dem": 56,
        "timezone": "Asia/Kolkata",
        "modification_date": "2024-01-06"
      }
    },
    {
      "type": "Feature",
      "geometry": {
        "type": "Point",
        "coordinates": [
          43.11889,
          36.335
        ]
      },
      "properties": {
        "name": "Mosul",
        "ascii_name": "Mosul",
        "feature_class": "P",
        "feature_code": "PPLA",
        "country_code": "IQ",
        "cou_name_en": "Iraq",
        "population": 1683000,
        "dem": 228,
        "timezone": "Asia/Baghdad",
        "modification_date": "2024-02-14"
      }
    },
    {
      "type": "Feature",
      "geometry": {
        "type": "Point",
        "coordinates": [
          122.07389,
          6.91028
        ]
      },
      "properties": {
        "name": "Zamboanga",
        "ascii_name": "Zamboanga",
        "feature_class": "P",
        "feature_code": "PPLA2",
        "country_code": "PH",
        "cou_name_en": "Philippines",
        "population": 1018849,
        "dem": 9,
        "timezone": "Asia/Manila",
        "modification_date": "2025-09-24"
      }
    },
    {
      "type": "Feature",
      "geometry": {
        "type": "Point",
        "coordinates": [
          120.57864,
          30.00237
        ]
      },
      "properties": {
        "name": "Shaoxing",
        "ascii_name": "Shaoxing",
        "feature_class": "P",
        "feature_code": "PPLA3",
        "country_code": "CN",
        "cou_name_en": "China",
        "population": 2300000,
        "dem": 21,
        "timezone": "Asia/Shanghai",
        "modification_date": "2025-10-18"
      }
    },
    {
      "type": "Feature",
      "geometry": {
        "type": "Point",
        "coordinates": [
          116.36581,
          23.5418
        ]
      },
      "properties": {
        "name": "Jieyang",
        "ascii_name": "Jieyang",
        "feature_class": "P",
        "feature_code": "PPLA2",
        "country_code": "CN",
        "cou_name_en": "China",
        "population": 1899394,
        "dem": 7,
        "timezone": "Asia/Shanghai",
        "modification_date": "2021-10-07"
      }
    },
    {
      "type": "Feature",
      "geometry": {
        "type": "Point",
        "coordinates": [
          110.34651,
          20.03421
        ]
      },
      "properties": {
        "name": "Haikou",
        "ascii_name": "Haikou",
        "feature_class": "P",
        "feature_code": "PPLA",
        "country_code": "CN",
        "cou_name_en": "China",
        "population": 2873358,
        "dem": 9,
        "timezone": "Asia/Shanghai",
        "modification_date": "2025-10-12"
      }
    },
    {
      "type": "Feature",
      "geometry": {
        "type": "Point",
        "coordinates": [
          111.65222,
          40.81056
        ]
      },
      "properties": {
        "name": "Hohhot",
        "ascii_name": "Hohhot",
        "feature_class": "P",
        "feature_code": "PPLA",
        "country_code": "CN",
        "cou_name_en": "China",
        "population": 2350000,
        "dem": 1051,
        "timezone": "Asia/Shanghai",
        "modification_date": "2025-06-12"
      }
    },
    {
      "type": "Feature",
      "geometry": {
        "type": "Point",
        "coordinates": [
          123.94363,
          41.88669
        ]
      },
      "properties": {
        "name": "Fushun",
        "ascii_name": "Fushun",
        "feature_class": "P",
        "feature_code": "PPLA2",
        "country_code": "CN",
        "cou_name_en": "China",
        "population": 1400646,
        "dem": 85,
        "timezone": "Asia/Shanghai",
        "modification_date": "2021-09-20"
      }
    },
    {
      "type": "Feature",
      "geometry": {
        "type": "Point",
        "coordinates": [
          119.40259,
          35.99502
        ]
      },
      "properties": {
        "geoname_id": "7602670",
        "name": "Zhu Cheng City",
        "ascii_name": "Zhu Cheng City",
        "alternate_names": null,
        "feature_class": "P",
        "feature_code": "PPLA3",
        "country_code": "CN",
        "cou_name_en": "China",
        "country_code_2": null,
        "admin1_code": "25",
        "admin2_code": "3707",
        "admin3_code": null,
        "admin4_code": null,
        "population": 1000000,
        "elevation": null,
        "dem": 67,
        "timezone": "Asia/Shanghai",
        "modification_date": "2021-09-20",
        "label_en": "China"
      }
    },
    {
      "type": "Feature",
      "geometry": {
        "type": "Point",
        "coordinates": [
          -47.92972,
          -15.77972
        ]
      },
      "properties": {
        "name": "Brasília",
        "ascii_name": "Brasilia",
        "feature_class": "P",
        "feature_code": "PPLC",
        "country_code": "BR",
        "cou_name_en": "Brazil",
        "population": 2207718,
        "dem": 1136,
        "timezone": "America/Sao_Paulo",
        "modification_date": "2024-06-29"
      }
    },
    {
      "type": "Feature",
      "geometry": {
        "type": "Point",
        "coordinates": [
          89.25166,
          25.74664
        ]
      },
      "properties": {
        "name": "Rangpur",
        "ascii_name": "Rangpur",
        "feature_class": "P",
        "feature_code": "PPLA",
        "country_code": "BD",
        "cou_name_en": "Bangladesh",
        "population": 1031388,
        "dem": 36,
        "timezone": "Asia/Dhaka",
        "modification_date": "2023-02-17"
      }
    },
    {
      "type": "Feature",
      "geometry": {
        "type": "Point",
        "coordinates": [
          -117.16472,
          32.71571
        ]
      },
      "properties": {
        "name": "San Diego",
        "ascii_name": "San Diego",
        "feature_class": "P",
        "feature_code": "PPLA2",
        "country_code": "US",
        "cou_name_en": "United States",
        "population": 1404452,
        "dem": 20,
        "timezone": "America/Los_Angeles",
        "modification_date": "2025-06-25",
        "label_pos": "top"
      }
    },
    {
      "type": "Feature",
      "geometry": {
        "type": "Point",
        "coordinates": [
          39.26951,
          -6.82349
        ]
      },
      "properties": {
        "name": "Dar es Salaam",
        "ascii_name": "Dar es Salaam",
        "feature_class": "P",
        "feature_code": "PPLA",
        "country_code": "TZ",
        "cou_name_en": "Tanzania, United Republic of",
        "population": 5383728,
        "dem": 24,
        "timezone": "Africa/Dar_es_Salaam",
        "modification_date": "2024-03-24"
      }
    },
    {
      "type": "Feature",
      "geometry": {
        "type": "Point",
        "coordinates": [
          50.10326,
          26.43442
        ]
      },
      "properties": {
        "name": "Dammam",
        "ascii_name": "Dammam",
        "feature_class": "P",
        "feature_code": "PPLA",
        "country_code": "SA",
        "cou_name_en": "Saudi Arabia",
        "population": 1252523,
        "dem": 10,
        "timezone": "Asia/Riyadh",
        "modification_date": "2025-03-14"
      }
    },
    {
      "type": "Feature",
      "geometry": {
        "type": "Point",
        "coordinates": [
          120.6839,
          24.1469
        ]
      },
      "properties": {
        "name": "Taichung",
        "ascii_name": "Taichung",
        "feature_class": "P",
        "feature_code": "PPLA2",
        "country_code": "TW",
        "cou_name_en": "Taiwan, China",
        "population": 2850285,
        "dem": 91,
        "timezone": "Asia/Taipei",
        "modification_date": "2025-06-14"
      }
    },
    {
      "type": "Feature",
      "geometry": {
        "type": "Point",
        "coordinates": [
          129.03004,
          35.10168
        ]
      },
      "properties": {
        "name": "Busan",
        "ascii_name": "Busan",
        "feature_class": "P",
        "feature_code": "PPLA",
        "country_code": "KR",
        "cou_name_en": "Korea, Republic of",
        "population": 3343903,
        "dem": 15,
        "timezone": "Asia/Seoul",
        "modification_date": "2025-09-30"
      }
    },
    {
      "type": "Feature",
      "geometry": {
        "type": "Point",
        "coordinates": [
          76.9115,
          43.25249
        ]
      },
      "properties": {
        "name": "Almaty",
        "ascii_name": "Almaty",
        "feature_class": "P",
        "feature_code": "PPLA",
        "country_code": "KZ",
        "cou_name_en": "Kazakhstan",
        "population": 1977011,
        "dem": 783,
        "timezone": "Asia/Almaty",
        "modification_date": "2025-11-15"
      }
    },
    {
      "type": "Feature",
      "geometry": {
        "type": "Point",
        "coordinates": [
          -13.67729,
          9.53795
        ]
      },
      "properties": {
        "name": "Conakry",
        "ascii_name": "Conakry",
        "feature_class": "P",
        "feature_code": "PPLC",
        "country_code": "GN",
        "cou_name_en": "Guinea",
        "population": 1928389,
        "dem": 13,
        "timezone": "Africa/Conakry",
        "modification_date": "2023-12-20"
      }
    },
    {
      "type": "Feature",
      "geometry": {
        "type": "Point",
        "coordinates": [
          106.84513,
          -6.21462
        ]
      },
      "properties": {
        "name": "Jakarta",
        "ascii_name": "Jakarta",
        "feature_class": "P",
        "feature_code": "PPLC",
        "country_code": "ID",
        "cou_name_en": "Indonesia",
        "population": 8540121,
        "dem": 16,
        "timezone": "Asia/Jakarta",
        "modification_date": "2024-10-08"
      }
    },
    {
      "type": "Feature",
      "geometry": {
        "type": "Point",
        "coordinates": [
          80.6466,
          16.50745
        ]
      },
      "properties": {
        "name": "Vijayawada",
        "ascii_name": "Vijayawada",
        "feature_class": "P",
        "feature_code": "PPL",
        "country_code": "IN",
        "cou_name_en": "India",
        "population": 1143232,
        "dem": 47,
        "timezone": "Asia/Kolkata",
        "modification_date": "2025-02-26"
      }
    },
    {
      "type": "Feature",
      "geometry": {
        "type": "Point",
        "coordinates": [
          88.36304,
          22.56263
        ]
      },
      "properties": {
        "name": "Kolkata",
        "ascii_name": "Kolkata",
        "feature_class": "P",
        "feature_code": "PPLA",
        "country_code": "IN",
        "cou_name_en": "India",
        "population": 4631392,
        "dem": 11,
        "timezone": "Asia/Kolkata",
        "modification_date": "2024-05-27"
      }
    },
    {
      "type": "Feature",
      "geometry": {
        "type": "Point",
        "coordinates": [
          51.42151,
          35.69439
        ]
      },
      "properties": {
        "name": "Tehran",
        "ascii_name": "Tehran",
        "feature_class": "P",
        "feature_code": "PPLC",
        "country_code": "IR",
        "cou_name_en": "Iran, Islamic Rep. of",
        "population": 7153309,
        "dem": 1178,
        "timezone": "Asia/Tehran",
        "modification_date": "2024-03-26"
      }
    },
    {
      "type": "Feature",
      "geometry": {
        "type": "Point",
        "coordinates": [
          4.54214,
          8.49664
        ]
      },
      "properties": {
        "name": "Ilorin",
        "ascii_name": "Ilorin",
        "feature_class": "P",
        "feature_code": "PPLA",
        "country_code": "NG",
        "cou_name_en": "Nigeria",
        "population": 1080000,
        "dem": 320,
        "timezone": "Africa/Lagos",
        "modification_date": "2024-01-18"
      }
    },
    {
      "type": "Feature",
      "geometry": {
        "type": "Point",
        "coordinates": [
          7.49508,
          9.05785
        ]
      },
      "properties": {
        "name": "Abuja",
        "ascii_name": "Abuja",
        "feature_class": "P",
        "feature_code": "PPLC",
        "country_code": "NG",
        "cou_name_en": "Nigeria",
        "population": 2690000,
        "dem": 476,
        "timezone": "Africa/Lagos",
        "modification_date": "2024-04-06"
      }
    },
    {
      "type": "Feature",
      "geometry": {
        "type": "Point",
        "coordinates": [
          10.74609,
          59.91273
        ]
      },
      "properties": {
        "name": "Oslo",
        "ascii_name": "Oslo",
        "feature_class": "P",
        "feature_code": "PPLC",
        "country_code": "NO",
        "cou_name_en": "Norway",
        "population": 1082575,
        "dem": 26,
        "timezone": "Europe/Oslo",
        "modification_date": "2024-08-27"
      }
    },
    {
      "type": "Feature",
      "geometry": {
        "type": "Point",
        "coordinates": [
          113.88288,
          22.55213
        ]
      },
      "properties": {
        "geoname_id": "13308620",
        "name": "Bao'an",
        "ascii_name": "Bao'an",
        "alternate_names": null,
        "feature_class": "P",
        "feature_code": "PPLA3",
        "country_code": "CN",
        "cou_name_en": "China",
        "country_code_2": null,
        "admin1_code": "30",
        "admin2_code": null,
        "admin3_code": null,
        "admin4_code": null,
        "population": 4476554,
        "elevation": null,
        "dem": -9999,
        "timezone": "Asia/Shanghai",
        "modification_date": "2025-05-08",
        "label_en": "China"
      }
    },
    {
      "type": "Feature",
      "geometry": {
        "type": "Point",
        "coordinates": [
          114.13149,
          22.54721
        ]
      },
      "properties": {
        "geoname_id": "13405906",
        "name": "Luohu District",
        "ascii_name": "Luohu District",
        "alternate_names": null,
        "feature_class": "P",
        "feature_code": "PPLX",
        "country_code": "CN",
        "cou_name_en": "China",
        "country_code_2": null,
        "admin1_code": "30",
        "admin2_code": "4403",
        "admin3_code": null,
        "admin4_code": null,
        "population": 1143801,
        "elevation": null,
        "dem": 2,
        "timezone": "Asia/Shanghai",
        "modification_date": "2025-07-12",
        "label_en": "China"
      }
    },
    {
      "type": "Feature",
      "geometry": {
        "type": "Point",
        "coordinates": [
          111.14436,
          37.5192
        ]
      },
      "properties": {
        "name": "Lüliang",
        "ascii_name": "Lueliang",
        "feature_class": "P",
        "feature_code": "PPLA2",
        "country_code": "CN",
        "cou_name_en": "China",
        "population": 3346500,
        "dem": 959,
        "timezone": "Asia/Shanghai",
        "modification_date": "2025-08-20"
      }
    },
    {
      "type": "Feature",
      "geometry": {
        "type": "Point",
        "coordinates": [
          3.08746,
          36.73225
        ]
      },
      "properties": {
        "name": "Algiers",
        "ascii_name": "Algiers",
        "feature_class": "P",
        "feature_code": "PPLC",
        "country_code": "DZ",
        "cou_name_en": "Algeria",
        "population": 2364230,
        "dem": 113,
        "timezone": "Africa/Algiers",
        "modification_date": "2024-08-05"
      }
    },
    {
      "type": "Feature",
      "geometry": {
        "type": "Point",
        "coordinates": [
          113.15,
          27.83333
        ]
      },
      "properties": {
        "name": "Zhuzhou",
        "ascii_name": "Zhuzhou",
        "feature_class": "P",
        "feature_code": "PPLA2",
        "country_code": "CN",
        "cou_name_en": "China",
        "population": 1129687,
        "dem": 54,
        "timezone": "Asia/Shanghai",
        "modification_date": "2021-10-20"
      }
    },
    {
      "type": "Feature",
      "geometry": {
        "type": "Point",
        "coordinates": [
          105.74238,
          34.57952
        ]
      },
      "properties": {
        "name": "Tianshui",
        "ascii_name": "Tianshui",
        "feature_class": "P",
        "feature_code": "PPLA3",
        "country_code": "CN",
        "cou_name_en": "China",
        "population": 1212791,
        "dem": 1153,
        "timezone": "Asia/Shanghai",
        "modification_date": "2025-08-18"
      }
    },
    {
      "type": "Feature",
      "geometry": {
        "type": "Point",
        "coordinates": [
          102.63202,
          37.92672
        ]
      },
      "properties": {
        "name": "Wuwei",
        "ascii_name": "Wuwei",
        "feature_class": "P",
        "feature_code": "PPLA2",
        "country_code": "CN",
        "cou_name_en": "China",
        "population": 1010295,
        "dem": 1542,
        "timezone": "Asia/Shanghai",
        "modification_date": "2021-12-17"
      }
    },
    {
      "type": "Feature",
      "geometry": {
        "type": "Point",
        "coordinates": [
          117.28083,
          31.86389
        ]
      },
      "properties": {
        "name": "Hefei",
        "ascii_name": "Hefei",
        "feature_class": "P",
        "feature_code": "PPLA",
        "country_code": "CN",
        "cou_name_en": "China",
        "population": 5050000,
        "dem": 24,
        "timezone": "Asia/Shanghai",
        "modification_date": "2024-04-01"
      }
    },
    {
      "type": "Feature",
      "geometry": {
        "type": "Point",
        "coordinates": [
          104.06667,
          30.66667
        ]
      },
      "properties": {
        "name": "Chengdu",
        "ascii_name": "Chengdu",
        "feature_class": "P",
        "feature_code": "PPLA",
        "country_code": "CN",
        "cou_name_en": "China",
        "population": 13568357,
        "dem": 499,
        "timezone": "Asia/Shanghai",
        "modification_date": "2025-10-22"
      }
    },
    {
      "type": "Feature",
      "geometry": {
        "type": "Point",
        "coordinates": [
          123.43278,
          41.79222
        ]
      },
      "properties": {
        "name": "Shenyang",
        "ascii_name": "Shenyang",
        "feature_class": "P",
        "feature_code": "PPLA",
        "country_code": "CN",
        "cou_name_en": "China",
        "population": 7050000,
        "dem": 53,
        "timezone": "Asia/Shanghai",
        "modification_date": "2024-03-26"
      }
    },
    {
      "type": "Feature",
      "geometry": {
        "type": "Point",
        "coordinates": [
          -35.73528,
          -9.66583
        ]
      },
      "properties": {
        "name": "Maceió",
        "ascii_name": "Maceio",
        "feature_class": "P",
        "feature_code": "PPLA",
        "country_code": "BR",
        "cou_name_en": "Brazil",
        "population": 1031597,
        "dem": 11,
        "timezone": "America/Maceio",
        "modification_date": "2025-10-01"
      }
    },
    {
      "type": "Feature",
      "geometry": {
        "type": "Point",
        "coordinates": [
          138.59863,
          -34.92866
        ]
      },
      "properties": {
        "name": "Adelaide",
        "ascii_name": "Adelaide",
        "feature_class": "P",
        "feature_code": "PPLA",
        "country_code": "AU",
        "cou_name_en": "Australia",
        "population": 1469163,
        "dem": 59,
        "timezone": "Australia/Adelaide",
        "modification_date": "2025-06-10"
      }
    },
    {
      "type": "Feature",
      "geometry": {
        "type": "Point",
        "coordinates": [
          90.42234,
          23.99844
        ]
      },
      "properties": {
        "name": "Gazipur",
        "ascii_name": "Gazipur",
        "feature_class": "P",
        "feature_code": "PPLA2",
        "country_code": "BD",
        "cou_name_en": "Bangladesh",
        "population": 2674697,
        "dem": 12,
        "timezone": "Asia/Dhaka",
        "modification_date": "2024-08-02"
      }
    },
    {
      "type": "Feature",
      "geometry": {
        "type": "Point",
        "coordinates": [
          44.4976,
          48.71378
        ]
      },
      "properties": {
        "name": "Volgograd",
        "ascii_name": "Volgograd",
        "feature_class": "P",
        "feature_code": "PPLA",
        "country_code": "RU",
        "cou_name_en": "Russian Federation",
        "population": 1013533,
        "dem": 42,
        "timezone": "Europe/Volgograd",
        "modification_date": "2025-09-09"
      }
    },
    {
      "type": "Feature",
      "geometry": {
        "type": "Point",
        "coordinates": [
          128.59111,
          35.87028
        ]
      },
      "properties": {
        "name": "Daegu",
        "ascii_name": "Daegu",
        "feature_class": "P",
        "feature_code": "PPLA",
        "country_code": "KR",
        "cou_name_en": "Korea, Republic of",
        "population": 2365523,
        "dem": 45,
        "timezone": "Asia/Seoul",
        "modification_date": "2025-10-12"
      }
    },
    {
      "type": "Feature",
      "geometry": {
        "type": "Point",
        "coordinates": [
          128.68111,
          35.22806
        ]
      },
      "properties": {
        "name": "Changwon",
        "ascii_name": "Changwon",
        "feature_class": "P",
        "feature_code": "PPLA",
        "country_code": "KR",
        "cou_name_en": "Korea, Republic of",
        "population": 1025702,
        "dem": 27,
        "timezone": "Asia/Seoul",
        "modification_date": "2023-11-27"
      }
    },
    {
      "type": "Feature",
      "geometry": {
        "type": "Point",
        "coordinates": [
          -10.7969,
          6.30054
        ]
      },
      "properties": {
        "name": "Monrovia",
        "ascii_name": "Monrovia",
        "feature_class": "P",
        "feature_code": "PPLC",
        "country_code": "LR",
        "cou_name_en": "Liberia",
        "population": 1542549,
        "dem": 32,
        "timezone": "Africa/Monrovia",
        "modification_date": "2023-12-21"
      }
    },
    {
      "type": "Feature",
      "geometry": {
        "type": "Point",
        "coordinates": [
          85.3094,
          23.34316
        ]
      },
      "properties": {
        "name": "Ranchi",
        "ascii_name": "Ranchi",
        "feature_class": "P",
        "feature_code": "PPLA",
        "country_code": "IN",
        "cou_name_en": "India",
        "population": 1120374,
        "dem": 643,
        "timezone": "Asia/Kolkata",
        "modification_date": "2024-01-07"
      }
    },
    {
      "type": "Feature",
      "geometry": {
        "type": "Point",
        "coordinates": [
          -0.12574,
          51.50853
        ]
      },
      "properties": {
        "name": "London",
        "ascii_name": "London",
        "feature_class": "P",
        "feature_code": "PPLC",
        "country_code": "GB",
        "cou_name_en": "United Kingdom",
        "population": 8961989,
        "dem": 25,
        "timezone": "Europe/London",
        "modification_date": "2025-07-22"
      }
    },
    {
      "type": "Feature",
      "geometry": {
        "type": "Point",
        "coordinates": [
          3.90591,
          7.37756
        ]
      },
      "properties": {
        "name": "Ibadan",
        "ascii_name": "Ibadan",
        "feature_class": "P",
        "feature_code": "PPLA",
        "country_code": "NG",
        "cou_name_en": "Nigeria",
        "population": 3649000,
        "dem": 181,
        "timezone": "Africa/Lagos",
        "modification_date": "2025-03-11"
      }
    },
    {
      "type": "Feature",
      "geometry": {
        "type": "Point",
        "coordinates": [
          68.37718,
          25.39689
        ]
      },
      "properties": {
        "name": "Hyderabad",
        "ascii_name": "Hyderabad",
        "feature_class": "P",
        "feature_code": "PPLA2",
        "country_code": "PK",
        "cou_name_en": "Pakistan",
        "population": 1921275,
        "dem": 14,
        "timezone": "Asia/Karachi",
        "modification_date": "2025-02-04"
      }
    },
    {
      "type": "Feature",
      "geometry": {
        "type": "Point",
        "coordinates": [
          92.93136,
          56.03742
        ]
      },
      "properties": {
        "name": "Krasnoyarsk",
        "ascii_name": "Krasnoyarsk",
        "feature_class": "P",
        "feature_code": "PPLA",
        "country_code": "RU",
        "cou_name_en": "Russian Federation",
        "population": 1090811,
        "dem": 182,
        "timezone": "Asia/Krasnoyarsk",
        "modification_date": "2025-09-09"
      }
    },
    {
      "type": "Feature",
      "geometry": {
        "type": "Point",
        "coordinates": [
          61.42877,
          55.1611
        ]
      },
      "properties": {
        "name": "Chelyabinsk",
        "ascii_name": "Chelyabinsk",
        "feature_class": "P",
        "feature_code": "PPLA",
        "country_code": "RU",
        "cou_name_en": "Russian Federation",
        "population": 1202371,
        "dem": 232,
        "timezone": "Asia/Yekaterinburg",
        "modification_date": "2025-09-09"
      }
    },
    {
      "type": "Feature",
      "geometry": {
        "type": "Point",
        "coordinates": [
          39.18624,
          21.49012
        ]
      },
      "properties": {
        "name": "Jeddah",
        "ascii_name": "Jeddah",
        "feature_class": "P",
        "feature_code": "PPL",
        "country_code": "SA",
        "cou_name_en": "Saudi Arabia",
        "population": 4697000,
        "dem": 7,
        "timezone": "Asia/Riyadh",
        "modification_date": "2024-04-21"
      }
    },
    {
      "type": "Feature",
      "geometry": {
        "type": "Point",
        "coordinates": [
          -95.36327,
          29.76328
        ]
      },
      "properties": {
        "name": "Houston",
        "ascii_name": "Houston",
        "feature_class": "P",
        "feature_code": "PPLA2",
        "country_code": "US",
        "cou_name_en": "United States",
        "population": 2314157,
        "dem": 30,
        "timezone": "America/Chicago",
        "modification_date": "2025-05-08"
      }
    },
    {
      "type": "Feature",
      "geometry": {
        "type": "Point",
        "coordinates": [
          106.68345,
          20.86481
        ]
      },
      "properties": {
        "name": "Haiphong",
        "ascii_name": "Haiphong",
        "feature_class": "P",
        "feature_code": "PPLA",
        "country_code": "VN",
        "cou_name_en": "Viet Nam",
        "population": 2625200,
        "dem": 12,
        "timezone": "Asia/Bangkok",
        "modification_date": "2025-07-29"
      }
    },
    {
      "type": "Feature",
      "geometry": {
        "type": "Point",
        "coordinates": [
          -74.78132,
          10.96854
        ]
      },
      "properties": {
        "name": "Barranquilla",
        "ascii_name": "Barranquilla",
        "feature_class": "P",
        "feature_code": "PPLA",
        "country_code": "CO",
        "cou_name_en": "Colombia",
        "population": 1206319,
        "dem": 24,
        "timezone": "America/Bogota",
        "modification_date": "2022-08-11"
      }
    },
    {
      "type": "Feature",
      "geometry": {
        "type": "Point",
        "coordinates": [
          115.65,
          34.45
        ]
      },
      "properties": {
        "name": "Shangqiu",
        "ascii_name": "Shangqiu",
        "feature_class": "P",
        "feature_code": "PPL",
        "country_code": "CN",
        "cou_name_en": "China",
        "population": 1536392,
        "dem": 51,
        "timezone": "Asia/Shanghai",
        "modification_date": "2021-10-18"
      }
    },
    {
      "type": "Feature",
      "geometry": {
        "type": "Point",
        "coordinates": [
          118.18319,
          39.64381
        ]
      },
      "properties": {
        "name": "Tangshan",
        "ascii_name": "Tangshan",
        "feature_class": "P",
        "feature_code": "PPLA2",
        "country_code": "CN",
        "cou_name_en": "China",
        "population": 3372102,
        "dem": 7,
        "timezone": "Asia/Shanghai",
        "modification_date": "2025-05-23"
      }
    },
    {
      "type": "Feature",
      "geometry": {
        "type": "Point",
        "coordinates": [
          118.29583,
          33.94917
        ]
      },
      "properties": {
        "name": "Suqian",
        "ascii_name": "Suqian",
        "feature_class": "P",
        "feature_code": "PPLA2",
        "country_code": "CN",
        "cou_name_en": "China",
        "population": 1437685,
        "dem": 23,
        "timezone": "Asia/Shanghai",
        "modification_date": "2025-08-20"
      }
    },
    {
      "type": "Feature",
      "geometry": {
        "type": "Point",
        "coordinates": [
          106.08473,
          30.79508
        ]
      },
      "properties": {
        "name": "Nanchong",
        "ascii_name": "Nanchong",
        "feature_class": "P",
        "feature_code": "PPLA2",
        "country_code": "CN",
        "cou_name_en": "China",
        "population": 1858875,
        "dem": 287,
        "timezone": "Asia/Shanghai",
        "modification_date": "2021-10-19"
      }
    },
    {
      "type": "Feature",
      "geometry": {
        "type": "Point",
        "coordinates": [
          120.16142,
          30.29365
        ]
      },
      "properties": {
        "name": "Hangzhou",
        "ascii_name": "Hangzhou",
        "feature_class": "P",
        "feature_code": "PPLA",
        "country_code": "CN",
        "cou_name_en": "China",
        "population": 9236032,
        "dem": 12,
        "timezone": "Asia/Shanghai",
        "modification_date": "2024-05-21"
      }
    },
    {
      "type": "Feature",
      "geometry": {
        "type": "Point",
        "coordinates": [
          113.25,
          23.11667
        ]
      },
      "properties": {
        "name": "Guangzhou",
        "ascii_name": "Guangzhou",
        "feature_class": "P",
        "feature_code": "PPLA",
        "country_code": "CN",
        "cou_name_en": "China",
        "population": 16096724,
        "dem": 15,
        "timezone": "Asia/Shanghai",
        "modification_date": "2025-10-22"
      }
    },
    {
      "type": "Feature",
      "geometry": {
        "type": "Point",
        "coordinates": [
          115.81667,
          32.9
        ]
      },
      "properties": {
        "name": "Fuyang",
        "ascii_name": "Fuyang",
        "feature_class": "P",
        "feature_code": "PPLA2",
        "country_code": "CN",
        "cou_name_en": "China",
        "population": 1768947,
        "dem": 31,
        "timezone": "Asia/Shanghai",
        "modification_date": "2021-10-18"
      }
    },
    {
      "type": "Feature",
      "geometry": {
        "type": "Point",
        "coordinates": [
          115.77028,
          33.87722
        ]
      },
      "properties": {
        "name": "Bozhou",
        "ascii_name": "Bozhou",
        "feature_class": "P",
        "feature_code": "PPLA2",
        "country_code": "CN",
        "cou_name_en": "China",
        "population": 1409436,
        "dem": 40,
        "timezone": "Asia/Shanghai",
        "modification_date": "2025-10-24"
      }
    },
    {
      "type": "Feature",
      "geometry": {
        "type": "Point",
        "coordinates": [
          -43.18223,
          -22.90642
        ]
      },
      "properties": {
        "name": "Rio de Janeiro",
        "ascii_name": "Rio de Janeiro",
        "feature_class": "P",
        "feature_code": "PPLA",
        "country_code": "BR",
        "cou_name_en": "Brazil",
        "population": 6747815,
        "dem": 12,
        "timezone": "America/Sao_Paulo",
        "modification_date": "2025-06-21"
      }
    },
    {
      "type": "Feature",
      "geometry": {
        "type": "Point",
        "coordinates": [
          13.23432,
          -8.83682
        ]
      },
      "properties": {
        "name": "Luanda",
        "ascii_name": "Luanda",
        "feature_class": "P",
        "feature_code": "PPLC",
        "country_code": "AO",
        "cou_name_en": "Angola",
        "population": 2776168,
        "dem": 73,
        "timezone": "Africa/Luanda",
        "modification_date": "2024-03-26"
      }
    },
    {
      "type": "Feature",
      "geometry": {
        "type": "Point",
        "coordinates": [
          -58.37723,
          -34.61315
        ]
      },
      "properties": {
        "name": "Buenos Aires",
        "ascii_name": "Buenos Aires",
        "feature_class": "P",
        "feature_code": "PPLC",
        "country_code": "AR",
        "cou_name_en": "Argentina",
        "population": 2891082,
        "dem": 31,
        "timezone": "America/Argentina/Buenos_Aires",
        "modification_date": "2024-06-19"
      }
    },
    {
      "type": "Feature",
      "geometry": {
        "type": "Point",
        "coordinates": [
          -34.88111,
          -8.05389
        ]
      },
      "properties": {
        "name": "Recife",
        "ascii_name": "Recife",
        "feature_class": "P",
        "feature_code": "PPLA",
        "country_code": "BR",
        "cou_name_en": "Brazil",
        "population": 1653461,
        "dem": 8,
        "timezone": "America/Recife",
        "modification_date": "2023-02-21"
      }
    },
    {
      "type": "Feature",
      "geometry": {
        "type": "Point",
        "coordinates": [
          -38.54306,
          -3.71722
        ]
      },
      "properties": {
        "name": "Fortaleza",
        "ascii_name": "Fortaleza",
        "feature_class": "P",
        "feature_code": "PPLA",
        "country_code": "BR",
        "cou_name_en": "Brazil",
        "population": 2400000,
        "dem": 18,
        "timezone": "America/Fortaleza",
        "modification_date": "2025-10-12"
      }
    },
    {
      "type": "Feature",
      "geometry": {
        "type": "Point",
        "coordinates": [
          -48.50444,
          -1.45583
        ]
      },
      "properties": {
        "name": "Belém",
        "ascii_name": "Belem",
        "feature_class": "P",
        "feature_code": "PPLA",
        "country_code": "BR",
        "cou_name_en": "Brazil",
        "population": 1499641,
        "dem": 15,
        "timezone": "America/Belem",
        "modification_date": "2025-04-18"
      }
    },
    {
      "type": "Feature",
      "geometry": {
        "type": "Point",
        "coordinates": [
          -49.25389,
          -16.67861
        ]
      },
      "properties": {
        "name": "Goiânia",
        "ascii_name": "Goiania",
        "feature_class": "P",
        "feature_code": "PPLA",
        "country_code": "BR",
        "cou_name_en": "Brazil",
        "population": 1536097,
        "dem": 766,
        "timezone": "America/Sao_Paulo",
        "modification_date": "2023-02-21"
      }
    },
    {
      "type": "Feature",
      "geometry": {
        "type": "Point",
        "coordinates": [
          27.47938,
          -11.66089
        ]
      },
      "properties": {
        "name": "Lubumbashi",
        "ascii_name": "Lubumbashi",
        "feature_class": "P",
        "feature_code": "PPLA",
        "country_code": "CD",
        "cou_name_en": "Congo, Democratic Republic of the",
        "population": 2221925,
        "dem": 1260,
        "timezone": "Africa/Lubumbashi",
        "modification_date": "2024-06-29"
      }
    },
    {
      "type": "Feature",
      "geometry": {
        "type": "Point",
        "coordinates": [
          73.20812,
          22.29941
        ]
      },
      "properties": {
        "name": "Vadodara",
        "ascii_name": "Vadodara",
        "feature_class": "P",
        "feature_code": "PPL",
        "country_code": "IN",
        "cou_name_en": "India",
        "population": 1822221,
        "dem": 46,
        "timezone": "Asia/Kolkata",
        "modification_date": "2024-01-06"
      }
    },
    {
      "type": "Feature",
      "geometry": {
        "type": "Point",
        "coordinates": [
          75.78781,
          26.91962
        ]
      },
      "properties": {
        "name": "Jaipur",
        "ascii_name": "Jaipur",
        "feature_class": "P",
        "feature_code": "PPLA",
        "country_code": "IN",
        "cou_name_en": "India",
        "population": 3046163,
        "dem": 435,
        "timezone": "Asia/Kolkata",
        "modification_date": "2025-08-05"
      }
    },
    {
      "type": "Feature",
      "geometry": {
        "type": "Point",
        "coordinates": [
          75.34226,
          19.87757
        ]
      },
      "properties": {
        "name": "Aurangabad",
        "ascii_name": "Aurangabad",
        "feature_class": "P",
        "feature_code": "PPLA2",
        "country_code": "IN",
        "cou_name_en": "India",
        "population": 1175116,
        "dem": 588,
        "timezone": "Asia/Kolkata",
        "modification_date": "2025-05-25"
      }
    },
    {
      "type": "Feature",
      "geometry": {
        "type": "Point",
        "coordinates": [
          78.01667,
          27.18333
        ]
      },
      "properties": {
        "name": "Agra",
        "ascii_name": "Agra",
        "feature_class": "P",
        "feature_code": "PPLA2",
        "country_code": "IN",
        "cou_name_en": "India",
        "population": 1430055,
        "dem": 166,
        "timezone": "Asia/Kolkata",
        "modification_date": "2025-10-31"
      }
    },
    {
      "type": "Feature",
      "geometry": {
        "type": "Point",
        "coordinates": [
          -70.64827,
          -33.45694
        ]
      },
      "properties": {
        "name": "Santiago",
        "ascii_name": "Santiago",
        "feature_class": "P",
        "feature_code": "PPLC",
        "country_code": "CL",
        "cou_name_en": "Chile",
        "population": 4837295,
        "dem": 556,
        "timezone": "America/Santiago",
        "modification_date": "2025-06-21"
      }
    },
    {
      "type": "Feature",
      "geometry": {
        "type": "Point",
        "coordinates": [
          112.14479,
          32.0422
        ]
      },
      "properties": {
        "name": "Xiangyang",
        "ascii_name": "Xiangyang",
        "feature_class": "P",
        "feature_code": "PPLA2",
        "country_code": "CN",
        "cou_name_en": "China",
        "population": 1294733,
        "dem": 71,
        "timezone": "Asia/Shanghai",
        "modification_date": "2025-08-19"
      }
    },
    {
      "type": "Feature",
      "geometry": {
        "type": "Point",
        "coordinates": [
          117.12,
          36.18528
        ]
      },
      "properties": {
        "name": "Tai’an",
        "ascii_name": "Tai'an",
        "feature_class": "P",
        "feature_code": "PPLA2",
        "country_code": "CN",
        "cou_name_en": "China",
        "population": 1735425,
        "dem": 143,
        "timezone": "Asia/Shanghai",
        "modification_date": "2025-08-19"
      }
    },
    {
      "type": "Feature",
      "geometry": {
        "type": "Point",
        "coordinates": [
          118.58583,
          24.91389
        ]
      },
      "properties": {
        "name": "Quanzhou",
        "ascii_name": "Quanzhou",
        "feature_class": "P",
        "feature_code": "PPLA2",
        "country_code": "CN",
        "cou_name_en": "China",
        "population": 1469157,
        "dem": 14,
        "timezone": "Asia/Shanghai",
        "modification_date": "2024-07-13"
      }
    },
    {
      "type": "Feature",
      "geometry": {
        "type": "Point",
        "coordinates": [
          121.2457,
          30.1764
        ]
      },
      "properties": {
        "name": "Cixi",
        "ascii_name": "Cixi",
        "feature_class": "P",
        "feature_code": "PPLA3",
        "country_code": "CN",
        "cou_name_en": "China",
        "population": 1457510,
        "dem": 11,
        "timezone": "Asia/Shanghai",
        "modification_date": "2024-05-08"
      }
    },
    {
      "type": "Feature",
      "geometry": {
        "type": "Point",
        "coordinates": [
          125,
          46.58333
        ]
      },
      "properties": {
        "name": "Daqing",
        "ascii_name": "Daqing",
        "feature_class": "P",
        "feature_code": "PPLA2",
        "country_code": "CN",
        "cou_name_en": "China",
        "population": 1604027,
        "dem": 146,
        "timezone": "Asia/Shanghai",
        "modification_date": "2024-05-14"
      }
    },
    {
      "type": "Feature",
      "geometry": {
        "type": "Point",
        "coordinates": [
          32.48464,
          37.87135
        ]
      },
      "properties": {
        "name": "Konya",
        "ascii_name": "Konya",
        "feature_class": "P",
        "feature_code": "PPLA",
        "country_code": "TR",
        "cou_name_en": "Turkey",
        "population": 1433861,
        "dem": 1030,
        "timezone": "Europe/Istanbul",
        "modification_date": "2025-06-02"
      }
    },
    {
      "type": "Feature",
      "geometry": {
        "type": "Point",
        "coordinates": [
          28.94966,
          41.01384
        ]
      },
      "properties": {
        "name": "Istanbul",
        "ascii_name": "Istanbul",
        "feature_class": "P",
        "feature_code": "PPLA",
        "country_code": "TR",
        "cou_name_en": "Turkey",
        "population": 15701602,
        "dem": 39,
        "timezone": "Europe/Istanbul",
        "modification_date": "2025-07-22"
      }
    },
    {
      "type": "Feature",
      "geometry": {
        "type": "Point",
        "coordinates": [
          -71.53747,
          -16.39899
        ]
      },
      "properties": {
        "name": "Arequipa",
        "ascii_name": "Arequipa",
        "feature_class": "P",
        "feature_code": "PPLA",
        "country_code": "PE",
        "cou_name_en": "Peru",
        "population": 1008290,
        "dem": 2397,
        "timezone": "America/Lima",
        "modification_date": "2025-05-15"
      }
    },
    {
      "type": "Feature",
      "geometry": {
        "type": "Point",
        "coordinates": [
          120.9822,
          14.6042
        ]
      },
      "properties": {
        "name": "Manila",
        "ascii_name": "Manila",
        "feature_class": "P",
        "feature_code": "PPLC",
        "country_code": "PH",
        "cou_name_en": "Philippines",
        "population": 1600000,
        "dem": 13,
        "timezone": "Asia/Manila",
        "modification_date": "2025-09-16"
      }
    },
    {
      "type": "Feature",
      "geometry": {
        "type": "Point",
        "coordinates": [
          3.39467,
          6.45407
        ]
      },
      "properties": {
        "name": "Lagos",
        "ascii_name": "Lagos",
        "feature_class": "P",
        "feature_code": "PPLA2",
        "country_code": "NG",
        "cou_name_en": "Nigeria",
        "population": 15388000,
        "dem": 11,
        "timezone": "Africa/Lagos",
        "modification_date": "2023-10-25"
      }
    },
    {
      "type": "Feature",
      "geometry": {
        "type": "Point",
        "coordinates": [
          33.78725,
          -13.96692
        ]
      },
      "properties": {
        "name": "Lilongwe",
        "ascii_name": "Lilongwe",
        "feature_class": "P",
        "feature_code": "PPLC",
        "country_code": "MW",
        "cou_name_en": "Malawi",
        "population": 1115815,
        "dem": 1056,
        "timezone": "Africa/Blantyre",
        "modification_date": "2024-01-18"
      }
    },
    {
      "type": "Feature",
      "geometry": {
        "type": "Point",
        "coordinates": [
          -73.94958,
          40.6501
        ]
      },
      "properties": {
        "name": "Brooklyn",
        "ascii_name": "Brooklyn",
        "feature_class": "P",
        "feature_code": "PPLA2",
        "country_code": "US",
        "cou_name_en": "United States",
        "population": 2736074,
        "dem": 18,
        "timezone": "America/New_York",
        "modification_date": "2022-08-24"
      }
    },
    {
      "type": "Feature",
      "geometry": {
        "type": "Point",
        "coordinates": [
          15.0444,
          12.10672
        ]
      },
      "properties": {
        "name": "N'Djamena",
        "ascii_name": "N'Djamena",
        "feature_class": "P",
        "feature_code": "PPLC",
        "country_code": "TD",
        "cou_name_en": "Chad",
        "population": 1359526,
        "dem": 299,
        "timezone": "Africa/Ndjamena",
        "modification_date": "2023-11-29"
      }
    },
    {
      "type": "Feature",
      "geometry": {
        "type": "Point",
        "coordinates": [
          121.45703,
          25.06199
        ]
      },
      "properties": {
        "name": "New Taipei City",
        "ascii_name": "New Taipei City",
        "feature_class": "P",
        "feature_code": "PPL",
        "country_code": "TW",
        "cou_name_en": "Taiwan, China",
        "population": 4004367,
        "dem": 4,
        "timezone": "Asia/Taipei",
        "modification_date": "2025-02-24"
      }
    },
    {
      "type": "Feature",
      "geometry": {
        "type": "Point",
        "coordinates": [
          -57.647,
          -25.28646
        ]
      },
      "properties": {
        "name": "Asunción",
        "ascii_name": "Asuncion",
        "feature_class": "P",
        "feature_code": "PPLC",
        "country_code": "PY",
        "cou_name_en": "Paraguay",
        "population": 1482200,
        "dem": 113,
        "timezone": "America/Asuncion",
        "modification_date": "2019-09-05"
      }
    },
    {
      "type": "Feature",
      "geometry": {
        "type": "Point",
        "coordinates": [
          -75.57151,
          6.245
        ]
      },
      "properties": {
        "name": "Medellín",
        "ascii_name": "Medellin",
        "feature_class": "P",
        "feature_code": "PPLA",
        "country_code": "CO",
        "cou_name_en": "Colombia",
        "population": 1999979,
        "dem": 1528,
        "timezone": "America/Bogota",
        "modification_date": "2025-06-14"
      }
    },
    {
      "type": "Feature",
      "geometry": {
        "type": "Point",
        "coordinates": [
          130.41667,
          33.6
        ]
      },
      "properties": {
        "name": "Fukuoka",
        "ascii_name": "Fukuoka",
        "feature_class": "P",
        "feature_code": "PPLA",
        "country_code": "JP",
        "cou_name_en": "Japan",
        "population": 1612392,
        "dem": 3,
        "timezone": "Asia/Tokyo",
        "modification_date": "2024-12-02"
      }
    },
    {
      "type": "Feature",
      "geometry": {
        "type": "Point",
        "coordinates": [
          139.65657,
          35.90807
        ]
      },
      "properties": {
        "name": "Saitama",
        "ascii_name": "Saitama",
        "feature_class": "P",
        "feature_code": "PPLA",
        "country_code": "JP",
        "cou_name_en": "Japan",
        "population": 1324854,
        "dem": 16,
        "timezone": "Asia/Tokyo",
        "modification_date": "2025-02-18"
      }
    },
    {
      "type": "Feature",
      "geometry": {
        "type": "Point",
        "coordinates": [
          35.48333,
          33.9
        ]
      },
      "properties": {
        "geoname_id": "268743",
        "name": "Ra’s Bayrūt",
        "ascii_name": "Ra's Bayrut",
        "alternate_names": null,
        "feature_class": "P",
        "feature_code": "PPLX",
        "country_code": "LB",
        "cou_name_en": "Lebanon",
        "country_code_2": null,
        "admin1_code": "04",
        "admin2_code": null,
        "admin3_code": null,
        "admin4_code": null,
        "population": 1251739,
        "elevation": null,
        "dem": 35,
        "timezone": "Asia/Beirut",
        "modification_date": "2006-01-17",
        "label_en": "Lebanon"
      }
    },
    {
      "type": "Feature",
      "geometry": {
        "type": "Point",
        "coordinates": [
          2.15899,
          41.38879
        ]
      },
      "properties": {
        "name": "Barcelona",
        "ascii_name": "Barcelona",
        "feature_class": "P",
        "feature_code": "PPLA",
        "country_code": "ES",
        "cou_name_en": "Spain",
        "population": 1686208,
        "dem": 47,
        "timezone": "Europe/Madrid",
        "modification_date": "2025-10-22"
      }
    },
    {
      "type": "Feature",
      "geometry": {
        "type": "Point",
        "coordinates": [
          107.60694,
          -6.92222
        ]
      },
      "properties": {
        "name": "Bandung",
        "ascii_name": "Bandung",
        "feature_class": "P",
        "feature_code": "PPLA",
        "country_code": "ID",
        "cou_name_en": "Indonesia",
        "population": 2444160,
        "dem": 714,
        "timezone": "Asia/Jakarta",
        "modification_date": "2025-06-14"
      }
    },
    {
      "type": "Feature",
      "geometry": {
        "type": "Point",
        "coordinates": [
          77.6838,
          8.72742
        ]
      },
      "properties": {
        "name": "Tirunelveli",
        "ascii_name": "Tirunelveli",
        "feature_class": "P",
        "feature_code": "PPLA2",
        "country_code": "IN",
        "cou_name_en": "India",
        "population": 1435844,
        "dem": 49,
        "timezone": "Asia/Kolkata",
        "modification_date": "2024-01-06"
      }
    },
    {
      "type": "Feature",
      "geometry": {
        "type": "Point",
        "coordinates": [
          78.17337,
          26.22983
        ]
      },
      "properties": {
        "name": "Gwalior",
        "ascii_name": "Gwalior",
        "feature_class": "P",
        "feature_code": "PPL",
        "country_code": "IN",
        "cou_name_en": "India",
        "population": 1054420,
        "dem": 220,
        "timezone": "Asia/Kolkata",
        "modification_date": "2025-05-25"
      }
    },
    {
      "type": "Feature",
      "geometry": {
        "type": "Point",
        "coordinates": [
          77.23149,
          28.65195
        ]
      },
      "properties": {
        "name": "Delhi",
        "ascii_name": "Delhi",
        "feature_class": "P",
        "feature_code": "PPLA",
        "country_code": "IN",
        "cou_name_en": "India",
        "population": 11034555,
        "dem": 227,
        "timezone": "Asia/Kolkata",
        "modification_date": "2024-12-31"
      }
    },
    {
      "type": "Feature",
      "geometry": {
        "type": "Point",
        "coordinates": [
          59.60567,
          36.29807
        ]
      },
      "properties": {
        "name": "Mashhad",
        "ascii_name": "Mashhad",
        "feature_class": "P",
        "feature_code": "PPLA",
        "country_code": "IR",
        "cou_name_en": "Iran, Islamic Rep. of",
        "population": 2307177,
        "dem": 980,
        "timezone": "Asia/Tehran",
        "modification_date": "2025-03-09"
      }
    },
    {
      "type": "Feature",
      "geometry": {
        "type": "Point",
        "coordinates": [
          -115.45446,
          32.62781
        ]
      },
      "properties": {
        "name": "Mexicali",
        "ascii_name": "Mexicali",
        "feature_class": "P",
        "feature_code": "PPLA",
        "country_code": "MX",
        "cou_name_en": "Mexico",
        "population": 1032686,
        "dem": 4,
        "timezone": "America/Tijuana",
        "modification_date": "2022-09-25"
      }
    },
    {
      "type": "Feature",
      "geometry": {
        "type": "Point",
        "coordinates": [
          -106.46084,
          31.72024
        ]
      },
      "properties": {
        "name": "Ciudad Juárez",
        "ascii_name": "Ciudad Juarez",
        "feature_class": "P",
        "feature_code": "PPLA2",
        "country_code": "MX",
        "cou_name_en": "Mexico",
        "population": 1512450,
        "dem": 1124,
        "timezone": "America/Ciudad_Juarez",
        "modification_date": "2025-08-01"
      }
    },
    {
      "type": "Feature",
      "geometry": {
        "type": "Point",
        "coordinates": [
          106.90722,
          27.68667
        ]
      },
      "properties": {
        "name": "Zunyi",
        "ascii_name": "Zunyi",
        "feature_class": "P",
        "feature_code": "PPLA2",
        "country_code": "CN",
        "cou_name_en": "China",
        "population": 2037775,
        "dem": 867,
        "timezone": "Asia/Shanghai",
        "modification_date": "2021-10-14"
      }
    },
    {
      "type": "Feature",
      "geometry": {
        "type": "Point",
        "coordinates": [
          118.06333,
          36.79056
        ]
      },
      "properties": {
        "name": "Zibo",
        "ascii_name": "Zibo",
        "feature_class": "P",
        "feature_code": "PPL",
        "country_code": "CN",
        "cou_name_en": "China",
        "population": 3129228,
        "dem": 51,
        "timezone": "Asia/Shanghai",
        "modification_date": "2024-07-20"
      }
    },
    {
      "type": "Feature",
      "geometry": {
        "type": "Point",
        "coordinates": [
          106.27306,
          38.46806
        ]
      },
      "properties": {
        "name": "Yinchuan",
        "ascii_name": "Yinchuan",
        "feature_class": "P",
        "feature_code": "PPLA",
        "country_code": "CN",
        "cou_name_en": "China",
        "population": 1487579,
        "dem": 1117,
        "timezone": "Asia/Shanghai",
        "modification_date": "2023-12-29"
      }
    },
    {
      "type": "Feature",
      "geometry": {
        "type": "Point",
        "coordinates": [
          108.65061,
          21.98247
        ]
      },
      "properties": {
        "name": "Qinzhou",
        "ascii_name": "Qinzhou",
        "feature_class": "P",
        "feature_code": "PPLA2",
        "country_code": "CN",
        "cou_name_en": "China",
        "population": 1296300,
        "dem": 12,
        "timezone": "Asia/Shanghai",
        "modification_date": "2021-10-13"
      }
    },
    {
      "type": "Feature",
      "geometry": {
        "type": "Point",
        "coordinates": [
          120.87472,
          32.03028
        ]
      },
      "properties": {
        "name": "Nantong",
        "ascii_name": "Nantong",
        "feature_class": "P",
        "feature_code": "PPLA2",
        "country_code": "CN",
        "cou_name_en": "China",
        "population": 2273326,
        "dem": 6,
        "timezone": "Asia/Shanghai",
        "modification_date": "2025-03-09"
      }
    },
    {
      "type": "Feature",
      "geometry": {
        "type": "Point",
        "coordinates": [
          118.77778,
          32.06167
        ]
      },
      "properties": {
        "name": "Nanjing",
        "ascii_name": "Nanjing",
        "feature_class": "P",
        "feature_code": "PPLA",
        "country_code": "CN",
        "cou_name_en": "China",
        "population": 9314685,
        "dem": 22,
        "timezone": "Asia/Shanghai",
        "modification_date": "2024-03-26"
      }
    },
    {
      "type": "Feature",
      "geometry": {
        "type": "Point",
        "coordinates": [
          109.40698,
          24.32405
        ]
      },
      "properties": {
        "name": "Liuzhou",
        "ascii_name": "Liuzhou",
        "feature_class": "P",
        "feature_code": "PPLA2",
        "country_code": "CN",
        "cou_name_en": "China",
        "population": 1436599,
        "dem": 102,
        "timezone": "Asia/Shanghai",
        "modification_date": "2025-11-15"
      }
    },
    {
      "type": "Feature",
      "geometry": {
        "type": "Point",
        "coordinates": [
          109.59472,
          23.11603
        ]
      },
      "properties": {
        "name": "Guigang",
        "ascii_name": "Guigang",
        "feature_class": "P",
        "feature_code": "PPLA2",
        "country_code": "CN",
        "cou_name_en": "China",
        "population": 1086327,
        "dem": 40,
        "timezone": "Asia/Shanghai",
        "modification_date": "2021-10-14"
      }
    },
    {
      "type": "Feature",
      "geometry": {
        "type": "Point",
        "coordinates": [
          116.62262,
          23.65396
        ]
      },
      "properties": {
        "name": "Chaozhou",
        "ascii_name": "Chaozhou",
        "feature_class": "P",
        "feature_code": "PPLA2",
        "country_code": "CN",
        "cou_name_en": "China",
        "population": 1750945,
        "dem": 23,
        "timezone": "Asia/Shanghai",
        "modification_date": "2021-10-07"
      }
    },
    {
      "type": "Feature",
      "geometry": {
        "type": "Point",
        "coordinates": [
          120.59538,
          31.30408
        ]
      },
      "properties": {
        "name": "Suzhou",
        "ascii_name": "Suzhou",
        "feature_class": "P",
        "feature_code": "PPLA2",
        "country_code": "CN",
        "cou_name_en": "China",
        "population": 6715559,
        "dem": 10,
        "timezone": "Asia/Shanghai",
        "modification_date": "2024-03-26"
      }
    },
    {
      "type": "Feature",
      "geometry": {
        "type": "Point",
        "coordinates": [
          125.32278,
          43.88
        ]
      },
      "properties": {
        "name": "Changchun",
        "ascii_name": "Changchun",
        "feature_class": "P",
        "feature_code": "PPLA",
        "country_code": "CN",
        "cou_name_en": "China",
        "population": 4714996,
        "dem": 206,
        "timezone": "Asia/Shanghai",
        "modification_date": "2025-02-23"
      }
    },
    {
      "type": "Feature",
      "geometry": {
        "type": "Point",
        "coordinates": [
          117.28386,
          34.20442
        ]
      },
      "properties": {
        "name": "Xuzhou",
        "ascii_name": "Xuzhou",
        "feature_class": "P",
        "feature_code": "PPLA2",
        "country_code": "CN",
        "cou_name_en": "China",
        "population": 1253991,
        "dem": 35,
        "timezone": "Asia/Shanghai",
        "modification_date": "2025-05-08"
      }
    },
    {
      "type": "Feature",
      "geometry": {
        "type": "Point",
        "coordinates": [
          135.183,
          34.6913
        ]
      },
      "properties": {
        "name": "Kobe",
        "ascii_name": "Kobe",
        "feature_class": "P",
        "feature_code": "PPLA",
        "country_code": "JP",
        "cou_name_en": "Japan",
        "population": 1525152,
        "dem": 35,
        "timezone": "Asia/Tokyo",
        "modification_date": "2024-12-04"
      }
    },
    {
      "type": "Feature",
      "geometry": {
        "type": "Point",
        "coordinates": [
          126.835,
          37.65639
        ]
      },
      "properties": {
        "name": "Goyang-si",
        "ascii_name": "Goyang-si",
        "feature_class": "P",
        "feature_code": "PPLA2",
        "country_code": "KR",
        "cou_name_en": "Korea, Republic of",
        "population": 1061752,
        "dem": 19,
        "timezone": "Asia/Seoul",
        "modification_date": "2025-09-30"
      }
    },
    {
      "type": "Feature",
      "geometry": {
        "type": "Point",
        "coordinates": [
          73.80696,
          18.62292
        ]
      },
      "properties": {
        "name": "Pimpri",
        "ascii_name": "Pimpri",
        "feature_class": "P",
        "feature_code": "PPL",
        "country_code": "IN",
        "cou_name_en": "India",
        "population": 1284606,
        "dem": 571,
        "timezone": "Asia/Kolkata",
        "modification_date": "2024-01-06"
      }
    },
    {
      "type": "Feature",
      "geometry": {
        "type": "Point",
        "coordinates": [
          73.80375,
          18.61867
        ]
      },
      "properties": {
        "name": "Pimpri-Chinchwad",
        "ascii_name": "Pimpri-Chinchwad",
        "feature_class": "P",
        "feature_code": "PPL",
        "country_code": "IN",
        "cou_name_en": "India",
        "population": 1727692,
        "dem": 568,
        "timezone": "Asia/Kolkata",
        "modification_date": "2025-05-25"
      }
    },
    {
      "type": "Feature",
      "geometry": {
        "type": "Point",
        "coordinates": [
          78.95925,
          11.73379
        ]
      },
      "properties": {
        "geoname_id": "12165956",
        "name": "Kallakurichi",
        "ascii_name": "Kallakurichi",
        "alternate_names": null,
        "feature_class": "P",
        "feature_code": "PPLA2",
        "country_code": "IN",
        "cou_name_en": "India",
        "country_code_2": null,
        "admin1_code": "25",
        "admin2_code": "729",
        "admin3_code": 5734,
        "admin4_code": null,
        "population": 1682687,
        "elevation": null,
        "dem": 124,
        "timezone": "Asia/Kolkata",
        "modification_date": "2024-01-06",
        "label_en": "India"
      }
    },
    {
      "type": "Feature",
      "geometry": {
        "type": "Point",
        "coordinates": [
          60.61529,
          56.85733
        ]
      },
      "properties": {
        "name": "Yekaterinburg",
        "ascii_name": "Yekaterinburg",
        "feature_class": "P",
        "feature_code": "PPLA",
        "country_code": "RU",
        "cou_name_en": "Russian Federation",
        "population": 1495066,
        "dem": 278,
        "timezone": "Asia/Yekaterinburg",
        "modification_date": "2025-09-09"
      }
    },
    {
      "type": "Feature",
      "geometry": {
        "type": "Point",
        "coordinates": [
          73.36859,
          54.99244
        ]
      },
      "properties": {
        "name": "Omsk",
        "ascii_name": "Omsk",
        "feature_class": "P",
        "feature_code": "PPLA",
        "country_code": "RU",
        "cou_name_en": "Russian Federation",
        "population": 1172070,
        "dem": 90,
        "timezone": "Asia/Omsk",
        "modification_date": "2022-09-17"
      }
    },
    {
      "type": "Feature",
      "geometry": {
        "type": "Point",
        "coordinates": [
          26.10626,
          44.43225
        ]
      },
      "properties": {
        "name": "Bucharest",
        "ascii_name": "Bucharest",
        "feature_class": "P",
        "feature_code": "PPLC",
        "country_code": "RO",
        "cou_name_en": "Romania",
        "population": 1877155,
        "dem": 83,
        "timezone": "Europe/Bucharest",
        "modification_date": "2016-02-07"
      }
    },
    {
      "type": "Feature",
      "geometry": {
        "type": "Point",
        "coordinates": [
          67.00141,
          30.18414
        ]
      },
      "properties": {
        "name": "Quetta",
        "ascii_name": "Quetta",
        "feature_class": "P",
        "feature_code": "PPLA",
        "country_code": "PK",
        "cou_name_en": "Pakistan",
        "population": 1565546,
        "dem": 1683,
        "timezone": "Asia/Karachi",
        "modification_date": "2025-02-04"
      }
    },
    {
      "type": "Feature",
      "geometry": {
        "type": "Point",
        "coordinates": [
          69.21627,
          41.26465
        ]
      },
      "properties": {
        "name": "Tashkent",
        "ascii_name": "Tashkent",
        "feature_class": "P",
        "feature_code": "PPLC",
        "country_code": "UZ",
        "cou_name_en": "Uzbekistan",
        "population": 1978028,
        "dem": 424,
        "timezone": "Asia/Tashkent",
        "modification_date": "2024-06-22"
      }
    },
    {
      "type": "Feature",
      "geometry": {
        "type": "Point",
        "coordinates": [
          117.17667,
          39.14222
        ]
      },
      "properties": {
        "name": "Tianjin",
        "ascii_name": "Tianjin",
        "feature_class": "P",
        "feature_code": "PPLA",
        "country_code": "CN",
        "cou_name_en": "China",
        "population": 11090314,
        "dem": 11,
        "timezone": "Asia/Shanghai",
        "modification_date": "2024-03-27"
      }
    },
    {
      "type": "Feature",
      "geometry": {
        "type": "Point",
        "coordinates": [
          103.83987,
          36.05701
        ]
      },
      "properties": {
        "name": "Lanzhou",
        "ascii_name": "Lanzhou",
        "feature_class": "P",
        "feature_code": "PPLA",
        "country_code": "CN",
        "cou_name_en": "China",
        "population": 3000000,
        "dem": 1521,
        "timezone": "Asia/Shanghai",
        "modification_date": "2025-03-09"
      }
    },
    {
      "type": "Feature",
      "geometry": {
        "type": "Point",
        "coordinates": [
          113.74866,
          23.01797
        ]
      },
      "properties": {
        "name": "Dongguan",
        "ascii_name": "Dongguan",
        "feature_class": "P",
        "feature_code": "PPLA2",
        "country_code": "CN",
        "cou_name_en": "China",
        "population": 9644871,
        "dem": 1,
        "timezone": "Asia/Shanghai",
        "modification_date": "2024-03-26"
      }
    },
    {
      "type": "Feature",
      "geometry": {
        "type": "Point",
        "coordinates": [
          113.37912,
          22.52306
        ]
      },
      "properties": {
        "name": "Zhongshan",
        "ascii_name": "Zhongshan",
        "feature_class": "P",
        "feature_code": "PPLA2",
        "country_code": "CN",
        "cou_name_en": "China",
        "population": 3841873,
        "dem": 9,
        "timezone": "Asia/Shanghai",
        "modification_date": "2024-10-08"
      }
    },
    {
      "type": "Feature",
      "geometry": {
        "type": "Point",
        "coordinates": [
          109.78157,
          39.6086
        ]
      },
      "properties": {
        "name": "Ordos",
        "ascii_name": "Ordos",
        "feature_class": "P",
        "feature_code": "PPL",
        "country_code": "CN",
        "cou_name_en": "China",
        "population": 1940653,
        "dem": 1310,
        "timezone": "Asia/Shanghai",
        "modification_date": "2021-09-20"
      }
    },
    {
      "type": "Feature",
      "geometry": {
        "type": "Point",
        "coordinates": [
          -46.63611,
          -23.5475
        ]
      },
      "properties": {
        "name": "São Paulo",
        "ascii_name": "Sao Paulo",
        "feature_class": "P",
        "feature_code": "PPLA",
        "country_code": "BR",
        "cou_name_en": "Brazil",
        "population": 12400232,
        "dem": 769,
        "timezone": "America/Sao_Paulo",
        "modification_date": "2025-04-07"
      }
    },
    {
      "type": "Feature",
      "geometry": {
        "type": "Point",
        "coordinates": [
          69.17233,
          34.52813
        ]
      },
      "properties": {
        "name": "Kabul",
        "ascii_name": "Kabul",
        "feature_class": "P",
        "feature_code": "PPLC",
        "country_code": "AF",
        "cou_name_en": "Afghanistan",
        "population": 4434550,
        "dem": 1798,
        "timezone": "Asia/Kabul",
        "modification_date": "2024-11-12"
      }
    },
    {
      "type": "Feature",
      "geometry": {
        "type": "Point",
        "coordinates": [
          15.28318,
          -4.26613
        ]
      },
      "properties": {
        "name": "Brazzaville",
        "ascii_name": "Brazzaville",
        "feature_class": "P",
        "feature_code": "PPLC",
        "country_code": "CG",
        "cou_name_en": "Congo",
        "population": 1982000,
        "dem": 284,
        "timezone": "Africa/Brazzaville",
        "modification_date": "2025-10-31"
      }
    },
    {
      "type": "Feature",
      "geometry": {
        "type": "Point",
        "coordinates": [
          9.70428,
          4.04827
        ]
      },
      "properties": {
        "name": "Douala",
        "ascii_name": "Douala",
        "feature_class": "P",
        "feature_code": "PPLA",
        "country_code": "CM",
        "cou_name_en": "Cameroon",
        "population": 1338082,
        "dem": 19,
        "timezone": "Africa/Douala",
        "modification_date": "2024-07-20"
      }
    },
    {
      "type": "Feature",
      "geometry": {
        "type": "Point",
        "coordinates": [
          111.61306,
          26.42389
        ]
      },
      "properties": {
        "name": "Yongzhou",
        "ascii_name": "Yongzhou",
        "feature_class": "P",
        "feature_code": "PPLA2",
        "country_code": "CN",
        "cou_name_en": "China",
        "population": 1020715,
        "dem": 101,
        "timezone": "Asia/Shanghai",
        "modification_date": "2024-07-13"
      }
    },
    {
      "type": "Feature",
      "geometry": {
        "type": "Point",
        "coordinates": [
          111.28472,
          30.71444
        ]
      },
      "properties": {
        "name": "Yichang",
        "ascii_name": "Yichang",
        "feature_class": "P",
        "feature_code": "PPLA2",
        "country_code": "CN",
        "cou_name_en": "China",
        "population": 1350150,
        "dem": 63,
        "timezone": "Asia/Shanghai",
        "modification_date": "2021-10-12"
      }
    },
    {
      "type": "Feature",
      "geometry": {
        "type": "Point",
        "coordinates": [
          113.80151,
          35.19033
        ]
      },
      "properties": {
        "name": "Xinxiang",
        "ascii_name": "Xinxiang",
        "feature_class": "P",
        "feature_code": "PPLA2",
        "country_code": "CN",
        "cou_name_en": "China",
        "population": 1047088,
        "dem": 82,
        "timezone": "Asia/Shanghai",
        "modification_date": "2025-08-19"
      }
    },
    {
      "type": "Feature",
      "geometry": {
        "type": "Point",
        "coordinates": [
          111.69844,
          29.03205
        ]
      },
      "properties": {
        "name": "Changde",
        "ascii_name": "Changde",
        "feature_class": "P",
        "feature_code": "PPLA3",
        "country_code": "CN",
        "cou_name_en": "China",
        "population": 1457419,
        "dem": 38,
        "timezone": "Asia/Shanghai",
        "modification_date": "2025-03-18"
      }
    },
    {
      "type": "Feature",
      "geometry": {
        "type": "Point",
        "coordinates": [
          113.08333,
          22.58333
        ]
      },
      "properties": {
        "name": "Jiangmen",
        "ascii_name": "Jiangmen",
        "feature_class": "P",
        "feature_code": "PPLA2",
        "country_code": "CN",
        "cou_name_en": "China",
        "population": 1795459,
        "dem": 11,
        "timezone": "Asia/Shanghai",
        "modification_date": "2021-12-13"
      }
    },
    {
      "type": "Feature",
      "geometry": {
        "type": "Point",
        "coordinates": [
          115.46246,
          38.87288
        ]
      },
      "properties": {
        "name": "Baoding",
        "ascii_name": "Baoding",
        "feature_class": "P",
        "feature_code": "PPLA2",
        "country_code": "CN",
        "cou_name_en": "China",
        "population": 2739887,
        "dem": 15,
        "timezone": "Asia/Shanghai",
        "modification_date": "2025-11-04"
      }
    },
    {
      "type": "Feature",
      "geometry": {
        "type": "Point",
        "coordinates": [
          126.65,
          45.75
        ]
      },
      "properties": {
        "name": "Harbin",
        "ascii_name": "Harbin",
        "feature_class": "P",
        "feature_code": "PPLA",
        "country_code": "CN",
        "cou_name_en": "China",
        "population": 5242897,
        "dem": 140,
        "timezone": "Asia/Shanghai",
        "modification_date": "2024-07-13"
      }
    },
    {
      "type": "Feature",
      "geometry": {
        "type": "Point",
        "coordinates": [
          121.43312,
          28.66266
        ]
      },
      "properties": {
        "name": "Taizhou",
        "ascii_name": "Taizhou",
        "feature_class": "P",
        "feature_code": "PPLA2",
        "country_code": "CN",
        "cou_name_en": "China",
        "population": 1485502,
        "dem": 15,
        "timezone": "Asia/Shanghai",
        "modification_date": "2021-12-13"
      }
    },
    {
      "type": "Feature",
      "geometry": {
        "type": "Point",
        "coordinates": [
          140.86667,
          38.26667
        ]
      },
      "properties": {
        "name": "Sendai",
        "ascii_name": "Sendai",
        "feature_class": "P",
        "feature_code": "PPLA",
        "country_code": "JP",
        "cou_name_en": "Japan",
        "population": 1096704,
        "dem": 53,
        "timezone": "Asia/Tokyo",
        "modification_date": "2022-08-15"
      }
    },
    {
      "type": "Feature",
      "geometry": {
        "type": "Point",
        "coordinates": [
          -99.12766,
          19.42847
        ]
      },
      "properties": {
        "name": "Mexico City",
        "ascii_name": "Mexico City",
        "feature_class": "P",
        "feature_code": "PPLC",
        "country_code": "MX",
        "cou_name_en": "Mexico",
        "population": 12294193,
        "dem": 2240,
        "timezone": "America/Mexico_City",
        "modification_date": "2024-03-26"
      }
    },
    {
      "type": "Feature",
      "geometry": {
        "type": "Point",
        "coordinates": [
          82.54826,
          19.23114
        ]
      },
      "properties": {
        "name": "Nowrangapur",
        "ascii_name": "Nowrangapur",
        "feature_class": "P",
        "feature_code": "PPLA2",
        "country_code": "IN",
        "cou_name_en": "India",
        "population": 1220946,
        "dem": 578,
        "timezone": "Asia/Kolkata",
        "modification_date": "2024-01-06"
      }
    },
    {
      "type": "Feature",
      "geometry": {
        "type": "Point",
        "coordinates": [
          73.00594,
          26.26841
        ]
      },
      "properties": {
        "name": "Jodhpur",
        "ascii_name": "Jodhpur",
        "feature_class": "P",
        "feature_code": "PPL",
        "country_code": "IN",
        "cou_name_en": "India",
        "population": 1056191,
        "dem": 237,
        "timezone": "Asia/Kolkata",
        "modification_date": "2025-08-05"
      }
    },
    {
      "type": "Feature",
      "geometry": {
        "type": "Point",
        "coordinates": [
          73.08333,
          19.21667
        ]
      },
      "properties": {
        "name": "Dombivali",
        "ascii_name": "Dombivali",
        "feature_class": "P",
        "feature_code": "PPL",
        "country_code": "IN",
        "cou_name_en": "India",
        "population": 1247327,
        "dem": 11,
        "timezone": "Asia/Kolkata",
        "modification_date": "2025-05-25"
      }
    },
    {
      "type": "Feature",
      "geometry": {
        "type": "Point",
        "coordinates": [
          -0.1969,
          5.55602
        ]
      },
      "properties": {
        "name": "Accra",
        "ascii_name": "Accra",
        "feature_class": "P",
        "feature_code": "PPLC",
        "country_code": "GH",
        "cou_name_en": "Ghana",
        "population": 1963264,
        "dem": 33,
        "timezone": "Africa/Accra",
        "modification_date": "2025-10-18"
      }
    },
    {
      "type": "Feature",
      "geometry": {
        "type": "Point",
        "coordinates": [
          105.26111,
          -5.42917
        ]
      },
      "properties": {
        "name": "Bandar Lampung",
        "ascii_name": "Bandar Lampung",
        "feature_class": "P",
        "feature_code": "PPLA",
        "country_code": "ID",
        "cou_name_en": "Indonesia",
        "population": 1166066,
        "dem": 95,
        "timezone": "Asia/Jakarta",
        "modification_date": "2022-12-30"
      }
    },
    {
      "type": "Feature",
      "geometry": {
        "type": "Point",
        "coordinates": [
          -103.38742,
          20.72111
        ]
      },
      "properties": {
        "name": "Zapopan",
        "ascii_name": "Zapopan",
        "feature_class": "P",
        "feature_code": "PPLA2",
        "country_code": "MX",
        "cou_name_en": "Mexico",
        "population": 1476491,
        "dem": 1565,
        "timezone": "America/Mexico_City",
        "modification_date": "2025-06-12",
        "label_pos": "top"
      }
    },
    {
      "type": "Feature",
      "geometry": {
        "type": "Point",
        "coordinates": [
          124.475,
          7.16083
        ]
      },
      "properties": {
        "name": "Malingao",
        "ascii_name": "Malingao",
        "feature_class": "P",
        "feature_code": "PPL",
        "country_code": "PH",
        "cou_name_en": "Philippines",
        "population": 1121974,
        "dem": 5,
        "timezone": "Asia/Manila",
        "modification_date": "2017-12-13"
      }
    },
    {
      "type": "Feature",
      "geometry": {
        "type": "Point",
        "coordinates": [
          105.84117,
          21.0245
        ]
      },
      "properties": {
        "name": "Hanoi",
        "ascii_name": "Hanoi",
        "feature_class": "P",
        "feature_code": "PPLC",
        "country_code": "VN",
        "cou_name_en": "Viet Nam",
        "population": 8053663,
        "dem": 10,
        "timezone": "Asia/Bangkok",
        "modification_date": "2025-07-29"
      }
    },
    {
      "type": "Feature",
      "geometry": {
        "type": "Point",
        "coordinates": [
          105.78825,
          10.03711
        ]
      },
      "properties": {
        "name": "Cần Thơ",
        "ascii_name": "Can Tho",
        "feature_class": "P",
        "feature_code": "PPLA",
        "country_code": "VN",
        "cou_name_en": "Viet Nam",
        "population": 1507187,
        "dem": 3,
        "timezone": "Asia/Ho_Chi_Minh",
        "modification_date": "2025-07-29"
      }
    },
    {
      "type": "Feature",
      "geometry": {
        "type": "Point",
        "coordinates": [
          25.61494,
          -33.96109
        ]
      },
      "properties": {
        "name": "Gqeberha",
        "ascii_name": "Gqeberha",
        "feature_class": "P",
        "feature_code": "PPLA2",
        "country_code": "ZA",
        "cou_name_en": "South Africa",
        "population": 1050078,
        "dem": 61,
        "timezone": "Africa/Johannesburg",
        "modification_date": "2025-12-03"
      }
    },
    {
      "type": "Feature",
      "geometry": {
        "type": "Point",
        "coordinates": [
          120.21333,
          22.99083
        ]
      },
      "properties": {
        "name": "Tainan",
        "ascii_name": "Tainan",
        "feature_class": "P",
        "feature_code": "PPLA2",
        "country_code": "TW",
        "cou_name_en": "Taiwan, China",
        "population": 1856642,
        "dem": 26,
        "timezone": "Asia/Taipei",
        "modification_date": "2025-11-06"
      }
    },
    {
      "type": "Feature",
      "geometry": {
        "type": "Point",
        "coordinates": [
          -1.53388,
          12.36566
        ]
      },
      "properties": {
        "name": "Ouagadougou",
        "ascii_name": "Ouagadougou",
        "feature_class": "P",
        "feature_code": "PPLC",
        "country_code": "BF",
        "cou_name_en": "Burkina Faso",
        "population": 2415266,
        "dem": 299,
        "timezone": "Africa/Ouagadougou",
        "modification_date": "2025-06-20"
      }
    },
    {
      "type": "Feature",
      "geometry": {
        "type": "Point",
        "coordinates": [
          22.41659,
          -5.89624
        ]
      },
      "properties": {
        "name": "Kananga",
        "ascii_name": "Kananga",
        "feature_class": "P",
        "feature_code": "PPLA",
        "country_code": "CD",
        "cou_name_en": "Congo, Democratic Republic of the",
        "population": 1247168,
        "dem": 643,
        "timezone": "Africa/Lubumbashi",
        "modification_date": "2023-11-29"
      }
    },
    {
      "type": "Feature",
      "geometry": {
        "type": "Point",
        "coordinates": [
          87.60046,
          43.80096
        ]
      },
      "properties": {
        "name": "Ürümqi",
        "ascii_name": "UEruemqi",
        "feature_class": "P",
        "feature_code": "PPLA",
        "country_code": "CN",
        "cou_name_en": "China",
        "population": 3029372,
        "dem": 862,
        "timezone": "Asia/Urumqi",
        "modification_date": "2025-02-27"
      }
    },
    {
      "type": "Feature",
      "geometry": {
        "type": "Point",
        "coordinates": [
          16.37208,
          48.20849
        ]
      },
      "properties": {
        "name": "Vienna",
        "ascii_name": "Vienna",
        "feature_class": "P",
        "feature_code": "PPLC",
        "country_code": "AT",
        "cou_name_en": "Austria",
        "population": 1691468,
        "dem": 193,
        "timezone": "Europe/Vienna",
        "modification_date": "2025-11-01"
      }
    },
    {
      "type": "Feature",
      "geometry": {
        "type": "Point",
        "coordinates": [
          19.04045,
          47.49835
        ]
      },
      "properties": {
        "name": "Budapest",
        "ascii_name": "Budapest",
        "feature_class": "P",
        "feature_code": "PPLC",
        "country_code": "HU",
        "cou_name_en": "Hungary",
        "population": 1741041,
        "dem": 104,
        "timezone": "Europe/Budapest",
        "modification_date": "2022-02-21"
      }
    },
    {
      "type": "Feature",
      "geometry": {
        "type": "Point",
        "coordinates": [
          -6.83255,
          34.01325
        ]
      },
      "properties": {
        "name": "Rabat",
        "ascii_name": "Rabat",
        "feature_class": "P",
        "feature_code": "PPLC",
        "country_code": "MA",
        "cou_name_en": "Morocco",
        "population": 1655753,
        "dem": 46,
        "timezone": "Africa/Casablanca",
        "modification_date": "2019-09-05"
      }
    },
    {
      "type": "Feature",
      "geometry": {
        "type": "Point",
        "coordinates": [
          73.0479,
          33.59733
        ]
      },
      "properties": {
        "name": "Rawalpindi",
        "ascii_name": "Rawalpindi",
        "feature_class": "P",
        "feature_code": "PPLA2",
        "country_code": "PK",
        "cou_name_en": "Pakistan",
        "population": 3357612,
        "dem": 501,
        "timezone": "Asia/Karachi",
        "modification_date": "2025-05-15"
      }
    },
    {
      "type": "Feature",
      "geometry": {
        "type": "Point",
        "coordinates": [
          125.75432,
          39.03385
        ]
      },
      "properties": {
        "name": "Pyongyang",
        "ascii_name": "Pyongyang",
        "feature_class": "P",
        "feature_code": "PPLC",
        "country_code": "KP",
        "cou_name_en": "Korea, Dem. People's Rep. of",
        "population": 3222000,
        "dem": 43,
        "timezone": "Asia/Pyongyang",
        "modification_date": "2024-06-19"
      }
    },
    {
      "type": "Feature",
      "geometry": {
        "type": "Point",
        "coordinates": [
          44.83412,
          41.69143
        ]
      },
      "properties": {
        "name": "Tbilisi",
        "ascii_name": "Tbilisi",
        "feature_class": "P",
        "feature_code": "PPLC",
        "country_code": "GE",
        "cou_name_en": "Georgia",
        "population": 1049498,
        "dem": 433,
        "timezone": "Asia/Tbilisi",
        "modification_date": "2025-07-16"
      }
    },
    {
      "type": "Feature",
      "geometry": {
        "type": "Point",
        "coordinates": [
          72.96355,
          19.19704
        ]
      },
      "properties": {
        "name": "Thāne",
        "ascii_name": "Thane",
        "feature_class": "P",
        "feature_code": "PPL",
        "country_code": "IN",
        "cou_name_en": "India",
        "population": 1841488,
        "dem": 23,
        "timezone": "Asia/Kolkata",
        "modification_date": "2025-05-25"
      }
    },
    {
      "type": "Feature",
      "geometry": {
        "type": "Point",
        "coordinates": [
          77.47772,
          10.01115
        ]
      },
      "properties": {
        "name": "Teni",
        "ascii_name": "Teni",
        "feature_class": "P",
        "feature_code": "PPLX",
        "country_code": "IN",
        "cou_name_en": "India",
        "population": 1034724,
        "dem": 300,
        "timezone": "Asia/Kolkata",
        "modification_date": "2024-01-06"
      }
    },
    {
      "type": "Feature",
      "geometry": {
        "type": "Point",
        "coordinates": [
          74.87534,
          31.62234
        ]
      },
      "properties": {
        "name": "Amritsar",
        "ascii_name": "Amritsar",
        "feature_class": "P",
        "feature_code": "PPL",
        "country_code": "IN",
        "cou_name_en": "India",
        "population": 1159227,
        "dem": 244,
        "timezone": "Asia/Kolkata",
        "modification_date": "2025-08-05"
      }
    },
    {
      "type": "Feature",
      "geometry": {
        "type": "Point",
        "coordinates": [
          43.10555,
          36.33271
        ]
      },
      "properties": {
        "name": "Al Mawşil al Jadīdah",
        "ascii_name": "Al Mawsil al Jadidah",
        "feature_class": "P",
        "feature_code": "PPLX",
        "country_code": "IQ",
        "cou_name_en": "Iraq",
        "population": 2065597,
        "dem": 239,
        "timezone": "Asia/Baghdad",
        "modification_date": "2016-06-22"
      }
    },
    {
      "type": "Feature",
      "geometry": {
        "type": "Point",
        "coordinates": [
          50.99155,
          35.83266
        ]
      },
      "properties": {
        "name": "Karaj",
        "ascii_name": "Karaj",
        "feature_class": "P",
        "feature_code": "PPLA",
        "country_code": "IR",
        "cou_name_en": "Iran, Islamic Rep. of",
        "population": 1448075,
        "dem": 1341,
        "timezone": "Asia/Tehran",
        "modification_date": "2021-08-20"
      }
    },
    {
      "type": "Feature",
      "geometry": {
        "type": "Point",
        "coordinates": [
          75.85379,
          30.91204
        ]
      },
      "properties": {
        "name": "Ludhiana",
        "ascii_name": "Ludhiana",
        "feature_class": "P",
        "feature_code": "PPL",
        "country_code": "IN",
        "cou_name_en": "India",
        "population": 1618879,
        "dem": 256,
        "timezone": "Asia/Kolkata",
        "modification_date": "2025-08-05"
      }
    },
    {
      "type": "Feature",
      "geometry": {
        "type": "Point",
        "coordinates": [
          79.95006,
          23.16697
        ]
      },
      "properties": {
        "name": "Jabalpur",
        "ascii_name": "Jabalpur",
        "feature_class": "P",
        "feature_code": "PPL",
        "country_code": "IN",
        "cou_name_en": "India",
        "population": 1081677,
        "dem": 416,
        "timezone": "Asia/Kolkata",
        "modification_date": "2025-05-25"
      }
    },
    {
      "type": "Feature",
      "geometry": {
        "type": "Point",
        "coordinates": [
          5.24322,
          13.06269
        ]
      },
      "properties": {
        "name": "Sokoto",
        "ascii_name": "Sokoto",
        "feature_class": "P",
        "feature_code": "PPLA",
        "country_code": "NG",
        "cou_name_en": "Nigeria",
        "population": 1040000,
        "dem": 296,
        "timezone": "Africa/Lagos",
        "modification_date": "2024-01-18"
      }
    },
    {
      "type": "Feature",
      "geometry": {
        "type": "Point",
        "coordinates": [
          8.89212,
          9.92849
        ]
      },
      "properties": {
        "name": "Jos",
        "ascii_name": "Jos",
        "feature_class": "P",
        "feature_code": "PPLA",
        "country_code": "NG",
        "cou_name_en": "Nigeria",
        "population": 1040000,
        "dem": 1186,
        "timezone": "Africa/Lagos",
        "modification_date": "2024-01-18"
      }
    },
    {
      "type": "Feature",
      "geometry": {
        "type": "Point",
        "coordinates": [
          -98.49363,
          29.42412
        ]
      },
      "properties": {
        "name": "San Antonio",
        "ascii_name": "San Antonio",
        "feature_class": "P",
        "feature_code": "PPLA2",
        "country_code": "US",
        "cou_name_en": "United States",
        "population": 1526656,
        "dem": 202,
        "timezone": "America/Chicago",
        "modification_date": "2025-06-25"
      }
    },
    {
      "type": "Feature",
      "geometry": {
        "type": "Point",
        "coordinates": [
          105.06216,
          29.58354
        ]
      },
      "properties": {
        "name": "Neijiang",
        "ascii_name": "Neijiang",
        "feature_class": "P",
        "feature_code": "PPLA3",
        "country_code": "CN",
        "cou_name_en": "China",
        "population": 1251095,
        "dem": 349,
        "timezone": "Asia/Shanghai",
        "modification_date": "2021-10-19"
      }
    },
    {
      "type": "Feature",
      "geometry": {
        "type": "Point",
        "coordinates": [
          104.68168,
          31.46784
        ]
      },
      "properties": {
        "name": "Mianyang",
        "ascii_name": "Mianyang",
        "feature_class": "P",
        "feature_code": "PPLA3",
        "country_code": "CN",
        "cou_name_en": "China",
        "population": 1550000,
        "dem": 471,
        "timezone": "Asia/Shanghai",
        "modification_date": "2021-12-13"
      }
    },
    {
      "type": "Feature",
      "geometry": {
        "type": "Point",
        "coordinates": [
          112.43684,
          34.67345
        ]
      },
      "properties": {
        "name": "Luoyang",
        "ascii_name": "Luoyang",
        "feature_class": "P",
        "feature_code": "PPLA2",
        "country_code": "CN",
        "cou_name_en": "China",
        "population": 1390581,
        "dem": 128,
        "timezone": "Asia/Shanghai",
        "modification_date": "2025-11-15"
      }
    },
    {
      "type": "Feature",
      "geometry": {
        "type": "Point",
        "coordinates": [
          116.51688,
          31.73561
        ]
      },
      "properties": {
        "name": "Lu’an",
        "ascii_name": "Lu'an",
        "feature_class": "P",
        "feature_code": "PPLA2",
        "country_code": "CN",
        "cou_name_en": "China",
        "population": 1644344,
        "dem": 81,
        "timezone": "Asia/Shanghai",
        "modification_date": "2021-10-18"
      }
    },
    {
      "type": "Feature",
      "geometry": {
        "type": "Point",
        "coordinates": [
          109.84389,
          40.6516
        ]
      },
      "properties": {
        "name": "Baotou",
        "ascii_name": "Baotou",
        "feature_class": "P",
        "feature_code": "PPL",
        "country_code": "CN",
        "cou_name_en": "China",
        "population": 2150000,
        "dem": 1064,
        "timezone": "Asia/Shanghai",
        "modification_date": "2025-10-31"
      }
    },
    {
      "type": "Feature",
      "geometry": {
        "type": "Point",
        "coordinates": [
          151.20732,
          -33.86785
        ]
      },
      "properties": {
        "name": "Sydney",
        "ascii_name": "Sydney",
        "feature_class": "P",
        "feature_code": "PPLA",
        "country_code": "AU",
        "cou_name_en": "Australia",
        "population": 5557233,
        "dem": 58,
        "timezone": "Australia/Sydney",
        "modification_date": "2025-06-10"
      }
    },
    {
      "type": "Feature",
      "geometry": {
        "type": "Point",
        "coordinates": [
          30.74383,
          46.48572
        ]
      },
      "properties": {
        "name": "Odesa",
        "ascii_name": "Odesa",
        "feature_class": "P",
        "feature_code": "PPLA",
        "country_code": "UA",
        "cou_name_en": "Ukraine",
        "population": 1015826,
        "dem": 34,
        "timezone": "Europe/Kyiv",
        "modification_date": "2023-10-21"
      }
    },
    {
      "type": "Feature",
      "geometry": {
        "type": "Point",
        "coordinates": [
          -97.32085,
          32.72541
        ]
      },
      "properties": {
        "name": "Fort Worth",
        "ascii_name": "Fort Worth",
        "feature_class": "P",
        "feature_code": "PPLA2",
        "country_code": "US",
        "cou_name_en": "United States",
        "population": 1008106,
        "dem": 203,
        "timezone": "America/Chicago",
        "modification_date": "2025-06-25"
      }
    },
    {
      "type": "Feature",
      "geometry": {
        "type": "Point",
        "coordinates": [
          82.93175,
          55.02259
        ]
      },
      "properties": {
        "name": "Novosibirsk",
        "ascii_name": "Novosibirsk",
        "feature_class": "P",
        "feature_code": "PPLA",
        "country_code": "RU",
        "cou_name_en": "Russian Federation",
        "population": 1612833,
        "dem": 113,
        "timezone": "Asia/Novosibirsk",
        "modification_date": "2025-09-09"
      }
    },
    {
      "type": "Feature",
      "geometry": {
        "type": "Point",
        "coordinates": [
          -17.44406,
          14.6937
        ]
      },
      "properties": {
        "name": "Dakar",
        "ascii_name": "Dakar",
        "feature_class": "P",
        "feature_code": "PPLC",
        "country_code": "SN",
        "cou_name_en": "Senegal",
        "population": 2646503,
        "dem": 12,
        "timezone": "Africa/Dakar",
        "modification_date": "2024-07-27"
      }
    },
    {
      "type": "Feature",
      "geometry": {
        "type": "Point",
        "coordinates": [
          36.29128,
          33.5102
        ]
      },
      "properties": {
        "name": "Damascus",
        "ascii_name": "Damascus",
        "feature_class": "P",
        "feature_code": "PPLC",
        "country_code": "SY",
        "cou_name_en": "Syrian Arab Republic",
        "population": 1569394,
        "dem": 701,
        "timezone": "Asia/Damascus",
        "modification_date": "2019-09-05"
      }
    },
    {
      "type": "Feature",
      "geometry": {
        "type": "Point",
        "coordinates": [
          83.01041,
          25.31668
        ]
      },
      "properties": {
        "name": "Varanasi",
        "ascii_name": "Varanasi",
        "feature_class": "P",
        "feature_code": "PPL",
        "country_code": "IN",
        "cou_name_en": "India",
        "population": 1164404,
        "dem": 86,
        "timezone": "Asia/Kolkata",
        "modification_date": "2024-01-07"
      }
    },
    {
      "type": "Feature",
      "geometry": {
        "type": "Point",
        "coordinates": [
          75.83907,
          25.18254
        ]
      },
      "properties": {
        "name": "Kota",
        "ascii_name": "Kota",
        "feature_class": "P",
        "feature_code": "PPL",
        "country_code": "IN",
        "cou_name_en": "India",
        "population": 1001694,
        "dem": 267,
        "timezone": "Asia/Kolkata",
        "modification_date": "2025-08-05"
      }
    },
    {
      "type": "Feature",
      "geometry": {
        "type": "Point",
        "coordinates": [
          -1.62443,
          6.68848
        ]
      },
      "properties": {
        "name": "Kumasi",
        "ascii_name": "Kumasi",
        "feature_class": "P",
        "feature_code": "PPLA",
        "country_code": "GH",
        "cou_name_en": "Ghana",
        "population": 2544530,
        "dem": 270,
        "timezone": "Africa/Accra",
        "modification_date": "2024-06-22"
      }
    },
    {
      "type": "Feature",
      "geometry": {
        "type": "Point",
        "coordinates": [
          -13.68778,
          9.535
        ]
      },
      "properties": {
        "name": "Camayenne",
        "ascii_name": "Camayenne",
        "feature_class": "P",
        "feature_code": "PPL",
        "country_code": "GN",
        "cou_name_en": "Guinea",
        "population": 1871242,
        "dem": 6,
        "timezone": "Africa/Conakry",
        "modification_date": "2012-01-18"
      }
    },
    {
      "type": "Feature",
      "geometry": {
        "type": "Point",
        "coordinates": [
          110.42083,
          -6.99306
        ]
      },
      "properties": {
        "name": "Semarang",
        "ascii_name": "Semarang",
        "feature_class": "P",
        "feature_code": "PPLA",
        "country_code": "ID",
        "cou_name_en": "Indonesia",
        "population": 1653524,
        "dem": 18,
        "timezone": "Asia/Jakarta",
        "modification_date": "2022-12-31"
      }
    },
    {
      "type": "Feature",
      "geometry": {
        "type": "Point",
        "coordinates": [
          32.58322,
          -25.96553
        ]
      },
      "properties": {
        "name": "Maputo",
        "ascii_name": "Maputo",
        "feature_class": "P",
        "feature_code": "PPLC",
        "country_code": "MZ",
        "cou_name_en": "Mozambique",
        "population": 1254837,
        "dem": 70,
        "timezone": "Africa/Maputo",
        "modification_date": "2024-01-18"
      }
    },
    {
      "type": "Feature",
      "geometry": {
        "type": "Point",
        "coordinates": [
          -118.24368,
          34.05223
        ]
      },
      "properties": {
        "name": "Los Angeles",
        "ascii_name": "Los Angeles",
        "feature_class": "P",
        "feature_code": "PPLA2",
        "country_code": "US",
        "cou_name_en": "United States",
        "population": 3820914,
        "dem": 96,
        "timezone": "America/Los_Angeles",
        "modification_date": "2025-07-22"
      }
    },
    {
      "type": "Feature",
      "geometry": {
        "type": "Point",
        "coordinates": [
          -56.18816,
          -34.90328
        ]
      },
      "properties": {
        "name": "Montevideo",
        "ascii_name": "Montevideo",
        "feature_class": "P",
        "feature_code": "PPLC",
        "country_code": "UY",
        "cou_name_en": "Uruguay",
        "population": 1270737,
        "dem": 34,
        "timezone": "America/Montevideo",
        "modification_date": "2024-09-05"
      }
    },
    {
      "type": "Feature",
      "geometry": {
        "type": "Point",
        "coordinates": [
          108.22083,
          16.06778
        ]
      },
      "properties": {
        "name": "Da Nang",
        "ascii_name": "Da Nang",
        "feature_class": "P",
        "feature_code": "PPLA",
        "country_code": "VN",
        "cou_name_en": "Viet Nam",
        "population": 1276000,
        "dem": 11,
        "timezone": "Asia/Ho_Chi_Minh",
        "modification_date": "2025-09-25"
      }
    },
    {
      "type": "Feature",
      "geometry": {
        "type": "Point",
        "coordinates": [
          28.18783,
          -25.74486
        ]
      },
      "properties": {
        "name": "Pretoria",
        "ascii_name": "Pretoria",
        "feature_class": "P",
        "feature_code": "PPLC",
        "country_code": "ZA",
        "cou_name_en": "South Africa",
        "population": 2112693,
        "dem": 1332,
        "timezone": "Africa/Johannesburg",
        "modification_date": "2024-12-02"
      }
    },
    {
      "type": "Feature",
      "geometry": {
        "type": "Point",
        "coordinates": [
          45.34375,
          2.03711
        ]
      },
      "properties": {
        "name": "Mogadishu",
        "ascii_name": "Mogadishu",
        "feature_class": "P",
        "feature_code": "PPLC",
        "country_code": "SO",
        "cou_name_en": "Somalia",
        "population": 2587183,
        "dem": 12,
        "timezone": "Africa/Mogadishu",
        "modification_date": "2025-10-18"
      }
    },
    {
      "type": "Feature",
      "geometry": {
        "type": "Point",
        "coordinates": [
          126.70515,
          37.45646
        ]
      },
      "properties": {
        "name": "Incheon",
        "ascii_name": "Incheon",
        "feature_class": "P",
        "feature_code": "PPLA",
        "country_code": "KR",
        "cou_name_en": "Korea, Republic of",
        "population": 3039450,
        "dem": 43,
        "timezone": "Asia/Seoul",
        "modification_date": "2025-09-30"
      }
    },
    {
      "type": "Feature",
      "geometry": {
        "type": "Point",
        "coordinates": [
          83.20161,
          17.68009
        ]
      },
      "properties": {
        "name": "Visakhapatnam",
        "ascii_name": "Visakhapatnam",
        "feature_class": "P",
        "feature_code": "PPLA2",
        "country_code": "IN",
        "cou_name_en": "India",
        "population": 1063178,
        "dem": 24,
        "timezone": "Asia/Kolkata",
        "modification_date": "2024-07-15"
      }
    },
    {
      "type": "Feature",
      "geometry": {
        "type": "Point",
        "coordinates": [
          86.42992,
          23.79759
        ]
      },
      "properties": {
        "name": "Dhanbad",
        "ascii_name": "Dhanbad",
        "feature_class": "P",
        "feature_code": "PPLA2",
        "country_code": "IN",
        "cou_name_en": "India",
        "population": 1196214,
        "dem": 247,
        "timezone": "Asia/Kolkata",
        "modification_date": "2024-01-07"
      }
    },
    {
      "type": "Feature",
      "geometry": {
        "type": "Point",
        "coordinates": [
          102.71833,
          25.03889
        ]
      },
      "properties": {
        "name": "Kunming",
        "ascii_name": "Kunming",
        "feature_class": "P",
        "feature_code": "PPLA",
        "country_code": "CN",
        "cou_name_en": "China",
        "population": 3855346,
        "dem": 1895,
        "timezone": "Asia/Shanghai",
        "modification_date": "2025-02-22"
      }
    },
    {
      "type": "Feature",
      "geometry": {
        "type": "Point",
        "coordinates": [
          113.13148,
          23.02677
        ]
      },
      "properties": {
        "name": "Foshan",
        "ascii_name": "Foshan",
        "feature_class": "P",
        "feature_code": "PPLA2",
        "country_code": "CN",
        "cou_name_en": "China",
        "population": 9042509,
        "dem": 5,
        "timezone": "Asia/Shanghai",
        "modification_date": "2025-10-22"
      }
    },
    {
      "type": "Feature",
      "geometry": {
        "type": "Point",
        "coordinates": [
          -46.53333,
          -23.46278
        ]
      },
      "properties": {
        "name": "Guarulhos",
        "ascii_name": "Guarulhos",
        "feature_class": "P",
        "feature_code": "PPL",
        "country_code": "BR",
        "cou_name_en": "Brazil",
        "population": 1169577,
        "dem": 774,
        "timezone": "America/Sao_Paulo",
        "modification_date": "2017-12-12",
        "label_pos": "top"
      }
    },
    {
      "type": "Feature",
      "geometry": {
        "type": "Point",
        "coordinates": [
          -43.93778,
          -19.92083
        ]
      },
      "properties": {
        "name": "Belo Horizonte",
        "ascii_name": "Belo Horizonte",
        "feature_class": "P",
        "feature_code": "PPLA",
        "country_code": "BR",
        "cou_name_en": "Brazil",
        "population": 2721564,
        "dem": 872,
        "timezone": "America/Sao_Paulo",
        "modification_date": "2025-10-18"
      }
    },
    {
      "type": "Feature",
      "geometry": {
        "type": "Point",
        "coordinates": [
          101.68653,
          3.1412
        ]
      },
      "properties": {
        "name": "Kuala Lumpur",
        "ascii_name": "Kuala Lumpur",
        "feature_class": "P",
        "feature_code": "PPLC",
        "country_code": "MY",
        "cou_name_en": "Malaysia",
        "population": 1453975,
        "dem": 56,
        "timezone": "Asia/Kuala_Lumpur",
        "modification_date": "2025-11-03"
      }
    },
    {
      "type": "Feature",
      "geometry": {
        "type": "Point",
        "coordinates": [
          7.0134,
          4.77742
        ]
      },
      "properties": {
        "name": "Port Harcourt",
        "ascii_name": "Port Harcourt",
        "feature_class": "P",
        "feature_code": "PPLA",
        "country_code": "NG",
        "cou_name_en": "Nigeria",
        "population": 2120000,
        "dem": 16,
        "timezone": "Africa/Lagos",
        "modification_date": "2024-04-26"
      }
    },
    {
      "type": "Feature",
      "geometry": {
        "type": "Point",
        "coordinates": [
          124.43972,
          7.20417
        ]
      },
      "properties": {
        "name": "Budta",
        "ascii_name": "Budta",
        "feature_class": "P",
        "feature_code": "PPL",
        "country_code": "PH",
        "cou_name_en": "Philippines",
        "population": 1273715,
        "dem": 4,
        "timezone": "Asia/Manila",
        "modification_date": "2025-04-23"
      }
    },
    {
      "type": "Feature",
      "geometry": {
        "type": "Point",
        "coordinates": [
          71.57849,
          34.008
        ]
      },
      "properties": {
        "name": "Peshawar",
        "ascii_name": "Peshawar",
        "feature_class": "P",
        "feature_code": "PPLA",
        "country_code": "PK",
        "cou_name_en": "Pakistan",
        "population": 4758762,
        "dem": 340,
        "timezone": "Asia/Karachi",
        "modification_date": "2025-11-05"
      }
    },
    {
      "type": "Feature",
      "geometry": {
        "type": "Point",
        "coordinates": [
          -74.08175,
          4.60971
        ]
      },
      "properties": {
        "name": "Bogotá",
        "ascii_name": "Bogota",
        "feature_class": "P",
        "feature_code": "PPLC",
        "country_code": "CO",
        "cou_name_en": "Colombia",
        "population": 7674366,
        "dem": 2582,
        "timezone": "America/Bogota",
        "modification_date": "2024-03-26"
      }
    },
    {
      "type": "Feature",
      "geometry": {
        "type": "Point",
        "coordinates": [
          -4.0159,
          5.41613
        ]
      },
      "properties": {
        "name": "Abobo",
        "ascii_name": "Abobo",
        "feature_class": "P",
        "feature_code": "PPL",
        "country_code": "CI",
        "cou_name_en": "Côte d'Ivoire",
        "population": 1340083,
        "dem": 105,
        "timezone": "Africa/Abidjan",
        "modification_date": "2022-12-14"
      }
    },
    {
      "type": "Feature",
      "geometry": {
        "type": "Point",
        "coordinates": [
          110.14686,
          22.6305
        ]
      },
      "properties": {
        "name": "Yulin",
        "ascii_name": "Yulin",
        "feature_class": "P",
        "feature_code": "PPLA3",
        "country_code": "CN",
        "cou_name_en": "China",
        "population": 1056743,
        "dem": 87,
        "timezone": "Asia/Shanghai",
        "modification_date": "2021-10-14"
      }
    },
    {
      "type": "Feature",
      "geometry": {
        "type": "Point",
        "coordinates": [
          113.56778,
          22.27694
        ]
      },
      "properties": {
        "name": "Zhuhai",
        "ascii_name": "Zhuhai",
        "feature_class": "P",
        "feature_code": "PPLA2",
        "country_code": "CN",
        "cou_name_en": "China",
        "population": 2207090,
        "dem": 35,
        "timezone": "Asia/Shanghai",
        "modification_date": "2025-11-15"
      }
    },
    {
      "type": "Feature",
      "geometry": {
        "type": "Point",
        "coordinates": [
          120.38042,
          36.06488
        ]
      },
      "properties": {
        "name": "Qingdao",
        "ascii_name": "Qingdao",
        "feature_class": "P",
        "feature_code": "PPLA2",
        "country_code": "CN",
        "cou_name_en": "China",
        "population": 7172451,
        "dem": 16,
        "timezone": "Asia/Shanghai",
        "modification_date": "2024-03-26"
      }
    },
    {
      "type": "Feature",
      "geometry": {
        "type": "Point",
        "coordinates": [
          114.30742,
          34.7986
        ]
      },
      "properties": {
        "name": "Kaifeng",
        "ascii_name": "Kaifeng",
        "feature_class": "P",
        "feature_code": "PPL",
        "country_code": "CN",
        "cou_name_en": "China",
        "population": 1451741,
        "dem": 76,
        "timezone": "Asia/Shanghai",
        "modification_date": "2021-10-20"
      }
    },
    {
      "type": "Feature",
      "geometry": {
        "type": "Point",
        "coordinates": [
          116.99722,
          36.66833
        ]
      },
      "properties": {
        "name": "Jinan",
        "ascii_name": "Jinan",
        "feature_class": "P",
        "feature_code": "PPLA",
        "country_code": "CN",
        "cou_name_en": "China",
        "population": 4335989,
        "dem": 32,
        "timezone": "Asia/Shanghai",
        "modification_date": "2025-02-22"
      }
    },
    {
      "type": "Feature",
      "geometry": {
        "type": "Point",
        "coordinates": [
          120.75,
          30.7522
        ]
      },
      "properties": {
        "name": "Jiaxing",
        "ascii_name": "Jiaxing",
        "feature_class": "P",
        "feature_code": "PPLA2",
        "country_code": "CN",
        "cou_name_en": "China",
        "population": 1180000,
        "dem": 8,
        "timezone": "Asia/Shanghai",
        "modification_date": "2025-03-18"
      }
    },
    {
      "type": "Feature",
      "geometry": {
        "type": "Point",
        "coordinates": [
          120.0933,
          30.8703
        ]
      },
      "properties": {
        "name": "Huzhou",
        "ascii_name": "Huzhou",
        "feature_class": "P",
        "feature_code": "PPLA2",
        "country_code": "CN",
        "cou_name_en": "China",
        "population": 1015937,
        "dem": 6,
        "timezone": "Asia/Shanghai",
        "modification_date": "2025-08-20"
      }
    },
    {
      "type": "Feature",
      "geometry": {
        "type": "Point",
        "coordinates": [
          120.74221,
          31.64615
        ]
      },
      "properties": {
        "geoname_id": "7283386",
        "name": "Changshu",
        "ascii_name": "Changshu",
        "alternate_names": null,
        "feature_class": "P",
        "feature_code": "PPLA3",
        "country_code": "CN",
        "cou_name_en": "China",
        "country_code_2": null,
        "admin1_code": "04",
        "admin2_code": "3205",
        "admin3_code": null,
        "admin4_code": null,
        "population": 1677050,
        "elevation": null,
        "dem": 9,
        "timezone": "Asia/Shanghai",
        "modification_date": "2022-04-01",
        "label_en": "China"
      }
    },
    {
      "type": "Feature",
      "geometry": {
        "type": "Point",
        "coordinates": [
          13.41053,
          52.52437
        ]
      },
      "properties": {
        "name": "Berlin",
        "ascii_name": "Berlin",
        "feature_class": "P",
        "feature_code": "PPLC",
        "country_code": "DE",
        "cou_name_en": "Germany",
        "population": 3426354,
        "dem": 43,
        "timezone": "Europe/Berlin",
        "modification_date": "2025-07-22"
      }
    },
    {
      "type": "Feature",
      "geometry": {
        "type": "Point",
        "coordinates": [
          12.56553,
          55.67594
        ]
      },
      "properties": {
        "name": "Copenhagen",
        "ascii_name": "Copenhagen",
        "feature_class": "P",
        "feature_code": "PPLC",
        "country_code": "DK",
        "cou_name_en": "Denmark",
        "population": 1153615,
        "dem": 14,
        "timezone": "Europe/Copenhagen",
        "modification_date": "2024-09-05"
      }
    },
    {
      "type": "Feature",
      "geometry": {
        "type": "Point",
        "coordinates": [
          49.89201,
          40.37767
        ]
      },
      "properties": {
        "name": "Baku",
        "ascii_name": "Baku",
        "feature_class": "P",
        "feature_code": "PPLC",
        "country_code": "AZ",
        "cou_name_en": "Azerbaijan",
        "population": 1116513,
        "dem": -23,
        "timezone": "Asia/Baku",
        "modification_date": "2024-12-12"
      }
    },
    {
      "type": "Feature",
      "geometry": {
        "type": "Point",
        "coordinates": [
          27.56653,
          53.90019
        ]
      },
      "properties": {
        "name": "Minsk",
        "ascii_name": "Minsk",
        "feature_class": "P",
        "feature_code": "PPLC",
        "country_code": "BY",
        "cou_name_en": "Belarus",
        "population": 1742124,
        "dem": 222,
        "timezone": "Europe/Minsk",
        "modification_date": "2025-11-01"
      }
    },
    {
      "type": "Feature",
      "geometry": {
        "type": "Point",
        "coordinates": [
          15.31357,
          -4.32758
        ]
      },
      "properties": {
        "name": "Kinshasa",
        "ascii_name": "Kinshasa",
        "feature_class": "P",
        "feature_code": "PPLC",
        "country_code": "CD",
        "cou_name_en": "Congo, Democratic Republic of the",
        "population": 16000000,
        "dem": 281,
        "timezone": "Africa/Kinshasa",
        "modification_date": "2023-11-29"
      }
    },
    {
      "type": "Feature",
      "geometry": {
        "type": "Point",
        "coordinates": [
          117.94287,
          28.45179
        ]
      },
      "properties": {
        "name": "Shangrao",
        "ascii_name": "Shangrao",
        "feature_class": "P",
        "feature_code": "PPLA2",
        "country_code": "CN",
        "cou_name_en": "China",
        "population": 1116486,
        "dem": 84,
        "timezone": "Asia/Shanghai",
        "modification_date": "2021-10-07"
      }
    },
    {
      "type": "Feature",
      "geometry": {
        "type": "Point",
        "coordinates": [
          119.90812,
          32.49069
        ]
      },
      "properties": {
        "name": "Taizhou",
        "ascii_name": "Taizhou",
        "feature_class": "P",
        "feature_code": "PPLA3",
        "country_code": "CN",
        "cou_name_en": "China",
        "population": 1607108,
        "dem": 10,
        "timezone": "Asia/Shanghai",
        "modification_date": "2021-10-07"
      }
    },
    {
      "type": "Feature",
      "geometry": {
        "type": "Point",
        "coordinates": [
          116.97889,
          33.63611
        ]
      },
      "properties": {
        "name": "Suzhou",
        "ascii_name": "Suzhou",
        "feature_class": "P",
        "feature_code": "PPLA2",
        "country_code": "CN",
        "cou_name_en": "China",
        "population": 1647642,
        "dem": 34,
        "timezone": "Asia/Shanghai",
        "modification_date": "2024-03-26"
      }
    },
    {
      "type": "Feature",
      "geometry": {
        "type": "Point",
        "coordinates": [
          119.01917,
          33.58861
        ]
      },
      "properties": {
        "name": "Huai'an",
        "ascii_name": "Huai'an",
        "feature_class": "P",
        "feature_code": "PPL",
        "country_code": "CN",
        "cou_name_en": "China",
        "population": 2494013,
        "dem": 14,
        "timezone": "Asia/Shanghai",
        "modification_date": "2025-08-20"
      }
    },
    {
      "type": "Feature",
      "geometry": {
        "type": "Point",
        "coordinates": [
          117.01775,
          25.07485
        ]
      },
      "properties": {
        "name": "Longyan",
        "ascii_name": "Longyan",
        "feature_class": "P",
        "feature_code": "PPLA2",
        "country_code": "CN",
        "cou_name_en": "China",
        "population": 1025087,
        "dem": 318,
        "timezone": "Asia/Shanghai",
        "modification_date": "2021-10-08"
      }
    },
    {
      "type": "Feature",
      "geometry": {
        "type": "Point",
        "coordinates": [
          113.62709,
          28.15861
        ]
      },
      "properties": {
        "name": "Guankou",
        "ascii_name": "Guankou",
        "feature_class": "P",
        "feature_code": "PPLA3",
        "country_code": "CN",
        "cou_name_en": "China",
        "population": 1380000,
        "dem": 79,
        "timezone": "Asia/Shanghai",
        "modification_date": "2021-09-20"
      }
    },
    {
      "type": "Feature",
      "geometry": {
        "type": "Point",
        "coordinates": [
          107.02214,
          33.07507
        ]
      },
      "properties": {
        "name": "Hanzhong",
        "ascii_name": "Hanzhong",
        "feature_class": "P",
        "feature_code": "PPLA2",
        "country_code": "CN",
        "cou_name_en": "China",
        "population": 1006557,
        "dem": 517,
        "timezone": "Asia/Shanghai",
        "modification_date": "2025-08-18"
      }
    },
    {
      "type": "Feature",
      "geometry": {
        "type": "Point",
        "coordinates": [
          114.48764,
          36.60999
        ]
      },
      "properties": {
        "name": "Handan",
        "ascii_name": "Handan",
        "feature_class": "P",
        "feature_code": "PPLA2",
        "country_code": "CN",
        "cou_name_en": "China",
        "population": 1358318,
        "dem": 61,
        "timezone": "Asia/Shanghai",
        "modification_date": "2025-11-15"
      }
    },
    {
      "type": "Feature",
      "geometry": {
        "type": "Point",
        "coordinates": [
          114.9326,
          25.84664
        ]
      },
      "properties": {
        "name": "Ganzhou",
        "ascii_name": "Ganzhou",
        "feature_class": "P",
        "feature_code": "PPLA2",
        "country_code": "CN",
        "cou_name_en": "China",
        "population": 1977253,
        "dem": 117,
        "timezone": "Asia/Shanghai",
        "modification_date": "2024-07-13"
      }
    },
    {
      "type": "Feature",
      "geometry": {
        "type": "Point",
        "coordinates": [
          30.5238,
          50.45466
        ]
      },
      "properties": {
        "name": "Kyiv",
        "ascii_name": "Kyiv",
        "feature_class": "P",
        "feature_code": "PPLC",
        "country_code": "UA",
        "cou_name_en": "Ukraine",
        "population": 2797553,
        "dem": 187,
        "timezone": "Europe/Kyiv",
        "modification_date": "2025-11-30"
      }
    },
    {
      "type": "Feature",
      "geometry": {
        "type": "Point",
        "coordinates": [
          36.25475,
          49.98177
        ]
      },
      "properties": {
        "name": "Kharkiv",
        "ascii_name": "Kharkiv",
        "feature_class": "P",
        "feature_code": "PPLA",
        "country_code": "UA",
        "cou_name_en": "Ukraine",
        "population": 1433886,
        "dem": 128,
        "timezone": "Europe/Kyiv",
        "modification_date": "2025-12-04"
      }
    },
    {
      "type": "Feature",
      "geometry": {
        "type": "Point",
        "coordinates": [
          46.72185,
          24.68773
        ]
      },
      "properties": {
        "name": "Riyadh",
        "ascii_name": "Riyadh",
        "feature_class": "P",
        "feature_code": "PPLC",
        "country_code": "SA",
        "cou_name_en": "Saudi Arabia",
        "population": 4205961,
        "dem": 612,
        "timezone": "Asia/Riyadh",
        "modification_date": "2024-03-26"
      }
    },
    {
      "type": "Feature",
      "geometry": {
        "type": "Point",
        "coordinates": [
          39.61417,
          24.46861
        ]
      },
      "properties": {
        "name": "Madinah",
        "ascii_name": "Madinah",
        "feature_class": "P",
        "feature_code": "PPLA",
        "country_code": "SA",
        "cou_name_en": "Saudi Arabia",
        "population": 1300000,
        "dem": 603,
        "timezone": "Asia/Riyadh",
        "modification_date": "2025-01-03"
      }
    },
    {
      "type": "Feature",
      "geometry": {
        "type": "Point",
        "coordinates": [
          18.06871,
          59.32938
        ]
      },
      "properties": {
        "name": "Stockholm",
        "ascii_name": "Stockholm",
        "feature_class": "P",
        "feature_code": "PPLC",
        "country_code": "SE",
        "cou_name_en": "Sweden",
        "population": 1515017,
        "dem": 17,
        "timezone": "Europe/Stockholm",
        "modification_date": "2024-06-20"
      }
    },
    {
      "type": "Feature",
      "geometry": {
        "type": "Point",
        "coordinates": [
          120.31333,
          22.61626
        ]
      },
      "properties": {
        "name": "Kaohsiung",
        "ascii_name": "Kaohsiung",
        "feature_class": "P",
        "feature_code": "PPLA",
        "country_code": "TW",
        "cou_name_en": "Taiwan, China",
        "population": 2737660,
        "dem": 9,
        "timezone": "Asia/Taipei",
        "modification_date": "2025-06-14"
      }
    },
    {
      "type": "Feature",
      "geometry": {
        "type": "Point",
        "coordinates": [
          -112.07404,
          33.44838
        ]
      },
      "properties": {
        "name": "Phoenix",
        "ascii_name": "Phoenix",
        "feature_class": "P",
        "feature_code": "PPLA",
        "country_code": "US",
        "cou_name_en": "United States",
        "population": 1650070,
        "dem": 366,
        "timezone": "America/Phoenix",
        "modification_date": "2025-04-14"
      }
    },
    {
      "type": "Feature",
      "geometry": {
        "type": "Point",
        "coordinates": [
          -66.87919,
          10.48801
        ]
      },
      "properties": {
        "name": "Caracas",
        "ascii_name": "Caracas",
        "feature_class": "P",
        "feature_code": "PPLC",
        "country_code": "VE",
        "cou_name_en": "Venezuela, Bolivarian Rep. of",
        "population": 3000000,
        "dem": 887,
        "timezone": "America/Caracas",
        "modification_date": "2025-11-01"
      }
    },
    {
      "type": "Feature",
      "geometry": {
        "type": "Point",
        "coordinates": [
          27.85849,
          -26.26781
        ]
      },
      "properties": {
        "name": "Soweto",
        "ascii_name": "Soweto",
        "feature_class": "P",
        "feature_code": "PPL",
        "country_code": "ZA",
        "cou_name_en": "South Africa",
        "population": 1695047,
        "dem": 1632,
        "timezone": "Africa/Johannesburg",
        "modification_date": "2012-07-12"
      }
    },
    {
      "type": "Feature",
      "geometry": {
        "type": "Point",
        "coordinates": [
          18.42322,
          -33.92584
        ]
      },
      "properties": {
        "name": "Cape Town",
        "ascii_name": "Cape Town",
        "feature_class": "P",
        "feature_code": "PPLA",
        "country_code": "ZA",
        "cou_name_en": "South Africa",
        "population": 4772846,
        "dem": 25,
        "timezone": "Africa/Johannesburg",
        "modification_date": "2025-06-11"
      }
    },
    {
      "type": "Feature",
      "geometry": {
        "type": "Point",
        "coordinates": [
          -117.00371,
          32.5027
        ]
      },
      "properties": {
        "name": "Tijuana",
        "ascii_name": "Tijuana",
        "feature_class": "P",
        "feature_code": "PPLA2",
        "country_code": "MX",
        "cou_name_en": "Mexico",
        "population": 1922523,
        "dem": 97,
        "timezone": "America/Tijuana",
        "modification_date": "2023-02-01"
      }
    },
    {
      "type": "Feature",
      "geometry": {
        "type": "Point",
        "coordinates": [
          135.75385,
          35.02107
        ]
      },
      "properties": {
        "name": "Kyoto",
        "ascii_name": "Kyoto",
        "feature_class": "P",
        "feature_code": "PPLA",
        "country_code": "JP",
        "cou_name_en": "Japan",
        "population": 1463723,
        "dem": 50,
        "timezone": "Asia/Tokyo",
        "modification_date": "2022-10-24"
      }
    },
    {
      "type": "Feature",
      "geometry": {
        "type": "Point",
        "coordinates": [
          76.97982,
          28.60922
        ]
      },
      "properties": {
        "name": "Najafgarh",
        "ascii_name": "Najafgarh",
        "feature_class": "P",
        "feature_code": "PPL",
        "country_code": "IN",
        "cou_name_en": "India",
        "population": 1365000,
        "dem": 215,
        "timezone": "Asia/Kolkata",
        "modification_date": "2024-01-06"
      }
    },
    {
      "type": "Feature",
      "geometry": {
        "type": "Point",
        "coordinates": [
          75.8333,
          22.71792
        ]
      },
      "properties": {
        "name": "Indore",
        "ascii_name": "Indore",
        "feature_class": "P",
        "feature_code": "PPL",
        "country_code": "IN",
        "cou_name_en": "India",
        "population": 1994397,
        "dem": 550,
        "timezone": "Asia/Kolkata",
        "modification_date": "2025-06-20"
      }
    },
    {
      "type": "Feature",
      "geometry": {
        "type": "Point",
        "coordinates": [
          76.96612,
          11.00555
        ]
      },
      "properties": {
        "name": "Coimbatore",
        "ascii_name": "Coimbatore",
        "feature_class": "P",
        "feature_code": "PPL",
        "country_code": "IN",
        "cou_name_en": "India",
        "population": 2136916,
        "dem": 425,
        "timezone": "Asia/Kolkata",
        "modification_date": "2024-01-06"
      }
    },
    {
      "type": "Feature",
      "geometry": {
        "type": "Point",
        "coordinates": [
          47.7804,
          30.50852
        ]
      },
      "properties": {
        "name": "Basrah",
        "ascii_name": "Basrah",
        "feature_class": "P",
        "feature_code": "PPLA",
        "country_code": "IQ",
        "cou_name_en": "Iraq",
        "population": 1326564,
        "dem": 4,
        "timezone": "Asia/Baghdad",
        "modification_date": "2024-02-14"
      }
    },
    {
      "type": "Feature",
      "geometry": {
        "type": "Point",
        "coordinates": [
          70.60403,
          32.98527
        ]
      },
      "properties": {
        "name": "Bannu",
        "ascii_name": "Bannu",
        "feature_class": "P",
        "feature_code": "PPLA2",
        "country_code": "PK",
        "cou_name_en": "Pakistan",
        "population": 1357890,
        "dem": 379,
        "timezone": "Asia/Karachi",
        "modification_date": "2025-02-06"
      }
    },
    {
      "type": "Feature",
      "geometry": {
        "type": "Point",
        "coordinates": [
          108.70261,
          34.33778
        ]
      },
      "properties": {
        "name": "Xianyang",
        "ascii_name": "Xianyang",
        "feature_class": "P",
        "feature_code": "PPLA3",
        "country_code": "CN",
        "cou_name_en": "China",
        "population": 1034081,
        "dem": 387,
        "timezone": "Asia/Shanghai",
        "modification_date": "2021-09-20"
      }
    },
    {
      "type": "Feature",
      "geometry": {
        "type": "Point",
        "coordinates": [
          118.08187,
          24.47979
        ]
      },
      "properties": {
        "name": "Xiamen",
        "ascii_name": "Xiamen",
        "feature_class": "P",
        "feature_code": "PPLA2",
        "country_code": "CN",
        "cou_name_en": "China",
        "population": 4617251,
        "dem": 12,
        "timezone": "Asia/Shanghai",
        "modification_date": "2024-09-05"
      }
    },
    {
      "type": "Feature",
      "geometry": {
        "type": "Point",
        "coordinates": [
          116.67876,
          23.35489
        ]
      },
      "properties": {
        "name": "Shantou",
        "ascii_name": "Shantou",
        "feature_class": "P",
        "feature_code": "PPLA2",
        "country_code": "CN",
        "cou_name_en": "China",
        "population": 3838900,
        "dem": 3,
        "timezone": "Asia/Shanghai",
        "modification_date": "2025-10-26"
      }
    },
    {
      "type": "Feature",
      "geometry": {
        "type": "Point",
        "coordinates": [
          119.88872,
          29.45679
        ]
      },
      "properties": {
        "name": "Puyang",
        "ascii_name": "Puyang",
        "feature_class": "P",
        "feature_code": "PPLA3",
        "country_code": "CN",
        "cou_name_en": "China",
        "population": 3590000,
        "dem": 76,
        "timezone": "Asia/Shanghai",
        "modification_date": "2024-05-23"
      }
    },
    {
      "type": "Feature",
      "geometry": {
        "type": "Point",
        "coordinates": [
          110.91364,
          21.66625
        ]
      },
      "properties": {
        "name": "Maoming",
        "ascii_name": "Maoming",
        "feature_class": "P",
        "feature_code": "PPLA2",
        "country_code": "CN",
        "cou_name_en": "China",
        "population": 1307802,
        "dem": 31,
        "timezone": "Asia/Shanghai",
        "modification_date": "2022-01-16"
      }
    },
    {
      "type": "Feature",
      "geometry": {
        "type": "Point",
        "coordinates": [
          116.00247,
          36.45064
        ]
      },
      "properties": {
        "name": "Liaocheng",
        "ascii_name": "Liaocheng",
        "feature_class": "P",
        "feature_code": "PPLA2",
        "country_code": "CN",
        "cou_name_en": "China",
        "population": 1229768,
        "dem": 32,
        "timezone": "Asia/Shanghai",
        "modification_date": "2021-10-20"
      }
    },
    {
      "type": "Feature",
      "geometry": {
        "type": "Point",
        "coordinates": [
          120.07676,
          29.31506
        ]
      },
      "properties": {
        "name": "Yiwu",
        "ascii_name": "Yiwu",
        "feature_class": "P",
        "feature_code": "PPLA3",
        "country_code": "CN",
        "cou_name_en": "China",
        "population": 1481384,
        "dem": 84,
        "timezone": "Asia/Shanghai",
        "modification_date": "2021-12-13"
      }
    },
    {
      "type": "Feature",
      "geometry": {
        "type": "Point",
        "coordinates": [
          104.83333,
          26.59444
        ]
      },
      "properties": {
        "name": "Liupanshui",
        "ascii_name": "Liupanshui",
        "feature_class": "P",
        "feature_code": "PPL",
        "country_code": "CN",
        "cou_name_en": "China",
        "population": 1320825,
        "dem": 1799,
        "timezone": "Asia/Shanghai",
        "modification_date": "2021-10-14"
      }
    },
    {
      "type": "Feature",
      "geometry": {
        "type": "Point",
        "coordinates": [
          -73.96625,
          40.78343
        ]
      },
      "properties": {
        "name": "Manhattan",
        "ascii_name": "Manhattan",
        "feature_class": "P",
        "feature_code": "PPLA2",
        "country_code": "US",
        "cou_name_en": "United States",
        "population": 1487536,
        "dem": 38,
        "timezone": "America/New_York",
        "modification_date": "2021-08-20"
      }
    },
    {
      "type": "Feature",
      "geometry": {
        "type": "Point",
        "coordinates": [
          39.19204,
          51.66833
        ]
      },
      "properties": {
        "name": "Voronezh",
        "ascii_name": "Voronezh",
        "feature_class": "P",
        "feature_code": "PPLA",
        "country_code": "RU",
        "cou_name_en": "Russian Federation",
        "population": 1047549,
        "dem": 148,
        "timezone": "Europe/Moscow",
        "modification_date": "2025-09-09"
      }
    },
    {
      "type": "Feature",
      "geometry": {
        "type": "Point",
        "coordinates": [
          35.94503,
          31.95522
        ]
      },
      "properties": {
        "name": "Amman",
        "ascii_name": "Amman",
        "feature_class": "P",
        "feature_code": "PPLC",
        "country_code": "JO",
        "cou_name_en": "Jordan",
        "population": 1275857,
        "dem": 757,
        "timezone": "Asia/Amman",
        "modification_date": "2019-09-05"
      }
    },
    {
      "type": "Feature",
      "geometry": {
        "type": "Point",
        "coordinates": [
          106.9896,
          -6.2349
        ]
      },
      "properties": {
        "name": "Bekasi",
        "ascii_name": "Bekasi",
        "feature_class": "P",
        "feature_code": "PPL",
        "country_code": "ID",
        "cou_name_en": "Indonesia",
        "population": 2564940,
        "dem": 18,
        "timezone": "Asia/Jakarta",
        "modification_date": "2025-06-20"
      }
    },
    {
      "type": "Feature",
      "geometry": {
        "type": "Point",
        "coordinates": [
          72.81136,
          19.45591
        ]
      },
      "properties": {
        "name": "Virār",
        "ascii_name": "Virar",
        "feature_class": "P",
        "feature_code": "PPL",
        "country_code": "IN",
        "cou_name_en": "India",
        "population": 1222390,
        "dem": 9,
        "timezone": "Asia/Kolkata",
        "modification_date": "2025-05-25"
      }
    },
    {
      "type": "Feature",
      "geometry": {
        "type": "Point",
        "coordinates": [
          78.45636,
          17.38405
        ]
      },
      "properties": {
        "name": "Hyderabad",
        "ascii_name": "Hyderabad",
        "feature_class": "P",
        "feature_code": "PPLA",
        "country_code": "IN",
        "cou_name_en": "India",
        "population": 6993262,
        "dem": 515,
        "timezone": "Asia/Kolkata",
        "modification_date": "2025-08-05"
      }
    },
    {
      "type": "Feature",
      "geometry": {
        "type": "Point",
        "coordinates": [
          77.31316,
          28.41124
        ]
      },
      "properties": {
        "name": "Faridabad",
        "ascii_name": "Faridabad",
        "feature_class": "P",
        "feature_code": "PPLA2",
        "country_code": "IN",
        "cou_name_en": "India",
        "population": 1414050,
        "dem": 209,
        "timezone": "Asia/Kolkata",
        "modification_date": "2025-11-04"
      }
    },
    {
      "type": "Feature",
      "geometry": {
        "type": "Point",
        "coordinates": [
          72.88261,
          19.07283
        ]
      },
      "properties": {
        "name": "Mumbai",
        "ascii_name": "Mumbai",
        "feature_class": "P",
        "feature_code": "PPLA",
        "country_code": "IN",
        "cou_name_en": "India",
        "population": 12691836,
        "dem": 8,
        "timezone": "Asia/Kolkata",
        "modification_date": "2024-09-05"
      }
    },
    {
      "type": "Feature",
      "geometry": {
        "type": "Point",
        "coordinates": [
          77.40289,
          23.25469
        ]
      },
      "properties": {
        "name": "Bhopal",
        "ascii_name": "Bhopal",
        "feature_class": "P",
        "feature_code": "PPLA",
        "country_code": "IN",
        "cou_name_en": "India",
        "population": 1798218,
        "dem": 523,
        "timezone": "Asia/Kolkata",
        "modification_date": "2025-10-12"
      }
    },
    {
      "type": "Feature",
      "geometry": {
        "type": "Point",
        "coordinates": [
          -100.38806,
          20.58806
        ]
      },
      "properties": {
        "name": "Santiago de Querétaro",
        "ascii_name": "Santiago de Queretaro",
        "feature_class": "P",
        "feature_code": "PPLA",
        "country_code": "MX",
        "cou_name_en": "Mexico",
        "population": 1594212,
        "dem": 1826,
        "timezone": "America/Mexico_City",
        "modification_date": "2023-07-22"
      }
    },
    {
      "type": "Feature",
      "geometry": {
        "type": "Point",
        "coordinates": [
          67.0104,
          24.8608
        ]
      },
      "properties": {
        "name": "Karachi",
        "ascii_name": "Karachi",
        "feature_class": "P",
        "feature_code": "PPLA",
        "country_code": "PK",
        "cou_name_en": "Pakistan",
        "population": 11624219,
        "dem": 8,
        "timezone": "Asia/Karachi",
        "modification_date": "2024-09-05"
      }
    },
    {
      "type": "Feature",
      "geometry": {
        "type": "Point",
        "coordinates": [
          90.40744,
          23.7104
        ]
      },
      "properties": {
        "name": "Dhaka",
        "ascii_name": "Dhaka",
        "feature_class": "P",
        "feature_code": "PPLC",
        "country_code": "BD",
        "cou_name_en": "Bangladesh",
        "population": 10356500,
        "dem": 23,
        "timezone": "Asia/Dhaka",
        "modification_date": "2024-09-05"
      }
    },
    {
      "type": "Feature",
      "geometry": {
        "type": "Point",
        "coordinates": [
          136.90641,
          35.18147
        ]
      },
      "properties": {
        "name": "Nagoya",
        "ascii_name": "Nagoya",
        "feature_class": "P",
        "feature_code": "PPLA",
        "country_code": "JP",
        "cou_name_en": "Japan",
        "population": 2332176,
        "dem": 23,
        "timezone": "Asia/Tokyo",
        "modification_date": "2025-10-18"
      }
    },
    {
      "type": "Feature",
      "geometry": {
        "type": "Point",
        "coordinates": [
          36.81667,
          -1.28333
        ]
      },
      "properties": {
        "name": "Nairobi",
        "ascii_name": "Nairobi",
        "feature_class": "P",
        "feature_code": "PPLC",
        "country_code": "KE",
        "cou_name_en": "Kenya",
        "population": 4397073,
        "dem": 1684,
        "timezone": "Africa/Nairobi",
        "modification_date": "2023-12-21"
      }
    },
    {
      "type": "Feature",
      "geometry": {
        "type": "Point",
        "coordinates": [
          126.9784,
          37.566
        ]
      },
      "properties": {
        "name": "Seoul",
        "ascii_name": "Seoul",
        "feature_class": "P",
        "feature_code": "PPLC",
        "country_code": "KR",
        "cou_name_en": "Korea, Republic of",
        "population": 10349312,
        "dem": 38,
        "timezone": "Asia/Seoul",
        "modification_date": "2024-12-01"
      }
    },
    {
      "type": "Feature",
      "geometry": {
        "type": "Point",
        "coordinates": [
          -5.00028,
          34.03313
        ]
      },
      "properties": {
        "name": "Fes",
        "ascii_name": "Fes",
        "feature_class": "P",
        "feature_code": "PPLA",
        "country_code": "MA",
        "cou_name_en": "Morocco",
        "population": 1191905,
        "dem": 406,
        "timezone": "Africa/Casablanca",
        "modification_date": "2024-01-18"
      }
    },
    {
      "type": "Feature",
      "geometry": {
        "type": "Point",
        "coordinates": [
          30.69556,
          36.90812
        ]
      },
      "properties": {
        "name": "Antalya",
        "ascii_name": "Antalya",
        "feature_class": "P",
        "feature_code": "PPLA",
        "country_code": "TR",
        "cou_name_en": "Turkey",
        "population": 1344000,
        "dem": 61,
        "timezone": "Europe/Istanbul",
        "modification_date": "2025-06-02"
      }
    },
    {
      "type": "Feature",
      "geometry": {
        "type": "Point",
        "coordinates": [
          106.78917,
          -6.59444
        ]
      },
      "properties": {
        "name": "Bogor",
        "ascii_name": "Bogor",
        "feature_class": "P",
        "feature_code": "PPL",
        "country_code": "ID",
        "cou_name_en": "Indonesia",
        "population": 1127408,
        "dem": 245,
        "timezone": "Asia/Jakarta",
        "modification_date": "2024-05-23"
      }
    },
    {
      "type": "Feature",
      "geometry": {
        "type": "Point",
        "coordinates": [
          73.13554,
          19.2437
        ]
      },
      "properties": {
        "name": "Kalyān",
        "ascii_name": "Kalyan",
        "feature_class": "P",
        "feature_code": "PPL",
        "country_code": "IN",
        "cou_name_en": "India",
        "population": 1262255,
        "dem": 10,
        "timezone": "Asia/Kolkata",
        "modification_date": "2024-01-06"
      }
    },
    {
      "type": "Feature",
      "geometry": {
        "type": "Point",
        "coordinates": [
          44.40088,
          33.34058
        ]
      },
      "properties": {
        "name": "Baghdad",
        "ascii_name": "Baghdad",
        "feature_class": "P",
        "feature_code": "PPLC",
        "country_code": "IQ",
        "cou_name_en": "Iraq",
        "population": 7216000,
        "dem": 41,
        "timezone": "Asia/Baghdad",
        "modification_date": "2024-02-14"
      }
    },
    {
      "type": "Feature",
      "geometry": {
        "type": "Point",
        "coordinates": [
          20.46513,
          44.80401
        ]
      },
      "properties": {
        "name": "Belgrade",
        "ascii_name": "Belgrade",
        "feature_class": "P",
        "feature_code": "PPLC",
        "country_code": "RS",
        "cou_name_en": "Serbia",
        "population": 1273651,
        "dem": 120,
        "timezone": "Europe/Belgrade",
        "modification_date": "2020-01-31"
      }
    },
    {
      "type": "Feature",
      "geometry": {
        "type": "Point",
        "coordinates": [
          85.3206,
          27.70169
        ]
      },
      "properties": {
        "name": "Kathmandu",
        "ascii_name": "Kathmandu",
        "feature_class": "P",
        "feature_code": "PPLC",
        "country_code": "NP",
        "cou_name_en": "Nepal",
        "population": 1442271,
        "dem": 1296,
        "timezone": "Asia/Kathmandu",
        "modification_date": "2019-10-18"
      }
    },
    {
      "type": "Feature",
      "geometry": {
        "type": "Point",
        "coordinates": [
          -82.38304,
          23.13302
        ]
      },
      "properties": {
        "name": "Havana",
        "ascii_name": "Havana",
        "feature_class": "P",
        "feature_code": "PPLC",
        "country_code": "CU",
        "cou_name_en": "Cuba",
        "population": 2163824,
        "dem": 41,
        "timezone": "America/Havana",
        "modification_date": "2025-10-31"
      }
    },
    {
      "type": "Feature",
      "geometry": {
        "type": "Point",
        "coordinates": [
          109.50947,
          18.25435
        ]
      },
      "properties": {
        "name": "Sanya",
        "ascii_name": "Sanya",
        "feature_class": "P",
        "feature_code": "PPLA2",
        "country_code": "CN",
        "cou_name_en": "China",
        "population": 1031396,
        "dem": 1,
        "timezone": "Asia/Shanghai",
        "modification_date": "2024-02-08"
      }
    },
    {
      "type": "Feature",
      "geometry": {
        "type": "Point",
        "coordinates": [
          113.03333,
          23.7
        ]
      },
      "properties": {
        "name": "Qingyuan",
        "ascii_name": "Qingyuan",
        "feature_class": "P",
        "feature_code": "PPLA2",
        "country_code": "CN",
        "cou_name_en": "China",
        "population": 1738424,
        "dem": 11,
        "timezone": "Asia/Shanghai",
        "modification_date": "2021-10-14"
      }
    },
    {
      "type": "Feature",
      "geometry": {
        "type": "Point",
        "coordinates": [
          116.00206,
          29.70475
        ]
      },
      "properties": {
        "name": "Jiujiang",
        "ascii_name": "Jiujiang",
        "feature_class": "P",
        "feature_code": "PPLA2",
        "country_code": "CN",
        "cou_name_en": "China",
        "population": 1164268,
        "dem": 41,
        "timezone": "Asia/Shanghai",
        "modification_date": "2021-10-11"
      }
    },
    {
      "type": "Feature",
      "geometry": {
        "type": "Point",
        "coordinates": [
          23.32415,
          42.69751
        ]
      },
      "properties": {
        "name": "Sofia",
        "ascii_name": "Sofia",
        "feature_class": "P",
        "feature_code": "PPLC",
        "country_code": "BG",
        "cou_name_en": "Bulgaria",
        "population": 1152556,
        "dem": 562,
        "timezone": "Europe/Sofia",
        "modification_date": "2023-09-08"
      }
    },
    {
      "type": "Feature",
      "geometry": {
        "type": "Point",
        "coordinates": [
          -79.39864,
          43.70643
        ]
      },
      "properties": {
        "name": "Toronto",
        "ascii_name": "Toronto",
        "feature_class": "P",
        "feature_code": "PPLA",
        "country_code": "CA",
        "cou_name_en": "Canada",
        "population": 2794356,
        "dem": 161,
        "timezone": "America/Toronto",
        "modification_date": "2025-08-04"
      }
    },
    {
      "type": "Feature",
      "geometry": {
        "type": "Point",
        "coordinates": [
          4.34878,
          50.85045
        ]
      },
      "properties": {
        "name": "Brussels",
        "ascii_name": "Brussels",
        "feature_class": "P",
        "feature_code": "PPLC",
        "country_code": "BE",
        "cou_name_en": "Belgium",
        "population": 1019022,
        "dem": 28,
        "timezone": "Europe/Brussels",
        "modification_date": "2024-05-03"
      }
    },
    {
      "type": "Feature",
      "geometry": {
        "type": "Point",
        "coordinates": [
          -68.15,
          -16.5
        ]
      },
      "properties": {
        "name": "La Paz",
        "ascii_name": "La Paz",
        "feature_class": "P",
        "feature_code": "PPLG",
        "country_code": "BO",
        "cou_name_en": "Bolivia",
        "population": 2004652,
        "dem": 3782,
        "timezone": "America/La_Paz",
        "modification_date": "2025-07-19"
      }
    },
    {
      "type": "Feature",
      "geometry": {
        "type": "Point",
        "coordinates": [
          120.53889,
          31.865
        ]
      },
      "properties": {
        "name": "Zhangjiagang",
        "ascii_name": "Zhangjiagang",
        "feature_class": "P",
        "feature_code": "PPLA3",
        "country_code": "CN",
        "cou_name_en": "China",
        "population": 1432044,
        "dem": 13,
        "timezone": "Asia/Shanghai",
        "modification_date": "2022-04-01"
      }
    },
    {
      "type": "Feature",
      "geometry": {
        "type": "Point",
        "coordinates": [
          119.95401,
          31.77359
        ]
      },
      "properties": {
        "name": "Changzhou",
        "ascii_name": "Changzhou",
        "feature_class": "P",
        "feature_code": "PPLA2",
        "country_code": "CN",
        "cou_name_en": "China",
        "population": 3290918,
        "dem": 9,
        "timezone": "Asia/Shanghai",
        "modification_date": "2025-03-09"
      }
    },
    {
      "type": "Feature",
      "geometry": {
        "type": "Point",
        "coordinates": [
          122.99,
          41.12361
        ]
      },
      "properties": {
        "name": "Anshan",
        "ascii_name": "Anshan",
        "feature_class": "P",
        "feature_code": "PPL",
        "country_code": "CN",
        "cou_name_en": "China",
        "population": 1450000,
        "dem": 55,
        "timezone": "Asia/Shanghai",
        "modification_date": "2021-12-13"
      }
    },
    {
      "type": "Feature",
      "geometry": {
        "type": "Point",
        "coordinates": [
          55.41221,
          25.3342
        ]
      },
      "properties": {
        "name": "Sharjah",
        "ascii_name": "Sharjah",
        "feature_class": "P",
        "feature_code": "PPLA",
        "country_code": "AE",
        "cou_name_en": "United Arab Emirates",
        "population": 1800000,
        "dem": 15,
        "timezone": "Asia/Dubai",
        "modification_date": "2025-11-13"
      }
    },
    {
      "type": "Feature",
      "geometry": {
        "type": "Point",
        "coordinates": [
          81.63333,
          21.23333
        ]
      },
      "properties": {
        "name": "Raipur",
        "ascii_name": "Raipur",
        "feature_class": "P",
        "feature_code": "PPLA",
        "country_code": "IN",
        "cou_name_en": "India",
        "population": 1027264,
        "dem": 296,
        "timezone": "Asia/Kolkata",
        "modification_date": "2024-12-31"
      }
    },
    {
      "type": "Feature",
      "geometry": {
        "type": "Point",
        "coordinates": [
          80.92313,
          26.83928
        ]
      },
      "properties": {
        "name": "Lucknow",
        "ascii_name": "Lucknow",
        "feature_class": "P",
        "feature_code": "PPLA",
        "country_code": "IN",
        "cou_name_en": "India",
        "population": 2472011,
        "dem": 126,
        "timezone": "Asia/Kolkata",
        "modification_date": "2025-02-27"
      }
    },
    {
      "type": "Feature",
      "geometry": {
        "type": "Point",
        "coordinates": [
          86.18545,
          22.80278
        ]
      },
      "properties": {
        "name": "Jamshedpur",
        "ascii_name": "Jamshedpur",
        "feature_class": "P",
        "feature_code": "PPL",
        "country_code": "IN",
        "cou_name_en": "India",
        "population": 1339438,
        "dem": 171,
        "timezone": "Asia/Kolkata",
        "modification_date": "2024-01-07"
      }
    },
    {
      "type": "Feature",
      "geometry": {
        "type": "Point",
        "coordinates": [
          81.84322,
          25.44478
        ]
      },
      "properties": {
        "name": "Prayagraj",
        "ascii_name": "Prayagraj",
        "feature_class": "P",
        "feature_code": "PPL",
        "country_code": "IN",
        "cou_name_en": "India",
        "population": 1073438,
        "dem": 99,
        "timezone": "Asia/Kolkata",
        "modification_date": "2024-09-05"
      }
    },
    {
      "type": "Feature",
      "geometry": {
        "type": "Point",
        "coordinates": [
          73.01582,
          19.03681
        ]
      },
      "properties": {
        "name": "Navi Mumbai",
        "ascii_name": "Navi Mumbai",
        "feature_class": "P",
        "feature_code": "PPLX",
        "country_code": "IN",
        "cou_name_en": "India",
        "population": 2600000,
        "dem": 14,
        "timezone": "Asia/Kolkata",
        "modification_date": "2024-03-27"
      }
    },
    {
      "type": "Feature",
      "geometry": {
        "type": "Point",
        "coordinates": [
          46.2919,
          38.08
        ]
      },
      "properties": {
        "name": "Tabriz",
        "ascii_name": "Tabriz",
        "feature_class": "P",
        "feature_code": "PPLA",
        "country_code": "IR",
        "cou_name_en": "Iran, Islamic Rep. of",
        "population": 1424641,
        "dem": 1396,
        "timezone": "Asia/Tehran",
        "modification_date": "2024-07-24"
      }
    },
    {
      "type": "Feature",
      "geometry": {
        "type": "Point",
        "coordinates": [
          32.9,
          -2.51667
        ]
      },
      "properties": {
        "name": "Mwanza",
        "ascii_name": "Mwanza",
        "feature_class": "P",
        "feature_code": "PPLA",
        "country_code": "TZ",
        "cou_name_en": "Tanzania, United Republic of",
        "population": 1104521,
        "dem": 1144,
        "timezone": "Africa/Dar_es_Salaam",
        "modification_date": "2023-12-10"
      }
    },
    {
      "type": "Feature",
      "geometry": {
        "type": "Point",
        "coordinates": [
          132.45,
          34.4
        ]
      },
      "properties": {
        "name": "Hiroshima",
        "ascii_name": "Hiroshima",
        "feature_class": "P",
        "feature_code": "PPLA",
        "country_code": "JP",
        "cou_name_en": "Japan",
        "population": 1200754,
        "dem": 16,
        "timezone": "Asia/Tokyo",
        "modification_date": "2024-12-02"
      }
    },
    {
      "type": "Feature",
      "geometry": {
        "type": "Point",
        "coordinates": [
          34.75229,
          0.28422
        ]
      },
      "properties": {
        "name": "Kakamega",
        "ascii_name": "Kakamega",
        "feature_class": "P",
        "feature_code": "PPLA",
        "country_code": "KE",
        "cou_name_en": "Kenya",
        "population": 1867579,
        "dem": 1563,
        "timezone": "Africa/Nairobi",
        "modification_date": "2022-09-26"
      }
    },
    {
      "type": "Feature",
      "geometry": {
        "type": "Point",
        "coordinates": [
          -15.9785,
          18.08581
        ]
      },
      "properties": {
        "name": "Nouakchott",
        "ascii_name": "Nouakchott",
        "feature_class": "P",
        "feature_code": "PPLC",
        "country_code": "MR",
        "cou_name_en": "Mauritania",
        "population": 1184530,
        "dem": 10,
        "timezone": "Africa/Nouakchott",
        "modification_date": "2024-01-18"
      }
    },
    {
      "type": "Feature",
      "geometry": {
        "type": "Point",
        "coordinates": [
          -99.11075,
          19.49392
        ]
      },
      "properties": {
        "name": "Gustavo Adolfo Madero",
        "ascii_name": "Gustavo Adolfo Madero",
        "feature_class": "P",
        "feature_code": "PPL",
        "country_code": "MX",
        "cou_name_en": "Mexico",
        "population": 1185772,
        "dem": 2284,
        "timezone": "America/Mexico_City",
        "modification_date": "2018-11-03"
      }
    },
    {
      "type": "Feature",
      "geometry": {
        "type": "Point",
        "coordinates": [
          23.58979,
          -6.13603
        ]
      },
      "properties": {
        "name": "Mbuji-Mayi",
        "ascii_name": "Mbuji-Mayi",
        "feature_class": "P",
        "feature_code": "PPLA",
        "country_code": "CD",
        "cou_name_en": "Congo, Democratic Republic of the",
        "population": 2101332,
        "dem": 621,
        "timezone": "Africa/Lubumbashi",
        "modification_date": "2025-05-06"
      }
    },
    {
      "type": "Feature",
      "geometry": {
        "type": "Point",
        "coordinates": [
          -71.61089,
          10.64232
        ]
      },
      "properties": {
        "name": "Maracaibo",
        "ascii_name": "Maracaibo",
        "feature_class": "P",
        "feature_code": "PPLA",
        "country_code": "VE",
        "cou_name_en": "Venezuela, Bolivarian Rep. of",
        "population": 1752602,
        "dem": -9999,
        "timezone": "America/Caracas",
        "modification_date": "2025-06-24"
      }
    },
    {
      "type": "Feature",
      "geometry": {
        "type": "Point",
        "coordinates": [
          127.00889,
          37.29111
        ]
      },
      "properties": {
        "name": "Suwon",
        "ascii_name": "Suwon",
        "feature_class": "P",
        "feature_code": "PPLA",
        "country_code": "KR",
        "cou_name_en": "Korea, Republic of",
        "population": 1191063,
        "dem": 58,
        "timezone": "Asia/Seoul",
        "modification_date": "2025-09-30"
      }
    },
    {
      "type": "Feature",
      "geometry": {
        "type": "Point",
        "coordinates": [
          13.18733,
          32.88743
        ]
      },
      "properties": {
        "name": "Tripoli",
        "ascii_name": "Tripoli",
        "feature_class": "P",
        "feature_code": "PPLC",
        "country_code": "LY",
        "cou_name_en": "Libyan Arab Jamahiriya",
        "population": 1302947,
        "dem": 15,
        "timezone": "Africa/Tripoli",
        "modification_date": "2023-12-21"
      }
    },
    {
      "type": "Feature",
      "geometry": {
        "type": "Point",
        "coordinates": [
          -7.97522,
          12.60915
        ]
      },
      "properties": {
        "name": "Bamako",
        "ascii_name": "Bamako",
        "feature_class": "P",
        "feature_code": "PPLC",
        "country_code": "ML",
        "cou_name_en": "Mali",
        "population": 4227569,
        "dem": 374,
        "timezone": "Africa/Bamako",
        "modification_date": "2025-02-18"
      }
    },
    {
      "type": "Feature",
      "geometry": {
        "type": "Point",
        "coordinates": [
          -98.20723,
          19.04778
        ]
      },
      "properties": {
        "name": "Puebla",
        "ascii_name": "Puebla",
        "feature_class": "P",
        "feature_code": "PPLA",
        "country_code": "MX",
        "cou_name_en": "Mexico",
        "population": 1692181,
        "dem": 2166,
        "timezone": "America/Mexico_City",
        "modification_date": "2025-05-15"
      }
    },
    {
      "type": "Feature",
      "geometry": {
        "type": "Point",
        "coordinates": [
          77.59369,
          12.97194
        ]
      },
      "properties": {
        "name": "Bengaluru",
        "ascii_name": "Bengaluru",
        "feature_class": "P",
        "feature_code": "PPLA",
        "country_code": "IN",
        "cou_name_en": "India",
        "population": 8495492,
        "dem": 914,
        "timezone": "Asia/Kolkata",
        "modification_date": "2025-05-24"
      }
    },
    {
      "type": "Feature",
      "geometry": {
        "type": "Point",
        "coordinates": [
          39.70769,
          47.21997
        ]
      },
      "properties": {
        "name": "Rostov-na-Donu",
        "ascii_name": "Rostov-na-Donu",
        "feature_class": "P",
        "feature_code": "PPLA",
        "country_code": "RU",
        "cou_name_en": "Russian Federation",
        "population": 1130305,
        "dem": 54,
        "timezone": "Europe/Moscow",
        "modification_date": "2025-09-09"
      }
    },
    {
      "type": "Feature",
      "geometry": {
        "type": "Point",
        "coordinates": [
          44.39222,
          35.46806
        ]
      },
      "properties": {
        "name": "Kirkuk",
        "ascii_name": "Kirkuk",
        "feature_class": "P",
        "feature_code": "PPLA",
        "country_code": "IQ",
        "cou_name_en": "Iraq",
        "population": 1031000,
        "dem": 346,
        "timezone": "Asia/Baghdad",
        "modification_date": "2024-02-14"
      }
    },
    {
      "type": "Feature",
      "geometry": {
        "type": "Point",
        "coordinates": [
          51.67462,
          32.65246
        ]
      },
      "properties": {
        "name": "Isfahan",
        "ascii_name": "Isfahan",
        "feature_class": "P",
        "feature_code": "PPLA",
        "country_code": "IR",
        "cou_name_en": "Iran, Islamic Rep. of",
        "population": 1547164,
        "dem": 1578,
        "timezone": "Asia/Tehran",
        "modification_date": "2025-11-04"
      }
    },
    {
      "type": "Feature",
      "geometry": {
        "type": "Point",
        "coordinates": [
          45.03852,
          12.77957
        ]
      },
      "properties": {
        "name": "Aden",
        "ascii_name": "Aden",
        "feature_class": "P",
        "feature_code": "PPLA",
        "country_code": "YE",
        "cou_name_en": "Yemen",
        "population": 1079670,
        "dem": 7,
        "timezone": "Asia/Aden",
        "modification_date": "2025-09-09"
      }
    },
    {
      "type": "Feature",
      "geometry": {
        "type": "Point",
        "coordinates": [
          32.47773,
          15.64453
        ]
      },
      "properties": {
        "name": "Omdurman",
        "ascii_name": "Omdurman",
        "feature_class": "P",
        "feature_code": "PPL",
        "country_code": "SD",
        "cou_name_en": "Sudan, The Republic of",
        "population": 1849659,
        "dem": 391,
        "timezone": "Africa/Khartoum",
        "modification_date": "2025-10-12"
      }
    },
    {
      "type": "Feature",
      "geometry": {
        "type": "Point",
        "coordinates": [
          1.22154,
          6.12874
        ]
      },
      "properties": {
        "name": "Lomé",
        "ascii_name": "Lome",
        "feature_class": "P",
        "feature_code": "PPLC",
        "country_code": "TG",
        "cou_name_en": "Togo",
        "population": 2188376,
        "dem": 13,
        "timezone": "Africa/Lome",
        "modification_date": "2025-10-31"
      }
    },
    {
      "type": "Feature",
      "geometry": {
        "type": "Point",
        "coordinates": [
          35.32531,
          36.98615
        ]
      },
      "properties": {
        "name": "Adana",
        "ascii_name": "Adana",
        "feature_class": "P",
        "feature_code": "PPLA",
        "country_code": "TR",
        "cou_name_en": "Turkey",
        "population": 1816750,
        "dem": 30,
        "timezone": "Europe/Istanbul",
        "modification_date": "2025-06-04"
      }
    },
    {
      "type": "Feature",
      "geometry": {
        "type": "Point",
        "coordinates": [
          121.52639,
          25.05306
        ]
      },
      "properties": {
        "name": "Taipei",
        "ascii_name": "Taipei",
        "feature_class": "P",
        "feature_code": "PPLC",
        "country_code": "TW",
        "cou_name_en": "Taiwan, China",
        "population": 7871900,
        "dem": 5,
        "timezone": "Asia/Taipei",
        "modification_date": "2025-02-24"
      }
    },
    {
      "type": "Feature",
      "geometry": {
        "type": "Point",
        "coordinates": [
          127.38493,
          36.34913
        ]
      },
      "properties": {
        "name": "Daejeon",
        "ascii_name": "Daejeon",
        "feature_class": "P",
        "feature_code": "PPLA",
        "country_code": "KR",
        "cou_name_en": "Korea, Republic of",
        "population": 1470336,
        "dem": 58,
        "timezone": "Asia/Seoul",
        "modification_date": "2025-06-11"
      }
    },
    {
      "type": "Feature",
      "geometry": {
        "type": "Point",
        "coordinates": [
          96.08359,
          21.97473
        ]
      },
      "properties": {
        "name": "Mandalay",
        "ascii_name": "Mandalay",
        "feature_class": "P",
        "feature_code": "PPLA",
        "country_code": "MM",
        "cou_name_en": "Myanmar",
        "population": 1208099,
        "dem": 83,
        "timezone": "Asia/Yangon",
        "modification_date": "2024-03-24"
      }
    },
    {
      "type": "Feature",
      "geometry": {
        "type": "Point",
        "coordinates": [
          104.77689,
          29.34162
        ]
      },
      "properties": {
        "name": "Zigong",
        "ascii_name": "Zigong",
        "feature_class": "P",
        "feature_code": "PPL",
        "country_code": "CN",
        "cou_name_en": "China",
        "population": 1262064,
        "dem": 306,
        "timezone": "Asia/Shanghai",
        "modification_date": "2021-10-19"
      }
    },
    {
      "type": "Feature",
      "geometry": {
        "type": "Point",
        "coordinates": [
          112.46091,
          23.04893
        ]
      },
      "properties": {
        "name": "Zhaoqing",
        "ascii_name": "Zhaoqing",
        "feature_class": "P",
        "feature_code": "PPLA2",
        "country_code": "CN",
        "cou_name_en": "China",
        "population": 1553109,
        "dem": 16,
        "timezone": "Asia/Shanghai",
        "modification_date": "2021-10-14"
      }
    },
    {
      "type": "Feature",
      "geometry": {
        "type": "Point",
        "coordinates": [
          110.38749,
          21.23391
        ]
      },
      "properties": {
        "name": "Zhanjiang",
        "ascii_name": "Zhanjiang",
        "feature_class": "P",
        "feature_code": "PPLA2",
        "country_code": "CN",
        "cou_name_en": "China",
        "population": 1400709,
        "dem": 16,
        "timezone": "Asia/Shanghai",
        "modification_date": "2021-12-15"
      }
    },
    {
      "type": "Feature",
      "geometry": {
        "type": "Point",
        "coordinates": [
          114.4,
          27.83333
        ]
      },
      "properties": {
        "name": "Yichun",
        "ascii_name": "Yichun",
        "feature_class": "P",
        "feature_code": "PPLA2",
        "country_code": "CN",
        "cou_name_en": "China",
        "population": 1045952,
        "dem": 99,
        "timezone": "Asia/Shanghai",
        "modification_date": "2025-08-20"
      }
    },
    {
      "type": "Feature",
      "geometry": {
        "type": "Point",
        "coordinates": [
          120.1573,
          33.3575
        ]
      },
      "properties": {
        "name": "Yancheng",
        "ascii_name": "Yancheng",
        "feature_class": "P",
        "feature_code": "PPLA2",
        "country_code": "CN",
        "cou_name_en": "China",
        "population": 1615717,
        "dem": 3,
        "timezone": "Asia/Shanghai",
        "modification_date": "2024-05-17"
      }
    },
    {
      "type": "Feature",
      "geometry": {
        "type": "Point",
        "coordinates": [
          112.61888,
          26.88946
        ]
      },
      "properties": {
        "name": "Hengyang",
        "ascii_name": "Hengyang",
        "feature_class": "P",
        "feature_code": "PPL",
        "country_code": "CN",
        "cou_name_en": "China",
        "population": 1075516,
        "dem": 66,
        "timezone": "Asia/Shanghai",
        "modification_date": "2021-10-12"
      }
    },
    {
      "type": "Feature",
      "geometry": {
        "type": "Point",
        "coordinates": [
          79.08491,
          21.14631
        ]
      },
      "properties": {
        "name": "Nagpur",
        "ascii_name": "Nagpur",
        "feature_class": "P",
        "feature_code": "PPLA2",
        "country_code": "IN",
        "cou_name_en": "India",
        "population": 2405665,
        "dem": 319,
        "timezone": "Asia/Kolkata",
        "modification_date": "2025-05-25"
      }
    },
    {
      "type": "Feature",
      "geometry": {
        "type": "Point",
        "coordinates": [
          30.31413,
          59.93863
        ]
      },
      "properties": {
        "name": "Saint Petersburg",
        "ascii_name": "Saint Petersburg",
        "feature_class": "P",
        "feature_code": "PPLA",
        "country_code": "RU",
        "cou_name_en": "Russian Federation",
        "population": 5351935,
        "dem": 11,
        "timezone": "Europe/Moscow",
        "modification_date": "2024-03-25"
      }
    },
    {
      "type": "Feature",
      "geometry": {
        "type": "Point",
        "coordinates": [
          31.24967,
          30.06263
        ]
      },
      "properties": {
        "name": "Cairo",
        "ascii_name": "Cairo",
        "feature_class": "P",
        "feature_code": "PPLC",
        "country_code": "EG",
        "cou_name_en": "Egypt",
        "population": 9606916,
        "dem": 23,
        "timezone": "Africa/Cairo",
        "modification_date": "2024-09-05",
        "label_pos": "right"
      }
    },
    {
      "type": "Feature",
      "geometry": {
        "type": "Point",
        "coordinates": [
          11.51667,
          3.86667
        ]
      },
      "properties": {
        "name": "Yaoundé",
        "ascii_name": "Yaounde",
        "feature_class": "P",
        "feature_code": "PPLC",
        "country_code": "CM",
        "cou_name_en": "Cameroon",
        "population": 1299369,
        "dem": 726,
        "timezone": "Africa/Douala",
        "modification_date": "2024-07-20"
      }
    },
    {
      "type": "Feature",
      "geometry": {
        "type": "Point",
        "coordinates": [
          112.56028,
          37.86944
        ]
      },
      "properties": {
        "name": "Taiyuan",
        "ascii_name": "Taiyuan",
        "feature_class": "P",
        "feature_code": "PPLA",
        "country_code": "CN",
        "cou_name_en": "China",
        "population": 4303673,
        "dem": 795,
        "timezone": "Asia/Shanghai",
        "modification_date": "2025-02-24"
      }
    },
    {
      "type": "Feature",
      "geometry": {
        "type": "Point",
        "coordinates": [
          112.19028,
          30.35028
        ]
      },
      "properties": {
        "name": "Jingzhou",
        "ascii_name": "Jingzhou",
        "feature_class": "P",
        "feature_code": "PPLA2",
        "country_code": "CN",
        "cou_name_en": "China",
        "population": 1052282,
        "dem": 39,
        "timezone": "Asia/Shanghai",
        "modification_date": "2021-10-20"
      }
    },
    {
      "type": "Feature",
      "geometry": {
        "type": "Point",
        "coordinates": [
          121.60222,
          38.91222
        ]
      },
      "properties": {
        "name": "Dalian",
        "ascii_name": "Dalian",
        "feature_class": "P",
        "feature_code": "PPL",
        "country_code": "CN",
        "cou_name_en": "China",
        "population": 4913879,
        "dem": 33,
        "timezone": "Asia/Shanghai",
        "modification_date": "2024-05-17"
      }
    },
    {
      "type": "Feature",
      "geometry": {
        "type": "Point",
        "coordinates": [
          106.55771,
          29.56026
        ]
      },
      "properties": {
        "name": "Chongqing",
        "ascii_name": "Chongqing",
        "feature_class": "P",
        "feature_code": "PPLA",
        "country_code": "CN",
        "cou_name_en": "China",
        "population": 7457599,
        "dem": 289,
        "timezone": "Asia/Shanghai",
        "modification_date": "2024-09-05"
      }
    },
    {
      "type": "Feature",
      "geometry": {
        "type": "Point",
        "coordinates": [
          120.26302,
          31.91102
        ]
      },
      "properties": {
        "name": "Jiangyin",
        "ascii_name": "Jiangyin",
        "feature_class": "P",
        "feature_code": "PPLA3",
        "country_code": "CN",
        "cou_name_en": "China",
        "population": 1779515,
        "dem": 7,
        "timezone": "Asia/Shanghai",
        "modification_date": "2022-04-01"
      }
    },
    {
      "type": "Feature",
      "geometry": {
        "type": "Point",
        "coordinates": [
          -70.69085,
          19.45036
        ]
      },
      "properties": {
        "name": "Santiago de los Caballeros",
        "ascii_name": "Santiago de los Caballeros",
        "feature_class": "P",
        "feature_code": "PPLA",
        "country_code": "DO",
        "cou_name_en": "Dominican Republic",
        "population": 1200000,
        "dem": 209,
        "timezone": "America/Santo_Domingo",
        "modification_date": "2025-05-15"
      }
    },
    {
      "type": "Feature",
      "geometry": {
        "type": "Point",
        "coordinates": [
          -78.52495,
          -0.22985
        ]
      },
      "properties": {
        "name": "Quito",
        "ascii_name": "Quito",
        "feature_class": "P",
        "feature_code": "PPLC",
        "country_code": "EC",
        "cou_name_en": "Ecuador",
        "population": 2781641,
        "dem": 2854,
        "timezone": "America/Guayaquil",
        "modification_date": "2022-09-19"
      }
    },
    {
      "type": "Feature",
      "geometry": {
        "type": "Point",
        "coordinates": [
          31.25053,
          30.12511
        ]
      },
      "properties": {
        "name": "Shubrā al Khaymah",
        "ascii_name": "Shubra al Khaymah",
        "feature_class": "P",
        "feature_code": "PPLA2",
        "country_code": "EG",
        "cou_name_en": "Egypt",
        "population": 1240289,
        "dem": 26,
        "timezone": "Africa/Cairo",
        "modification_date": "2023-11-29",
        "label_pos": "top"
      }
    },
    {
      "type": "Feature",
      "geometry": {
        "type": "Point",
        "coordinates": [
          21.01178,
          52.22977
        ]
      },
      "properties": {
        "name": "Warsaw",
        "ascii_name": "Warsaw",
        "feature_class": "P",
        "feature_code": "PPLC",
        "country_code": "PL",
        "cou_name_en": "Poland",
        "population": 1702139,
        "dem": 113,
        "timezone": "Europe/Warsaw",
        "modification_date": "2025-07-22"
      }
    },
    {
      "type": "Feature",
      "geometry": {
        "type": "Point",
        "coordinates": [
          -60.025,
          -3.10194
        ]
      },
      "properties": {
        "name": "Manaus",
        "ascii_name": "Manaus",
        "feature_class": "P",
        "feature_code": "PPLA",
        "country_code": "BR",
        "cou_name_en": "Brazil",
        "population": 2219580,
        "dem": 20,
        "timezone": "America/Manaus",
        "modification_date": "2025-10-26"
      }
    },
    {
      "type": "Feature",
      "geometry": {
        "type": "Point",
        "coordinates": [
          -114.08529,
          51.05011
        ]
      },
      "properties": {
        "name": "Calgary",
        "ascii_name": "Calgary",
        "feature_class": "P",
        "feature_code": "PPL",
        "country_code": "CA",
        "cou_name_en": "Canada",
        "population": 1306784,
        "dem": 1042,
        "timezone": "America/Edmonton",
        "modification_date": "2025-08-04"
      }
    },
    {
      "type": "Feature",
      "geometry": {
        "type": "Point",
        "coordinates": [
          8.51672,
          12.00012
        ]
      },
      "properties": {
        "name": "Kano",
        "ascii_name": "Kano",
        "feature_class": "P",
        "feature_code": "PPLA",
        "country_code": "NG",
        "cou_name_en": "Nigeria",
        "population": 4910000,
        "dem": 484,
        "timezone": "Africa/Lagos",
        "modification_date": "2024-04-01"
      }
    },
    {
      "type": "Feature",
      "geometry": {
        "type": "Point",
        "coordinates": [
          153.02809,
          -27.46794
        ]
      },
      "properties": {
        "name": "Brisbane",
        "ascii_name": "Brisbane",
        "feature_class": "P",
        "feature_code": "PPLA",
        "country_code": "AU",
        "cou_name_en": "Australia",
        "population": 2780063,
        "dem": 27,
        "timezone": "Australia/Brisbane",
        "modification_date": "2025-06-10"
      }
    },
    {
      "type": "Feature",
      "geometry": {
        "type": "Point",
        "coordinates": [
          39.82563,
          21.42664
        ]
      },
      "properties": {
        "name": "Makkah",
        "ascii_name": "Makkah",
        "feature_class": "P",
        "feature_code": "PPLA",
        "country_code": "SA",
        "cou_name_en": "Saudi Arabia",
        "population": 1578722,
        "dem": 333,
        "timezone": "Asia/Riyadh",
        "modification_date": "2025-10-12"
      }
    },
    {
      "type": "Feature",
      "geometry": {
        "type": "Point",
        "coordinates": [
          40.21721,
          37.91363
        ]
      },
      "properties": {
        "name": "Diyarbakır",
        "ascii_name": "Diyarbakir",
        "feature_class": "P",
        "feature_code": "PPLA",
        "country_code": "TR",
        "cou_name_en": "Turkey",
        "population": 1791373,
        "dem": 674,
        "timezone": "Europe/Istanbul",
        "modification_date": "2025-12-09"
      }
    },
    {
      "type": "Feature",
      "geometry": {
        "type": "Point",
        "coordinates": [
          50.13553,
          53.20767
        ]
      },
      "properties": {
        "name": "Samara",
        "ascii_name": "Samara",
        "feature_class": "P",
        "feature_code": "PPLA",
        "country_code": "RU",
        "cou_name_en": "Russian Federation",
        "population": 1163399,
        "dem": 107,
        "timezone": "Europe/Samara",
        "modification_date": "2025-09-09"
      }
    },
    {
      "type": "Feature",
      "geometry": {
        "type": "Point",
        "coordinates": [
          44.00205,
          56.32867
        ]
      },
      "properties": {
        "name": "Nizhniy Novgorod",
        "ascii_name": "Nizhniy Novgorod",
        "feature_class": "P",
        "feature_code": "PPLA",
        "country_code": "RU",
        "cou_name_en": "Russian Federation",
        "population": 1259013,
        "dem": 141,
        "timezone": "Europe/Moscow",
        "modification_date": "2025-05-08"
      }
    },
    {
      "type": "Feature",
      "geometry": {
        "type": "Point",
        "coordinates": [
          106.82432,
          10.94469
        ]
      },
      "properties": {
        "name": "Biên Hòa",
        "ascii_name": "Bien Hoa",
        "feature_class": "P",
        "feature_code": "PPLA",
        "country_code": "VN",
        "cou_name_en": "Viet Nam",
        "population": 1272235,
        "dem": 6,
        "timezone": "Asia/Ho_Chi_Minh",
        "modification_date": "2025-07-29"
      }
    },
    {
      "type": "Feature",
      "geometry": {
        "type": "Point",
        "coordinates": [
          28.28713,
          -15.40669
        ]
      },
      "properties": {
        "name": "Lusaka",
        "ascii_name": "Lusaka",
        "feature_class": "P",
        "feature_code": "PPLC",
        "country_code": "ZM",
        "cou_name_en": "Zambia",
        "population": 2212301,
        "dem": 1277,
        "timezone": "Africa/Lusaka",
        "modification_date": "2025-10-26"
      }
    },
    {
      "type": "Feature",
      "geometry": {
        "type": "Point",
        "coordinates": [
          113.64861,
          34.75778
        ]
      },
      "properties": {
        "name": "Zhengzhou",
        "ascii_name": "Zhengzhou",
        "feature_class": "P",
        "feature_code": "PPLA",
        "country_code": "CN",
        "cou_name_en": "China",
        "population": 4253913,
        "dem": 104,
        "timezone": "Asia/Shanghai",
        "modification_date": "2024-05-09"
      }
    },
    {
      "type": "Feature",
      "geometry": {
        "type": "Point",
        "coordinates": [
          110.77806,
          32.6475
        ]
      },
      "properties": {
        "name": "Shiyan",
        "ascii_name": "Shiyan",
        "feature_class": "P",
        "feature_code": "PPLA2",
        "country_code": "CN",
        "cou_name_en": "China",
        "population": 3460000,
        "dem": 247,
        "timezone": "Asia/Shanghai",
        "modification_date": "2018-12-06"
      }
    },
    {
      "type": "Feature",
      "geometry": {
        "type": "Point",
        "coordinates": [
          118.57415,
          24.81978
        ]
      },
      "properties": {
        "name": "Jinjiang",
        "ascii_name": "Jinjiang",
        "feature_class": "P",
        "feature_code": "PPLA3",
        "country_code": "CN",
        "cou_name_en": "China",
        "population": 1416151,
        "dem": 33,
        "timezone": "Asia/Shanghai",
        "modification_date": "2024-07-13"
      }
    },
    {
      "type": "Feature",
      "geometry": {
        "type": "Point",
        "coordinates": [
          105.28627,
          27.30193
        ]
      },
      "properties": {
        "name": "Bijie",
        "ascii_name": "Bijie",
        "feature_class": "P",
        "feature_code": "PPLA2",
        "country_code": "CN",
        "cou_name_en": "China",
        "population": 1137383,
        "dem": 1471,
        "timezone": "Asia/Shanghai",
        "modification_date": "2024-07-24"
      }
    },
    {
      "type": "Feature",
      "geometry": {
        "type": "Point",
        "coordinates": [
          126.5608,
          43.84652
        ]
      },
      "properties": {
        "name": "Jilin",
        "ascii_name": "Jilin",
        "feature_class": "P",
        "feature_code": "PPLA2",
        "country_code": "CN",
        "cou_name_en": "China",
        "population": 1895865,
        "dem": 188,
        "timezone": "Asia/Shanghai",
        "modification_date": "2025-08-20"
      }
    },
    {
      "type": "Feature",
      "geometry": {
        "type": "Point",
        "coordinates": [
          -113.46871,
          53.55014
        ]
      },
      "properties": {
        "name": "Edmonton",
        "ascii_name": "Edmonton",
        "feature_class": "P",
        "feature_code": "PPLA",
        "country_code": "CA",
        "cou_name_en": "Canada",
        "population": 1010899,
        "dem": 610,
        "timezone": "America/Edmonton",
        "modification_date": "2025-08-04"
      }
    },
    {
      "type": "Feature",
      "geometry": {
        "type": "Point",
        "coordinates": [
          -73.58781,
          45.50884
        ]
      },
      "properties": {
        "name": "Montréal",
        "ascii_name": "Montreal",
        "feature_class": "P",
        "feature_code": "PPLA2",
        "country_code": "CA",
        "cou_name_en": "Canada",
        "population": 1762949,
        "dem": 216,
        "timezone": "America/Toronto",
        "modification_date": "2025-08-04"
      }
    },
    {
      "type": "Feature",
      "geometry": {
        "type": "Point",
        "coordinates": [
          25.19099,
          0.51528
        ]
      },
      "properties": {
        "name": "Kisangani",
        "ascii_name": "Kisangani",
        "feature_class": "P",
        "feature_code": "PPLA",
        "country_code": "CD",
        "cou_name_en": "Congo, Democratic Republic of the",
        "population": 1181788,
        "dem": 400,
        "timezone": "Africa/Lubumbashi",
        "modification_date": "2023-11-29"
      }
    },
    {
      "type": "Feature",
      "geometry": {
        "type": "Point",
        "coordinates": [
          114.17469,
          22.27832
        ]
      },
      "properties": {
        "name": "Hong Kong",
        "ascii_name": "Hong Kong",
        "feature_class": "P",
        "feature_code": "PPLC",
        "country_code": "HK",
        "cou_name_en": "Hong Kong, China",
        "population": 7396076,
        "dem": 60,
        "timezone": "Asia/Hong_Kong",
        "modification_date": "2025-08-25"
      }
    },
    {
      "type": "Feature",
      "geometry": {
        "type": "Point",
        "coordinates": [
          106.63,
          -6.17806
        ]
      },
      "properties": {
        "name": "Tangerang",
        "ascii_name": "Tangerang",
        "feature_class": "P",
        "feature_code": "PPL",
        "country_code": "ID",
        "cou_name_en": "Indonesia",
        "population": 1912679,
        "dem": 18,
        "timezone": "Asia/Jakarta",
        "modification_date": "2025-11-04"
      }
    },
    {
      "type": "Feature",
      "geometry": {
        "type": "Point",
        "coordinates": [
          77.43915,
          28.66535
        ]
      },
      "properties": {
        "name": "Ghāziābād",
        "ascii_name": "Ghaziabad",
        "feature_class": "P",
        "feature_code": "PPLA2",
        "country_code": "IN",
        "cou_name_en": "India",
        "population": 1199191,
        "dem": 214,
        "timezone": "Asia/Kolkata",
        "modification_date": "2024-02-06"
      }
    },
    {
      "type": "Feature",
      "geometry": {
        "type": "Point",
        "coordinates": [
          44.00943,
          36.19117
        ]
      },
      "properties": {
        "name": "Erbil",
        "ascii_name": "Erbil",
        "feature_class": "P",
        "feature_code": "PPLA",
        "country_code": "IQ",
        "cou_name_en": "Iraq",
        "population": 1612700,
        "dem": 429,
        "timezone": "Asia/Baghdad",
        "modification_date": "2024-10-11"
      }
    },
    {
      "type": "Feature",
      "geometry": {
        "type": "Point",
        "coordinates": [
          73.79096,
          19.99727
        ]
      },
      "properties": {
        "name": "Nashik",
        "ascii_name": "Nashik",
        "feature_class": "P",
        "feature_code": "PPLA2",
        "country_code": "IN",
        "cou_name_en": "India",
        "population": 1486053,
        "dem": 584,
        "timezone": "Asia/Kolkata",
        "modification_date": "2025-05-25"
      }
    },
    {
      "type": "Feature",
      "geometry": {
        "type": "Point",
        "coordinates": [
          75.67206,
          29.44768
        ]
      },
      "properties": {
        "name": "Gorakhpur",
        "ascii_name": "Gorakhpur",
        "feature_class": "P",
        "feature_code": "PPL",
        "country_code": "IN",
        "cou_name_en": "India",
        "population": 1324570,
        "dem": 218,
        "timezone": "Asia/Kolkata",
        "modification_date": "2024-01-06"
      }
    },
    {
      "type": "Feature",
      "geometry": {
        "type": "Point",
        "coordinates": [
          -77.02824,
          -12.04318
        ]
      },
      "properties": {
        "name": "Lima",
        "ascii_name": "Lima",
        "feature_class": "P",
        "feature_code": "PPLC",
        "country_code": "PE",
        "cou_name_en": "Peru",
        "population": 7737002,
        "dem": 152,
        "timezone": "America/Lima",
        "modification_date": "2023-10-25"
      }
    },
    {
      "type": "Feature",
      "geometry": {
        "type": "Point",
        "coordinates": [
          74.35071,
          31.558
        ]
      },
      "properties": {
        "name": "Lahore",
        "ascii_name": "Lahore",
        "feature_class": "P",
        "feature_code": "PPLA",
        "country_code": "PK",
        "cou_name_en": "Pakistan",
        "population": 13004135,
        "dem": 216,
        "timezone": "Asia/Karachi",
        "modification_date": "2025-02-04"
      }
    },
    {
      "type": "Feature",
      "geometry": {
        "type": "Point",
        "coordinates": [
          114.38278,
          36.096
        ]
      },
      "properties": {
        "name": "Anyang",
        "ascii_name": "Anyang",
        "feature_class": "P",
        "feature_code": "PPLA2",
        "country_code": "CN",
        "cou_name_en": "China",
        "population": 1146839,
        "dem": 70,
        "timezone": "Asia/Shanghai",
        "modification_date": "2021-10-20"
      }
    },
    {
      "type": "Feature",
      "geometry": {
        "type": "Point",
        "coordinates": [
          113.86299,
          34.03189
        ]
      },
      "properties": {
        "name": "Xuchang",
        "ascii_name": "Xuchang",
        "feature_class": "P",
        "feature_code": "PPLA2",
        "country_code": "CN",
        "cou_name_en": "China",
        "population": 1265536,
        "dem": 71,
        "timezone": "Asia/Shanghai",
        "modification_date": "2025-08-19"
      }
    },
    {
      "type": "Feature",
      "geometry": {
        "type": "Point",
        "coordinates": [
          101.75739,
          36.62554
        ]
      },
      "properties": {
        "name": "Xining",
        "ascii_name": "Xining",
        "feature_class": "P",
        "feature_code": "PPLA",
        "country_code": "CN",
        "cou_name_en": "China",
        "population": 1677177,
        "dem": 2275,
        "timezone": "Asia/Shanghai",
        "modification_date": "2021-12-13"
      }
    },
    {
      "type": "Feature",
      "geometry": {
        "type": "Point",
        "coordinates": [
          108.92861,
          34.25833
        ]
      },
      "properties": {
        "name": "Xi’an",
        "ascii_name": "Xi'an",
        "feature_class": "P",
        "feature_code": "PPLA",
        "country_code": "CN",
        "cou_name_en": "China",
        "population": 9600000,
        "dem": 416,
        "timezone": "Asia/Shanghai",
        "modification_date": "2025-05-08"
      }
    },
    {
      "type": "Feature",
      "geometry": {
        "type": "Point",
        "coordinates": [
          120.28857,
          31.56887
        ]
      },
      "properties": {
        "name": "Wuxi",
        "ascii_name": "Wuxi",
        "feature_class": "P",
        "feature_code": "PPLA2",
        "country_code": "CN",
        "cou_name_en": "China",
        "population": 4396835,
        "dem": 10,
        "timezone": "Asia/Shanghai",
        "modification_date": "2025-02-26"
      }
    },
    {
      "type": "Feature",
      "geometry": {
        "type": "Point",
        "coordinates": [
          109.50891,
          34.50355
        ]
      },
      "properties": {
        "name": "Weinan",
        "ascii_name": "Weinan",
        "feature_class": "P",
        "feature_code": "PPLA2",
        "country_code": "CN",
        "cou_name_en": "China",
        "population": 1199290,
        "dem": 354,
        "timezone": "Asia/Shanghai",
        "modification_date": "2021-11-11"
      }
    },
    {
      "type": "Feature",
      "geometry": {
        "type": "Point",
        "coordinates": [
          113.58333,
          24.8
        ]
      },
      "properties": {
        "name": "Shaoguan",
        "ascii_name": "Shaoguan",
        "feature_class": "P",
        "feature_code": "PPLA2",
        "country_code": "CN",
        "cou_name_en": "China",
        "population": 1028460,
        "dem": 69,
        "timezone": "Asia/Shanghai",
        "modification_date": "2021-10-14"
      }
    },
    {
      "type": "Feature",
      "geometry": {
        "type": "Point",
        "coordinates": [
          115.85306,
          28.68396
        ]
      },
      "properties": {
        "name": "Nanchang",
        "ascii_name": "Nanchang",
        "feature_class": "P",
        "feature_code": "PPLA",
        "country_code": "CN",
        "cou_name_en": "China",
        "population": 2357839,
        "dem": 20,
        "timezone": "Asia/Shanghai",
        "modification_date": "2025-03-02"
      }
    },
    {
      "type": "Feature",
      "geometry": {
        "type": "Point",
        "coordinates": [
          2.1098,
          13.51366
        ]
      },
      "properties": {
        "name": "Niamey",
        "ascii_name": "Niamey",
        "feature_class": "P",
        "feature_code": "PPLC",
        "country_code": "NE",
        "cou_name_en": "Niger",
        "population": 1323691,
        "dem": 206,
        "timezone": "Africa/Niamey",
        "modification_date": "2024-01-18"
      }
    },
    {
      "type": "Feature",
      "geometry": {
        "type": "Point",
        "coordinates": [
          -87.65005,
          41.85003
        ]
      },
      "properties": {
        "name": "Chicago",
        "ascii_name": "Chicago",
        "feature_class": "P",
        "feature_code": "PPLA2",
        "country_code": "US",
        "cou_name_en": "United States",
        "population": 2664452,
        "dem": 180,
        "timezone": "America/Chicago",
        "modification_date": "2025-06-21"
      }
    },
    {
      "type": "Feature",
      "geometry": {
        "type": "Point",
        "coordinates": [
          -73.83652,
          40.68149
        ]
      },
      "properties": {
        "name": "Queens",
        "ascii_name": "Queens",
        "feature_class": "P",
        "feature_code": "PPLA2",
        "country_code": "US",
        "cou_name_en": "United States",
        "population": 2316841,
        "dem": 13,
        "timezone": "America/New_York",
        "modification_date": "2025-06-25"
      }
    },
    {
      "type": "Feature",
      "geometry": {
        "type": "Point",
        "coordinates": [
          -75.16362,
          39.95238
        ]
      },
      "properties": {
        "name": "Philadelphia",
        "ascii_name": "Philadelphia",
        "feature_class": "P",
        "feature_code": "PPLA2",
        "country_code": "US",
        "cou_name_en": "United States",
        "population": 1573916,
        "dem": 8,
        "timezone": "America/New_York",
        "modification_date": "2025-04-14"
      }
    },
    {
      "type": "Feature",
      "geometry": {
        "type": "Point",
        "coordinates": [
          32.53241,
          15.55177
        ]
      },
      "properties": {
        "name": "Khartoum",
        "ascii_name": "Khartoum",
        "feature_class": "P",
        "feature_code": "PPLC",
        "country_code": "SD",
        "cou_name_en": "Sudan, The Republic of",
        "population": 1974647,
        "dem": 381,
        "timezone": "Africa/Khartoum",
        "modification_date": "2025-11-03"
      }
    },
    {
      "type": "Feature",
      "geometry": {
        "type": "Point",
        "coordinates": [
          -15.88333,
          14.85
        ]
      },
      "properties": {
        "name": "Touba",
        "ascii_name": "Touba",
        "feature_class": "P",
        "feature_code": "PPL",
        "country_code": "SN",
        "cou_name_en": "Senegal",
        "population": 1120824,
        "dem": 46,
        "timezone": "Africa/Dakar",
        "modification_date": "2025-05-27"
      }
    },
    {
      "type": "Feature",
      "geometry": {
        "type": "Point",
        "coordinates": [
          37.16117,
          36.20124
        ]
      },
      "properties": {
        "name": "Aleppo",
        "ascii_name": "Aleppo",
        "feature_class": "P",
        "feature_code": "PPLA",
        "country_code": "SY",
        "cou_name_en": "Syrian Arab Republic",
        "population": 2098210,
        "dem": 401,
        "timezone": "Asia/Damascus",
        "modification_date": "2025-11-29"
      }
    },
    {
      "type": "Feature",
      "geometry": {
        "type": "Point",
        "coordinates": [
          135.50107,
          34.69379
        ]
      },
      "properties": {
        "name": "Osaka",
        "ascii_name": "Osaka",
        "feature_class": "P",
        "feature_code": "PPLA",
        "country_code": "JP",
        "cou_name_en": "Japan",
        "population": 2753862,
        "dem": 4,
        "timezone": "Asia/Tokyo",
        "modification_date": "2024-09-05"
      }
    },
    {
      "type": "Feature",
      "geometry": {
        "type": "Point",
        "coordinates": [
          -5.79975,
          35.76727
        ]
      },
      "properties": {
        "name": "Tangier",
        "ascii_name": "Tangier",
        "feature_class": "P",
        "feature_code": "PPLA",
        "country_code": "MA",
        "cou_name_en": "Morocco",
        "population": 1035141,
        "dem": 20,
        "timezone": "Africa/Casablanca",
        "modification_date": "2024-01-18"
      }
    },
    {
      "type": "Feature",
      "geometry": {
        "type": "Point",
        "coordinates": [
          74.18705,
          32.15567
        ]
      },
      "properties": {
        "name": "Gujranwala",
        "ascii_name": "Gujranwala",
        "feature_class": "P",
        "feature_code": "PPLA2",
        "country_code": "PK",
        "cou_name_en": "Pakistan",
        "population": 2511118,
        "dem": 230,
        "timezone": "Asia/Karachi",
        "modification_date": "2025-05-05"
      }
    },
    {
      "type": "Feature",
      "geometry": {
        "type": "Point",
        "coordinates": [
          6.78569,
          6.14978
        ]
      },
      "properties": {
        "name": "Onitsha",
        "ascii_name": "Onitsha",
        "feature_class": "P",
        "feature_code": "PPLA2",
        "country_code": "NG",
        "cou_name_en": "Nigeria",
        "population": 1553000,
        "dem": 57,
        "timezone": "Africa/Lagos",
        "modification_date": "2022-09-23"
      }
    },
    {
      "type": "Feature",
      "geometry": {
        "type": "Point",
        "coordinates": [
          7.36667,
          5.10658
        ]
      },
      "properties": {
        "name": "Aba",
        "ascii_name": "Aba",
        "feature_class": "P",
        "feature_code": "PPLA2",
        "country_code": "NG",
        "cou_name_en": "Nigeria",
        "population": 1160000,
        "dem": 64,
        "timezone": "Africa/Lagos",
        "modification_date": "2024-01-18",
        "label_pos": "top"
      }
    },
    {
      "type": "Feature",
      "geometry": {
        "type": "Point",
        "coordinates": [
          32.85427,
          39.91987
        ]
      },
      "properties": {
        "name": "Ankara",
        "ascii_name": "Ankara",
        "feature_class": "P",
        "feature_code": "PPLC",
        "country_code": "TR",
        "cou_name_en": "Turkey",
        "population": 3517182,
        "dem": 874,
        "timezone": "Europe/Istanbul",
        "modification_date": "2025-06-02"
      }
    },
    {
      "type": "Feature",
      "geometry": {
        "type": "Point",
        "coordinates": [
          31.05337,
          -17.82772
        ]
      },
      "properties": {
        "name": "Harare",
        "ascii_name": "Harare",
        "feature_class": "P",
        "feature_code": "PPLC",
        "country_code": "ZW",
        "cou_name_en": "Zimbabwe",
        "population": 1542813,
        "dem": 1494,
        "timezone": "Africa/Harare",
        "modification_date": "2025-02-07"
      }
    },
    {
      "type": "Feature",
      "geometry": {
        "type": "Point",
        "coordinates": [
          28.04363,
          -26.20227
        ]
      },
      "properties": {
        "name": "Johannesburg",
        "ascii_name": "Johannesburg",
        "feature_class": "P",
        "feature_code": "PPLA",
        "country_code": "ZA",
        "cou_name_en": "South Africa",
        "population": 9418183,
        "dem": 1767,
        "timezone": "Africa/Johannesburg",
        "modification_date": "2025-06-11"
      }
    },
    {
      "type": "Feature",
      "geometry": {
        "type": "Point",
        "coordinates": [
          107.23705,
          34.36775
        ]
      },
      "properties": {
        "name": "Baoji",
        "ascii_name": "Baoji",
        "feature_class": "P",
        "feature_code": "PPLA2",
        "country_code": "CN",
        "cou_name_en": "China",
        "population": 1437802,
        "dem": 567,
        "timezone": "Asia/Shanghai",
        "modification_date": "2025-08-18"
      }
    },
    {
      "type": "Feature",
      "geometry": {
        "type": "Point",
        "coordinates": [
          107.38599,
          40.74143
        ]
      },
      "properties": {
        "name": "Bayan Nur",
        "ascii_name": "Bayan Nur",
        "feature_class": "P",
        "feature_code": "PPL",
        "country_code": "CN",
        "cou_name_en": "China",
        "population": 1760000,
        "dem": 1041,
        "timezone": "Asia/Shanghai",
        "modification_date": "2025-08-20"
      }
    },
    {
      "type": "Feature",
      "geometry": {
        "type": "Point",
        "coordinates": [
          -76.5199,
          3.43054
        ]
      },
      "properties": {
        "name": "Cali",
        "ascii_name": "Cali",
        "feature_class": "P",
        "feature_code": "PPLA",
        "country_code": "CO",
        "cou_name_en": "Colombia",
        "population": 2392877,
        "dem": 758,
        "timezone": "America/Bogota",
        "modification_date": "2025-10-19"
      }
    },
    {
      "type": "Feature",
      "geometry": {
        "type": "Point",
        "coordinates": [
          114.18333,
          22.31667
        ]
      },
      "properties": {
        "name": "Kowloon",
        "ascii_name": "Kowloon",
        "feature_class": "P",
        "feature_code": "PPLX",
        "country_code": "HK",
        "cou_name_en": "Hong Kong, China",
        "population": 2232339,
        "dem": 92,
        "timezone": "Asia/Hong_Kong",
        "modification_date": "2024-03-14"
      }
    },
    {
      "type": "Feature",
      "geometry": {
        "type": "Point",
        "coordinates": [
          -63.18117,
          -17.78629
        ]
      },
      "properties": {
        "name": "Santa Cruz de la Sierra",
        "ascii_name": "Santa Cruz de la Sierra",
        "feature_class": "P",
        "feature_code": "PPLA",
        "country_code": "BO",
        "cou_name_en": "Bolivia",
        "population": 1831434,
        "dem": 433,
        "timezone": "America/La_Paz",
        "modification_date": "2025-11-04"
      }
    },
    {
      "type": "Feature",
      "geometry": {
        "type": "Point",
        "coordinates": [
          119.82016,
          31.36059
        ]
      },
      "properties": {
        "name": "Yixing",
        "ascii_name": "Yixing",
        "feature_class": "P",
        "feature_code": "PPLA3",
        "country_code": "CN",
        "cou_name_en": "China",
        "population": 1285785,
        "dem": 8,
        "timezone": "Asia/Shanghai",
        "modification_date": "2022-04-01"
      }
    },
    {
      "type": "Feature",
      "geometry": {
        "type": "Point",
        "coordinates": [
          114.26667,
          30.58333
        ]
      },
      "properties": {
        "name": "Wuhan",
        "ascii_name": "Wuhan",
        "feature_class": "P",
        "feature_code": "PPLA",
        "country_code": "CN",
        "cou_name_en": "China",
        "population": 10392693,
        "dem": 20,
        "timezone": "Asia/Shanghai",
        "modification_date": "2024-03-27"
      }
    },
    {
      "type": "Feature",
      "geometry": {
        "type": "Point",
        "coordinates": [
          85.13563,
          25.59408
        ]
      },
      "properties": {
        "name": "Patna",
        "ascii_name": "Patna",
        "feature_class": "P",
        "feature_code": "PPLA",
        "country_code": "IN",
        "cou_name_en": "India",
        "population": 1684297,
        "dem": 53,
        "timezone": "Asia/Kolkata",
        "modification_date": "2025-10-18"
      }
    },
    {
      "type": "Feature",
      "geometry": {
        "type": "Point",
        "coordinates": [
          89.56439,
          22.80979
        ]
      },
      "properties": {
        "name": "Khulna",
        "ascii_name": "Khulna",
        "feature_class": "P",
        "feature_code": "PPLA",
        "country_code": "BD",
        "cou_name_en": "Bangladesh",
        "population": 1500689,
        "dem": 8,
        "timezone": "Asia/Dhaka",
        "modification_date": "2023-02-17"
      }
    },
    {
      "type": "Feature",
      "geometry": {
        "type": "Point",
        "coordinates": [
          37.61781,
          55.75204
        ]
      },
      "properties": {
        "name": "Moscow",
        "ascii_name": "Moscow",
        "feature_class": "P",
        "feature_code": "PPLC",
        "country_code": "RU",
        "cou_name_en": "Russian Federation",
        "population": 10381222,
        "dem": 155,
        "timezone": "Europe/Moscow",
        "modification_date": "2025-09-09"
      }
    },
    {
      "type": "Feature",
      "geometry": {
        "type": "Point",
        "coordinates": [
          13.15712,
          11.84692
        ]
      },
      "properties": {
        "name": "Maiduguri",
        "ascii_name": "Maiduguri",
        "feature_class": "P",
        "feature_code": "PPLA",
        "country_code": "NG",
        "cou_name_en": "Nigeria",
        "population": 1110000,
        "dem": 325,
        "timezone": "Africa/Lagos",
        "modification_date": "2024-01-18"
      }
    },
    {
      "type": "Feature",
      "geometry": {
        "type": "Point",
        "coordinates": [
          5.62575,
          6.33815
        ]
      },
      "properties": {
        "name": "Benin City",
        "ascii_name": "Benin City",
        "feature_class": "P",
        "feature_code": "PPLA",
        "country_code": "NG",
        "cou_name_en": "Nigeria",
        "population": 1782000,
        "dem": 88,
        "timezone": "Africa/Lagos",
        "modification_date": "2025-11-04"
      }
    },
    {
      "type": "Feature",
      "geometry": {
        "type": "Point",
        "coordinates": [
          -101.67374,
          21.12908
        ]
      },
      "properties": {
        "name": "León de los Aldama",
        "ascii_name": "Leon de los Aldama",
        "feature_class": "P",
        "feature_code": "PPLA2",
        "country_code": "MX",
        "cou_name_en": "Mexico",
        "population": 1579803,
        "dem": 1806,
        "timezone": "America/Mexico_City",
        "modification_date": "2025-07-31",
        "label_pos": "top"
      }
    },
    {
      "type": "Feature",
      "geometry": {
        "type": "Point",
        "coordinates": [
          -96.80667,
          32.78306
        ]
      },
      "properties": {
        "name": "Dallas",
        "ascii_name": "Dallas",
        "feature_class": "P",
        "feature_code": "PPLA2",
        "country_code": "US",
        "cou_name_en": "United States",
        "population": 1326087,
        "dem": 139,
        "timezone": "America/Chicago",
        "modification_date": "2025-06-25",
        "label_pos": "top"
      }
    },
    {
      "type": "Feature",
      "geometry": {
        "type": "Point",
        "coordinates": [
          107.64455,
          35.70976
        ]
      },
      "properties": {
        "name": "Qingyang",
        "ascii_name": "Qingyang",
        "feature_class": "P",
        "feature_code": "PPLA2",
        "country_code": "CN",
        "cou_name_en": "China",
        "population": 2125400,
        "dem": 1427,
        "timezone": "Asia/Shanghai",
        "modification_date": "2025-08-18"
      }
    },
    {
      "type": "Feature",
      "geometry": {
        "type": "Point",
        "coordinates": [
          14.42076,
          50.08804
        ]
      },
      "properties": {
        "name": "Prague",
        "ascii_name": "Prague",
        "feature_class": "P",
        "feature_code": "PPLC",
        "country_code": "CZ",
        "cou_name_en": "Czech Republic",
        "population": 1165581,
        "dem": 202,
        "timezone": "Europe/Prague",
        "modification_date": "2025-06-19"
      }
    },
    {
      "type": "Feature",
      "geometry": {
        "type": "Point",
        "coordinates": [
          120.95431,
          31.37762
        ]
      },
      "properties": {
        "name": "Kunshan",
        "ascii_name": "Kunshan",
        "feature_class": "P",
        "feature_code": "PPLA3",
        "country_code": "CN",
        "cou_name_en": "China",
        "population": 2092496,
        "dem": 10,
        "timezone": "Asia/Shanghai",
        "modification_date": "2022-04-01"
      }
    },
    {
      "type": "Feature",
      "geometry": {
        "type": "Point",
        "coordinates": [
          112.03809,
          22.92787
        ]
      },
      "properties": {
        "name": "Yunfu",
        "ascii_name": "Yunfu",
        "feature_class": "P",
        "feature_code": "PPLA2",
        "country_code": "CN",
        "cou_name_en": "China",
        "population": 2612800,
        "dem": 67,
        "timezone": "Asia/Shanghai",
        "modification_date": "2022-02-17"
      }
    },
    {
      "type": "Feature",
      "geometry": {
        "type": "Point",
        "coordinates": [
          114.06556,
          32.12278
        ]
      },
      "properties": {
        "name": "Xinyang",
        "ascii_name": "Xinyang",
        "feature_class": "P",
        "feature_code": "PPL",
        "country_code": "CN",
        "cou_name_en": "China",
        "population": 1230042,
        "dem": 89,
        "timezone": "Asia/Shanghai",
        "modification_date": "2025-08-19"
      }
    },
    {
      "type": "Feature",
      "geometry": {
        "type": "Point",
        "coordinates": [
          114.47861,
          38.04139
        ]
      },
      "properties": {
        "name": "Shijiazhuang",
        "ascii_name": "Shijiazhuang",
        "feature_class": "P",
        "feature_code": "PPLA",
        "country_code": "CN",
        "cou_name_en": "China",
        "population": 3938513,
        "dem": 77,
        "timezone": "Asia/Shanghai",
        "modification_date": "2024-03-27"
      }
    },
    {
      "type": "Feature",
      "geometry": {
        "type": "Point",
        "coordinates": [
          121.45806,
          31.22222
        ]
      },
      "properties": {
        "name": "Shanghai",
        "ascii_name": "Shanghai",
        "feature_class": "P",
        "feature_code": "PPLA",
        "country_code": "CN",
        "cou_name_en": "China",
        "population": 24874500,
        "dem": 12,
        "timezone": "Asia/Shanghai",
        "modification_date": "2025-03-23"
      }
    },
    {
      "type": "Feature",
      "geometry": {
        "type": "Point",
        "coordinates": [
          112.53278,
          32.99472
        ]
      },
      "properties": {
        "name": "Nanyang",
        "ascii_name": "Nanyang",
        "feature_class": "P",
        "feature_code": "PPLA2",
        "country_code": "CN",
        "cou_name_en": "China",
        "population": 1811812,
        "dem": 131,
        "timezone": "Asia/Shanghai",
        "modification_date": "2021-10-20"
      }
    },
    {
      "type": "Feature",
      "geometry": {
        "type": "Point",
        "coordinates": [
          114.41523,
          23.11147
        ]
      },
      "properties": {
        "name": "Huizhou",
        "ascii_name": "Huizhou",
        "feature_class": "P",
        "feature_code": "PPLA2",
        "country_code": "CN",
        "cou_name_en": "China",
        "population": 2900113,
        "dem": 25,
        "timezone": "Asia/Shanghai",
        "modification_date": "2025-11-01"
      }
    },
    {
      "type": "Feature",
      "geometry": {
        "type": "Point",
        "coordinates": [
          111.56675,
          24.40357
        ]
      },
      "properties": {
        "name": "Hezhou",
        "ascii_name": "Hezhou",
        "feature_class": "P",
        "feature_code": "PPLA2",
        "country_code": "CN",
        "cou_name_en": "China",
        "population": 1005490,
        "dem": 106,
        "timezone": "Asia/Shanghai",
        "modification_date": "2021-10-14"
      }
    },
    {
      "type": "Feature",
      "geometry": {
        "type": "Point",
        "coordinates": [
          -47.06083,
          -22.90556
        ]
      },
      "properties": {
        "name": "Campinas",
        "ascii_name": "Campinas",
        "feature_class": "P",
        "feature_code": "PPL",
        "country_code": "BR",
        "cou_name_en": "Brazil",
        "population": 1031554,
        "dem": 686,
        "timezone": "America/Sao_Paulo",
        "modification_date": "2021-09-19",
        "label_pos": "top"
      }
    },
    {
      "type": "Feature",
      "geometry": {
        "type": "Point",
        "coordinates": [
          91.18503,
          23.46186
        ]
      },
      "properties": {
        "name": "Comilla",
        "ascii_name": "Comilla",
        "feature_class": "P",
        "feature_code": "PPL",
        "country_code": "BD",
        "cou_name_en": "Bangladesh",
        "population": 1030000,
        "dem": 17,
        "timezone": "Asia/Dhaka",
        "modification_date": "2023-02-16"
      }
    },
    {
      "type": "Feature",
      "geometry": {
        "type": "Point",
        "coordinates": [
          32.58219,
          0.31628
        ]
      },
      "properties": {
        "name": "Kampala",
        "ascii_name": "Kampala",
        "feature_class": "P",
        "feature_code": "PPLC",
        "country_code": "UG",
        "cou_name_en": "Uganda",
        "population": 1680600,
        "dem": 1223,
        "timezone": "Africa/Kampala",
        "modification_date": "2024-12-02"
      }
    },
    {
      "type": "Feature",
      "geometry": {
        "type": "Point",
        "coordinates": [
          107.59546,
          16.4619
        ]
      },
      "properties": {
        "name": "Huế",
        "ascii_name": "Hue",
        "feature_class": "P",
        "feature_code": "PPLA",
        "country_code": "VN",
        "cou_name_en": "Viet Nam",
        "population": 1380000,
        "dem": 8,
        "timezone": "Asia/Bangkok",
        "modification_date": "2025-07-29"
      }
    },
    {
      "type": "Feature",
      "geometry": {
        "type": "Point",
        "coordinates": [
          31.0292,
          -29.8579
        ]
      },
      "properties": {
        "name": "Durban",
        "ascii_name": "Durban",
        "feature_class": "P",
        "feature_code": "PPLA2",
        "country_code": "ZA",
        "cou_name_en": "South Africa",
        "population": 3338026,
        "dem": 21,
        "timezone": "Africa/Johannesburg",
        "modification_date": "2025-02-24"
      }
    },
    {
      "type": "Feature",
      "geometry": {
        "type": "Point",
        "coordinates": [
          104.91601,
          11.56245
        ]
      },
      "properties": {
        "name": "Phnom Penh",
        "ascii_name": "Phnom Penh",
        "feature_class": "P",
        "feature_code": "PPLC",
        "country_code": "KH",
        "cou_name_en": "Cambodia",
        "population": 1573544,
        "dem": 20,
        "timezone": "Asia/Phnom_Penh",
        "modification_date": "2025-10-19"
      }
    },
    {
      "type": "Feature",
      "geometry": {
        "type": "Point",
        "coordinates": [
          100.50144,
          13.75398
        ]
      },
      "properties": {
        "name": "Bangkok",
        "ascii_name": "Bangkok",
        "feature_class": "P",
        "feature_code": "PPLC",
        "country_code": "TH",
        "cou_name_en": "Thailand",
        "population": 5104476,
        "dem": 12,
        "timezone": "Asia/Bangkok",
        "modification_date": "2024-03-26"
      }
    },
    {
      "type": "Feature",
      "geometry": {
        "type": "Point",
        "coordinates": [
          119.43194,
          -5.14861
        ]
      },
      "properties": {
        "name": "Makassar",
        "ascii_name": "Makassar",
        "feature_class": "P",
        "feature_code": "PPLA",
        "country_code": "ID",
        "cou_name_en": "Indonesia",
        "population": 1423877,
        "dem": 6,
        "timezone": "Asia/Makassar",
        "modification_date": "2022-12-30"
      }
    },
    {
      "type": "Feature",
      "geometry": {
        "type": "Point",
        "coordinates": [
          104.02491,
          1.14937
        ]
      },
      "properties": {
        "name": "Batam",
        "ascii_name": "Batam",
        "feature_class": "P",
        "feature_code": "PPL",
        "country_code": "ID",
        "cou_name_en": "Indonesia",
        "population": 1164352,
        "dem": 38,
        "timezone": "Asia/Jakarta",
        "modification_date": "2020-11-01"
      }
    },
    {
      "type": "Feature",
      "geometry": {
        "type": "Point",
        "coordinates": [
          -6.24889,
          53.33306
        ]
      },
      "properties": {
        "name": "Dublin",
        "ascii_name": "Dublin",
        "feature_class": "P",
        "feature_code": "PPLC",
        "country_code": "IE",
        "cou_name_en": "Ireland",
        "population": 1024027,
        "dem": 17,
        "timezone": "Europe/Dublin",
        "modification_date": "2022-03-09"
      }
    },
    {
      "type": "Feature",
      "geometry": {
        "type": "Point",
        "coordinates": [
          73.85263,
          18.53017
        ]
      },
      "properties": {
        "geoname_id": "6943660",
        "name": "Shivaji Nagar",
        "ascii_name": "Shivaji Nagar",
        "alternate_names": null,
        "feature_class": "P",
        "feature_code": "PPLX",
        "country_code": "IN",
        "cou_name_en": "India",
        "country_code_2": null,
        "admin1_code": "16",
        "admin2_code": "521",
        "admin3_code": 4194,
        "admin4_code": null,
        "population": 1000000,
        "elevation": "1000",
        "dem": 559,
        "timezone": "Asia/Kolkata",
        "modification_date": "2024-01-06",
        "label_en": "India"
      }
    },
    {
      "type": "Feature",
      "geometry": {
        "type": "Point",
        "coordinates": [
          174.76349,
          -36.84853
        ]
      },
      "properties": {
        "name": "Auckland",
        "ascii_name": "Auckland",
        "feature_class": "P",
        "feature_code": "PPLA",
        "country_code": "NZ",
        "cou_name_en": "New Zealand",
        "population": 1530500,
        "dem": 43,
        "timezone": "Pacific/Auckland",
        "modification_date": "2025-08-04"
      }
    },
    {
      "type": "Feature",
      "geometry": {
        "type": "Point",
        "coordinates": [
          71.47824,
          30.19679
        ]
      },
      "properties": {
        "name": "Multan",
        "ascii_name": "Multan",
        "feature_class": "P",
        "feature_code": "PPLA2",
        "country_code": "PK",
        "cou_name_en": "Pakistan",
        "population": 2169915,
        "dem": 126,
        "timezone": "Asia/Karachi",
        "modification_date": "2025-11-15"
      }
    },
    {
      "type": "Feature",
      "geometry": {
        "type": "Point",
        "coordinates": [
          98.66667,
          3.58333
        ]
      },
      "properties": {
        "name": "Medan",
        "ascii_name": "Medan",
        "feature_class": "P",
        "feature_code": "PPLA",
        "country_code": "ID",
        "cou_name_en": "Indonesia",
        "population": 2435252,
        "dem": 26,
        "timezone": "Asia/Jakarta",
        "modification_date": "2025-10-12"
      }
    },
    {
      "type": "Feature",
      "geometry": {
        "type": "Point",
        "coordinates": [
          -69.89232,
          18.47186
        ]
      },
      "properties": {
        "name": "Santo Domingo",
        "ascii_name": "Santo Domingo",
        "feature_class": "P",
        "feature_code": "PPLC",
        "country_code": "DO",
        "cou_name_en": "Dominican Republic",
        "population": 2201941,
        "dem": 24,
        "timezone": "America/Santo_Domingo",
        "modification_date": "2025-03-09"
      }
    },
    {
      "type": "Feature",
      "geometry": {
        "type": "Point",
        "coordinates": [
          29.91582,
          31.20176
        ]
      },
      "properties": {
        "name": "Alexandria",
        "ascii_name": "Alexandria",
        "feature_class": "P",
        "feature_code": "PPLA",
        "country_code": "EG",
        "cou_name_en": "Egypt",
        "population": 5263542,
        "dem": 9,
        "timezone": "Africa/Cairo",
        "modification_date": "2024-03-25"
      }
    },
    {
      "type": "Feature",
      "geometry": {
        "type": "Point",
        "coordinates": [
          -81.65565,
          30.33218
        ]
      },
      "properties": {
        "name": "Jacksonville",
        "ascii_name": "Jacksonville",
        "feature_class": "P",
        "feature_code": "PPLA2",
        "country_code": "US",
        "cou_name_en": "United States",
        "population": 1009833,
        "dem": 12,
        "timezone": "America/New_York",
        "modification_date": "2025-06-25"
      }
    },
    {
      "type": "Feature",
      "geometry": {
        "type": "Point",
        "coordinates": [
          29.06013,
          40.19559
        ]
      },
      "properties": {
        "name": "Bursa",
        "ascii_name": "Bursa",
        "feature_class": "P",
        "feature_code": "PPLA",
        "country_code": "TR",
        "cou_name_en": "Turkey",
        "population": 3101833,
        "dem": 155,
        "timezone": "Europe/Istanbul",
        "modification_date": "2025-11-01"
      }
    },
    {
      "type": "Feature",
      "geometry": {
        "type": "Point",
        "coordinates": [
          119.43583,
          32.39722
        ]
      },
      "properties": {
        "name": "Yangzhou",
        "ascii_name": "Yangzhou",
        "feature_class": "P",
        "feature_code": "PPL",
        "country_code": "CN",
        "cou_name_en": "China",
        "population": 1584237,
        "dem": 14,
        "timezone": "Asia/Shanghai",
        "modification_date": "2021-10-07"
      }
    },
    {
      "type": "Feature",
      "geometry": {
        "type": "Point",
        "coordinates": [
          120.66682,
          27.99942
        ]
      },
      "properties": {
        "name": "Wenzhou",
        "ascii_name": "Wenzhou",
        "feature_class": "P",
        "feature_code": "PPLA3",
        "country_code": "CN",
        "cou_name_en": "China",
        "population": 2650000,
        "dem": 10,
        "timezone": "Asia/Shanghai",
        "modification_date": "2024-07-27"
      }
    },
    {
      "type": "Feature",
      "geometry": {
        "type": "Point",
        "coordinates": [
          103.78333,
          25.48333
        ]
      },
      "properties": {
        "name": "Qujing",
        "ascii_name": "Qujing",
        "feature_class": "P",
        "feature_code": "PPL",
        "country_code": "CN",
        "cou_name_en": "China",
        "population": 1408500,
        "dem": 1887,
        "timezone": "Asia/Shanghai",
        "modification_date": "2021-10-14"
      }
    },
    {
      "type": "Feature",
      "geometry": {
        "type": "Point",
        "coordinates": [
          106.71667,
          26.58333
        ]
      },
      "properties": {
        "name": "Guiyang",
        "ascii_name": "Guiyang",
        "feature_class": "P",
        "feature_code": "PPLA",
        "country_code": "CN",
        "cou_name_en": "China",
        "population": 3037159,
        "dem": 1087,
        "timezone": "Asia/Shanghai",
        "modification_date": "2024-04-05"
      }
    },
    {
      "type": "Feature",
      "geometry": {
        "type": "Point",
        "coordinates": [
          116.33333,
          27.95999
        ]
      },
      "properties": {
        "name": "Fuzhou",
        "ascii_name": "Fuzhou",
        "feature_class": "P",
        "feature_code": "PPLA2",
        "country_code": "CN",
        "cou_name_en": "China",
        "population": 1089888,
        "dem": 53,
        "timezone": "Asia/Shanghai",
        "modification_date": "2025-10-24"
      }
    },
    {
      "type": "Feature",
      "geometry": {
        "type": "Point",
        "coordinates": [
          113.29139,
          40.09361
        ]
      },
      "properties": {
        "name": "Datong",
        "ascii_name": "Datong",
        "feature_class": "P",
        "feature_code": "PPL",
        "country_code": "CN",
        "cou_name_en": "China",
        "population": 1850000,
        "dem": 1054,
        "timezone": "Asia/Shanghai",
        "modification_date": "2024-05-17"
      }
    },
    {
      "type": "Feature",
      "geometry": {
        "type": "Point",
        "coordinates": [
          139.69171,
          35.6895
        ]
      },
      "properties": {
        "name": "Tokyo",
        "ascii_name": "Tokyo",
        "feature_class": "P",
        "feature_code": "PPLC",
        "country_code": "JP",
        "cou_name_en": "Japan",
        "population": 9733276,
        "dem": 44,
        "timezone": "Asia/Tokyo",
        "modification_date": "2025-07-22"
      }
    },
    {
      "type": "Feature",
      "geometry": {
        "type": "Point",
        "coordinates": [
          96.15611,
          16.80528
        ]
      },
      "properties": {
        "name": "Yangon",
        "ascii_name": "Yangon",
        "feature_class": "P",
        "feature_code": "PPLA",
        "country_code": "MM",
        "cou_name_en": "Myanmar",
        "population": 4477638,
        "dem": 30,
        "timezone": "Asia/Yangon",
        "modification_date": "2025-02-23"
      }
    },
    {
      "type": "Feature",
      "geometry": {
        "type": "Point",
        "coordinates": [
          -89.62318,
          20.967
        ]
      },
      "properties": {
        "name": "Mérida",
        "ascii_name": "Merida",
        "feature_class": "P",
        "feature_code": "PPLA",
        "country_code": "MX",
        "cou_name_en": "Mexico",
        "population": 1201000,
        "dem": 10,
        "timezone": "America/Merida",
        "modification_date": "2025-05-15"
      }
    },
    {
      "type": "Feature",
      "geometry": {
        "type": "Point",
        "coordinates": [
          101.44167,
          0.51667
        ]
      },
      "properties": {
        "name": "Pekanbaru",
        "ascii_name": "Pekanbaru",
        "feature_class": "P",
        "feature_code": "PPLA",
        "country_code": "ID",
        "cou_name_en": "Indonesia",
        "population": 1085000,
        "dem": 19,
        "timezone": "Asia/Jakarta",
        "modification_date": "2023-02-08"
      }
    },
    {
      "type": "Feature",
      "geometry": {
        "type": "Point",
        "coordinates": [
          74.80555,
          34.08565
        ]
      },
      "properties": {
        "name": "Srinagar",
        "ascii_name": "Srinagar",
        "feature_class": "P",
        "feature_code": "PPLA",
        "country_code": "IN",
        "cou_name_en": "India",
        "population": 1206419,
        "dem": 1589,
        "timezone": "Asia/Kolkata",
        "modification_date": "2025-05-24"
      }
    },
    {
      "type": "Feature",
      "geometry": {
        "type": "Point",
        "coordinates": [
          44.02488,
          32.61603
        ]
      },
      "properties": {
        "name": "Karbala",
        "ascii_name": "Karbala",
        "feature_class": "P",
        "feature_code": "PPLA",
        "country_code": "IQ",
        "cou_name_en": "Iraq",
        "population": 1218732,
        "dem": 32,
        "timezone": "Asia/Baghdad",
        "modification_date": "2024-02-14"
      }
    },
    {
      "type": "Feature",
      "geometry": {
        "type": "Point",
        "coordinates": [
          32.53458,
          15.64925
        ]
      },
      "properties": {
        "name": "Khartoum North",
        "ascii_name": "Khartoum North",
        "feature_class": "P",
        "feature_code": "PPL",
        "country_code": "SD",
        "cou_name_en": "Sudan, The Republic of",
        "population": 1012211,
        "dem": 381,
        "timezone": "Africa/Khartoum",
        "modification_date": "2025-11-04"
      }
    },
    {
      "type": "Feature",
      "geometry": {
        "type": "Point",
        "coordinates": [
          -7.61138,
          33.58831
        ]
      },
      "properties": {
        "name": "Casablanca",
        "ascii_name": "Casablanca",
        "feature_class": "P",
        "feature_code": "PPLA",
        "country_code": "MA",
        "cou_name_en": "Morocco",
        "population": 3665954,
        "dem": 27,
        "timezone": "Africa/Casablanca",
        "modification_date": "2025-03-02"
      }
    },
    {
      "type": "Feature",
      "geometry": {
        "type": "Point",
        "coordinates": [
          11.86352,
          -4.77609
        ]
      },
      "properties": {
        "name": "Pointe-Noire",
        "ascii_name": "Pointe-Noire",
        "feature_class": "P",
        "feature_code": "PPLA",
        "country_code": "CG",
        "cou_name_en": "Congo",
        "population": 1032000,
        "dem": 12,
        "timezone": "Africa/Brazzaville",
        "modification_date": "2023-11-29"
      }
    },
    {
      "type": "Feature",
      "geometry": {
        "type": "Point",
        "coordinates": [
          114.0683,
          22.54554
        ]
      },
      "properties": {
        "name": "Shenzhen",
        "ascii_name": "Shenzhen",
        "feature_class": "P",
        "feature_code": "PPLA2",
        "country_code": "CN",
        "cou_name_en": "China",
        "population": 17494398,
        "dem": 4,
        "timezone": "Asia/Shanghai",
        "modification_date": "2025-10-22"
      }
    },
    {
      "type": "Feature",
      "geometry": {
        "type": "Point",
        "coordinates": [
          119.01028,
          25.43944
        ]
      },
      "properties": {
        "name": "Putian",
        "ascii_name": "Putian",
        "feature_class": "P",
        "feature_code": "PPLA2",
        "country_code": "CN",
        "cou_name_en": "China",
        "population": 1539389,
        "dem": 23,
        "timezone": "Asia/Shanghai",
        "modification_date": "2021-12-13"
      }
    },
    {
      "type": "Feature",
      "geometry": {
        "type": "Point",
        "coordinates": [
          111.96272,
          21.85563
        ]
      },
      "properties": {
        "name": "Yangjiang",
        "ascii_name": "Yangjiang",
        "feature_class": "P",
        "feature_code": "PPLA2",
        "country_code": "CN",
        "cou_name_en": "China",
        "population": 1292987,
        "dem": 15,
        "timezone": "Asia/Shanghai",
        "modification_date": "2021-10-14"
      }
    },
    {
      "type": "Feature",
      "geometry": {
        "type": "Point",
        "coordinates": [
          116.79167,
          33.97444
        ]
      },
      "properties": {
        "name": "Huaibei",
        "ascii_name": "Huaibei",
        "feature_class": "P",
        "feature_code": "PPLA2",
        "country_code": "CN",
        "cou_name_en": "China",
        "population": 1113321,
        "dem": 51,
        "timezone": "Asia/Shanghai",
        "modification_date": "2021-10-18"
      }
    },
    {
      "type": "Feature",
      "geometry": {
        "type": "Point",
        "coordinates": [
          115.47358,
          35.23929
        ]
      },
      "properties": {
        "name": "Heze",
        "ascii_name": "Heze",
        "feature_class": "P",
        "feature_code": "PPLA2",
        "country_code": "CN",
        "cou_name_en": "China",
        "population": 1346717,
        "dem": 53,
        "timezone": "Asia/Shanghai",
        "modification_date": "2022-01-14"
      }
    },
    {
      "type": "Feature",
      "geometry": {
        "type": "Point",
        "coordinates": [
          -49.27306,
          -25.42778
        ]
      },
      "properties": {
        "name": "Curitiba",
        "ascii_name": "Curitiba",
        "feature_class": "P",
        "feature_code": "PPLA",
        "country_code": "BR",
        "cou_name_en": "Brazil",
        "population": 1948626,
        "dem": 924,
        "timezone": "America/Sao_Paulo",
        "modification_date": "2023-02-21"
      }
    },
    {
      "type": "Feature",
      "geometry": {
        "type": "Point",
        "coordinates": [
          -75.69812,
          45.41117
        ]
      },
      "properties": {
        "name": "Ottawa",
        "ascii_name": "Ottawa",
        "feature_class": "P",
        "feature_code": "PPLC",
        "country_code": "CA",
        "cou_name_en": "Canada",
        "population": 1017449,
        "dem": 71,
        "timezone": "America/Toronto",
        "modification_date": "2025-08-04"
      }
    },
    {
      "type": "Feature",
      "geometry": {
        "type": "Point",
        "coordinates": [
          -74.00597,
          40.71427
        ]
      },
      "properties": {
        "name": "New York City",
        "ascii_name": "New York City",
        "feature_class": "P",
        "feature_code": "PPL",
        "country_code": "US",
        "cou_name_en": "United States",
        "population": 8804190,
        "dem": 57,
        "timezone": "America/New_York",
        "modification_date": "2025-09-24",
        "label_pos": "right"
      }
    },
    {
      "type": "Feature",
      "geometry": {
        "type": "Point",
        "coordinates": [
          83.31622,
          17.73308
        ]
      },
      "properties": {
        "name": "Rasapūdipalem",
        "ascii_name": "Rasapudipalem",
        "feature_class": "P",
        "feature_code": "PPL",
        "country_code": "IN",
        "cou_name_en": "India",
        "population": 1728128,
        "dem": 45,
        "timezone": "Asia/Kolkata",
        "modification_date": "2024-12-30"
      }
    },
    {
      "type": "Feature",
      "geometry": {
        "type": "Point",
        "coordinates": [
          106.62965,
          10.82302
        ]
      },
      "properties": {
        "name": "Ho Chi Minh City",
        "ascii_name": "Ho Chi Minh City",
        "feature_class": "P",
        "feature_code": "PPL",
        "country_code": "VN",
        "cou_name_en": "Viet Nam",
        "population": 14002598,
        "dem": 7,
        "timezone": "Asia/Ho_Chi_Minh",
        "modification_date": "2025-10-19"
      }
    }
  ]
}