{
  "type": "FeatureCollection",
  "features": [
    {
      "type": "Feature",
      "geometry": {
        "type": "Point",
        "coordinates": [
          -76.78319,
          18.00747
        ]
      },
      "properties": {
        "geoname_id": "3489297",
        "name": "New Kingston",
        "ascii_name": "New Kingston",
        "alternate_names": null,
        "feature_class": "P",
        "feature_code": "PPLX",
        "country_code": "JM",
        "cou_name_en": "Jamaica",
        "country_code_2": null,
        "admin1_code": "08",
        "admin2_code": "15017",
        "admin3_code": null,
        "admin4_code": null,
        "population": 583958,
        "elevation": null,
        "dem": 99,
        "timezone": "America/Jamaica",
        "modification_date": "2019-02-27",
        "label_en": "Jamaica"
      }
    },
    {
      "type": "Feature",
      "geometry": {
        "type": "Point",
        "coordinates": [
          39.66359,
          -4.05466
        ]
      },
      "properties": {
        "name": "Mombasa",
        "ascii_name": "Mombasa",
        "feature_class": "P",
        "feature_code": "PPLA",
        "country_code": "KE",
        "cou_name_en": "Kenya",
        "population": 1208333,
        "dem": 20,
        "timezone": "Africa/Nairobi",
        "modification_date": "2022-09-26"
      }
    },
    {
      "type": "Feature",
      "geometry": {
        "type": "Point",
        "coordinates": [
          39.55151,
          52.5876
        ]
      },
      "properties": {
        "name": "Lipetsk",
        "ascii_name": "Lipetsk",
        "feature_class": "P",
        "feature_code": "PPLA",
        "country_code": "RU",
        "cou_name_en": "Russian Federation",
        "population": 509735,
        "dem": 156,
        "timezone": "Europe/Moscow",
        "modification_date": "2025-09-09"
      }
    },
    {
      "type": "Feature",
      "geometry": {
        "type": "Point",
        "coordinates": [
          -40.30778,
          -20.12861
        ]
      },
      "properties": {
        "name": "Serra",
        "ascii_name": "Serra",
        "feature_class": "P",
        "feature_code": "PPL",
        "country_code": "BR",
        "cou_name_en": "Brazil",
        "population": 520653,
        "dem": 57,
        "timezone": "America/Sao_Paulo",
        "modification_date": "2025-05-24"
      }
    },
    {
      "type": "Feature",
      "geometry": {
        "type": "Point",
        "coordinates": [
          104.64811,
          30.12108
        ]
      },
      "properties": {
        "name": "Ziyang",
        "ascii_name": "Ziyang",
        "feature_class": "P",
        "feature_code": "PPLA2",
        "country_code": "CN",
        "cou_name_en": "China",
        "population": 905729,
        "dem": 365,
        "timezone": "Asia/Shanghai",
        "modification_date": "2025-08-19"
      }
    },
    {
      "type": "Feature",
      "geometry": {
        "type": "Point",
        "coordinates": [
          114.02944,
          32.97944
        ]
      },
      "properties": {
        "name": "Zhumadian",
        "ascii_name": "Zhumadian",
        "feature_class": "P",
        "feature_code": "PPLA2",
        "country_code": "CN",
        "cou_name_en": "China",
        "population": 721670,
        "dem": 89,
        "timezone": "Asia/Shanghai",
        "modification_date": "2021-10-20"
      }
    },
    {
      "type": "Feature",
      "geometry": {
        "type": "Point",
        "coordinates": [
          121.44081,
          37.47649
        ]
      },
      "properties": {
        "name": "Yantai",
        "ascii_name": "Yantai",
        "feature_class": "P",
        "feature_code": "PPL",
        "country_code": "CN",
        "cou_name_en": "China",
        "population": 2227733,
        "dem": 22,
        "timezone": "Asia/Shanghai",
        "modification_date": "2021-09-26"
      }
    },
    {
      "type": "Feature",
      "geometry": {
        "type": "Point",
        "coordinates": [
          118.42947,
          31.35259
        ]
      },
      "properties": {
        "name": "Wuhu",
        "ascii_name": "Wuhu",
        "feature_class": "P",
        "feature_code": "PPLA2",
        "country_code": "CN",
        "cou_name_en": "China",
        "population": 1598165,
        "dem": 9,
        "timezone": "Asia/Shanghai",
        "modification_date": "2024-11-09"
      }
    },
    {
      "type": "Feature",
      "geometry": {
        "type": "Point",
        "coordinates": [
          113.36306,
          31.71111
        ]
      },
      "properties": {
        "name": "Suizhou",
        "ascii_name": "Suizhou",
        "feature_class": "P",
        "feature_code": "PPLA2",
        "country_code": "CN",
        "cou_name_en": "China",
        "population": 618582,
        "dem": 67,
        "timezone": "Asia/Shanghai",
        "modification_date": "2021-10-20"
      }
    },
    {
      "type": "Feature",
      "geometry": {
        "type": "Point",
        "coordinates": [
          106.63696,
          30.47413
        ]
      },
      "properties": {
        "name": "Guang’an",
        "ascii_name": "Guang'an",
        "feature_class": "P",
        "feature_code": "PPLA2",
        "country_code": "CN",
        "cou_name_en": "China",
        "population": 858159,
        "dem": 244,
        "timezone": "Asia/Shanghai",
        "modification_date": "2025-08-19"
      }
    },
    {
      "type": "Feature",
      "geometry": {
        "type": "Point",
        "coordinates": [
          108.31667,
          22.81667
        ]
      },
      "properties": {
        "name": "Nanning",
        "ascii_name": "Nanning",
        "feature_class": "P",
        "feature_code": "PPLA",
        "country_code": "CN",
        "cou_name_en": "China",
        "population": 3839800,
        "dem": 91,
        "timezone": "Asia/Shanghai",
        "modification_date": "2025-02-23"
      }
    },
    {
      "type": "Feature",
      "geometry": {
        "type": "Point",
        "coordinates": [
          118.51008,
          31.68579
        ]
      },
      "properties": {
        "name": "Ma’anshan",
        "ascii_name": "Ma'anshan",
        "feature_class": "P",
        "feature_code": "PPLA2",
        "country_code": "CN",
        "cou_name_en": "China",
        "population": 741531,
        "dem": 24,
        "timezone": "Asia/Shanghai",
        "modification_date": "2025-08-20"
      }
    },
    {
      "type": "Feature",
      "geometry": {
        "type": "Point",
        "coordinates": [
          116.58139,
          35.405
        ]
      },
      "properties": {
        "name": "Jining",
        "ascii_name": "Jining",
        "feature_class": "P",
        "feature_code": "PPL",
        "country_code": "CN",
        "cou_name_en": "China",
        "population": 1241012,
        "dem": 43,
        "timezone": "Asia/Shanghai",
        "modification_date": "2021-10-08"
      }
    },
    {
      "type": "Feature",
      "geometry": {
        "type": "Point",
        "coordinates": [
          119.64421,
          29.10678
        ]
      },
      "properties": {
        "name": "Jinhua",
        "ascii_name": "Jinhua",
        "feature_class": "P",
        "feature_code": "PPLA2",
        "country_code": "CN",
        "cou_name_en": "China",
        "population": 1463990,
        "dem": 55,
        "timezone": "Asia/Shanghai",
        "modification_date": "2021-10-07"
      }
    },
    {
      "type": "Feature",
      "geometry": {
        "type": "Point",
        "coordinates": [
          113.23914,
          35.23925
        ]
      },
      "properties": {
        "name": "Jiaozuo",
        "ascii_name": "Jiaozuo",
        "feature_class": "P",
        "feature_code": "PPLA2",
        "country_code": "CN",
        "cou_name_en": "China",
        "population": 865413,
        "dem": 90,
        "timezone": "Asia/Shanghai",
        "modification_date": "2025-05-15"
      }
    },
    {
      "type": "Feature",
      "geometry": {
        "type": "Point",
        "coordinates": [
          115.04814,
          30.24706
        ]
      },
      "properties": {
        "name": "Huangshi",
        "ascii_name": "Huangshi",
        "feature_class": "P",
        "feature_code": "PPLA2",
        "country_code": "CN",
        "cou_name_en": "China",
        "population": 688090,
        "dem": 22,
        "timezone": "Asia/Shanghai",
        "modification_date": "2021-09-20"
      }
    },
    {
      "type": "Feature",
      "geometry": {
        "type": "Point",
        "coordinates": [
          113.10528,
          36.18389
        ]
      },
      "properties": {
        "name": "Changzhi",
        "ascii_name": "Changzhi",
        "feature_class": "P",
        "feature_code": "PPLA2",
        "country_code": "CN",
        "cou_name_en": "China",
        "population": 1214940,
        "dem": 937,
        "timezone": "Asia/Shanghai",
        "modification_date": "2025-08-20"
      }
    },
    {
      "type": "Feature",
      "geometry": {
        "type": "Point",
        "coordinates": [
          107.46308,
          31.2106
        ]
      },
      "properties": {
        "name": "Dazhou",
        "ascii_name": "Dazhou",
        "feature_class": "P",
        "feature_code": "PPLA2",
        "country_code": "CN",
        "cou_name_en": "China",
        "population": 1589435,
        "dem": 292,
        "timezone": "Asia/Shanghai",
        "modification_date": "2022-05-22"
      }
    },
    {
      "type": "Feature",
      "geometry": {
        "type": "Point",
        "coordinates": [
          -69.84757,
          18.48511
        ]
      },
      "properties": {
        "name": "Santo Domingo Este",
        "ascii_name": "Santo Domingo Este",
        "feature_class": "P",
        "feature_code": "PPLA",
        "country_code": "DO",
        "cou_name_en": "Dominican Republic",
        "population": 700000,
        "dem": 41,
        "timezone": "America/Santo_Domingo",
        "modification_date": "2025-05-15"
      }
    },
    {
      "type": "Feature",
      "geometry": {
        "type": "Point",
        "coordinates": [
          72.83023,
          21.19594
        ]
      },
      "properties": {
        "name": "Surat",
        "ascii_name": "Surat",
        "feature_class": "P",
        "feature_code": "PPL",
        "country_code": "IN",
        "cou_name_en": "India",
        "population": 4591246,
        "dem": 20,
        "timezone": "Asia/Kolkata",
        "modification_date": "2025-02-26"
      }
    },
    {
      "type": "Feature",
      "geometry": {
        "type": "Point",
        "coordinates": [
          81.4285,
          21.20919
        ]
      },
      "properties": {
        "name": "Bhilai",
        "ascii_name": "Bhilai",
        "feature_class": "P",
        "feature_code": "PPL",
        "country_code": "IN",
        "cou_name_en": "India",
        "population": 627734,
        "dem": 307,
        "timezone": "Asia/Kolkata",
        "modification_date": "2024-12-31"
      }
    },
    {
      "type": "Feature",
      "geometry": {
        "type": "Point",
        "coordinates": [
          52.53113,
          29.61031
        ]
      },
      "properties": {
        "name": "Shiraz",
        "ascii_name": "Shiraz",
        "feature_class": "P",
        "feature_code": "PPLA",
        "country_code": "IR",
        "cou_name_en": "Iran, Islamic Rep. of",
        "population": 1249942,
        "dem": 1545,
        "timezone": "Asia/Tehran",
        "modification_date": "2024-07-22"
      }
    },
    {
      "type": "Feature",
      "geometry": {
        "type": "Point",
        "coordinates": [
          15.97798,
          45.81444
        ]
      },
      "properties": {
        "name": "Zagreb",
        "ascii_name": "Zagreb",
        "feature_class": "P",
        "feature_code": "PPLC",
        "country_code": "HR",
        "cou_name_en": "Croatia",
        "population": 663592,
        "dem": 135,
        "timezone": "Europe/Zagreb",
        "modification_date": "2023-11-25"
      }
    },
    {
      "type": "Feature",
      "geometry": {
        "type": "Point",
        "coordinates": [
          117.14583,
          -0.49167
        ]
      },
      "properties": {
        "name": "Samarinda",
        "ascii_name": "Samarinda",
        "feature_class": "P",
        "feature_code": "PPLA",
        "country_code": "ID",
        "cou_name_en": "Indonesia",
        "population": 831460,
        "dem": 24,
        "timezone": "Asia/Makassar",
        "modification_date": "2022-12-30"
      }
    },
    {
      "type": "Feature",
      "geometry": {
        "type": "Point",
        "coordinates": [
          103.9053,
          1.462
        ]
      },
      "properties": {
        "name": "Pasir Gudang",
        "ascii_name": "Pasir Gudang",
        "feature_class": "P",
        "feature_code": "PPL",
        "country_code": "MY",
        "cou_name_en": "Malaysia",
        "population": 534659,
        "dem": 29,
        "timezone": "Asia/Kuala_Lumpur",
        "modification_date": "2025-11-03"
      }
    },
    {
      "type": "Feature",
      "geometry": {
        "type": "Point",
        "coordinates": [
          7.03325,
          5.48363
        ]
      },
      "properties": {
        "name": "Owerri",
        "ascii_name": "Owerri",
        "feature_class": "P",
        "feature_code": "PPLA",
        "country_code": "NG",
        "cou_name_en": "Nigeria",
        "population": 545000,
        "dem": 73,
        "timezone": "Africa/Lagos",
        "modification_date": "2024-01-18"
      }
    },
    {
      "type": "Feature",
      "geometry": {
        "type": "Point",
        "coordinates": [
          3.48818,
          6.60086
        ]
      },
      "properties": {
        "name": "Ebute Ikorodu",
        "ascii_name": "Ebute Ikorodu",
        "feature_class": "P",
        "feature_code": "PPL",
        "country_code": "NG",
        "cou_name_en": "Nigeria",
        "population": 535619,
        "dem": 4,
        "timezone": "Africa/Lagos",
        "modification_date": "2016-01-30"
      }
    },
    {
      "type": "Feature",
      "geometry": {
        "type": "Point",
        "coordinates": [
          -79.02998,
          -8.11599
        ]
      },
      "properties": {
        "name": "Trujillo",
        "ascii_name": "Trujillo",
        "feature_class": "P",
        "feature_code": "PPLA",
        "country_code": "PE",
        "cou_name_en": "Peru",
        "population": 919899,
        "dem": 31,
        "timezone": "America/Lima",
        "modification_date": "2022-08-20"
      }
    },
    {
      "type": "Feature",
      "geometry": {
        "type": "Point",
        "coordinates": [
          -77.13452,
          -12.05162
        ]
      },
      "properties": {
        "name": "Callao",
        "ascii_name": "Callao",
        "feature_class": "P",
        "feature_code": "PPLA",
        "country_code": "PE",
        "cou_name_en": "Peru",
        "population": 1300000,
        "dem": 5,
        "timezone": "America/Lima",
        "modification_date": "2025-05-15"
      }
    },
    {
      "type": "Feature",
      "geometry": {
        "type": "Point",
        "coordinates": [
          120.96788,
          14.64953
        ]
      },
      "properties": {
        "name": "Caloocan City",
        "ascii_name": "Caloocan City",
        "feature_class": "P",
        "feature_code": "PPLA2",
        "country_code": "PH",
        "cou_name_en": "Philippines",
        "population": 1712945,
        "dem": 6,
        "timezone": "Asia/Manila",
        "modification_date": "2025-09-24"
      }
    },
    {
      "type": "Feature",
      "geometry": {
        "type": "Point",
        "coordinates": [
          73.08969,
          31.41554
        ]
      },
      "properties": {
        "name": "Faisalabad",
        "ascii_name": "Faisalabad",
        "feature_class": "P",
        "feature_code": "PPLA2",
        "country_code": "PK",
        "cou_name_en": "Pakistan",
        "population": 3800193,
        "dem": 186,
        "timezone": "Asia/Karachi",
        "modification_date": "2025-03-02"
      }
    },
    {
      "type": "Feature",
      "geometry": {
        "type": "Point",
        "coordinates": [
          17.03006,
          51.10286
        ]
      },
      "properties": {
        "name": "Wrocław",
        "ascii_name": "Wroclaw",
        "feature_class": "P",
        "feature_code": "PPLA",
        "country_code": "PL",
        "cou_name_en": "Poland",
        "population": 634893,
        "dem": 115,
        "timezone": "Europe/Warsaw",
        "modification_date": "2025-09-09"
      }
    },
    {
      "type": "Feature",
      "geometry": {
        "type": "Point",
        "coordinates": [
          13.3636,
          38.1166
        ]
      },
      "properties": {
        "name": "Palermo",
        "ascii_name": "Palermo",
        "feature_class": "P",
        "feature_code": "PPLA",
        "country_code": "IT",
        "cou_name_en": "Italy",
        "population": 648260,
        "dem": 20,
        "timezone": "Europe/Rome",
        "modification_date": "2023-11-21"
      }
    },
    {
      "type": "Feature",
      "geometry": {
        "type": "Point",
        "coordinates": [
          12.51133,
          41.89193
        ]
      },
      "properties": {
        "name": "Rome",
        "ascii_name": "Rome",
        "feature_class": "P",
        "feature_code": "PPLC",
        "country_code": "IT",
        "cou_name_en": "Italy",
        "population": 2318895,
        "dem": 52,
        "timezone": "Europe/Rome",
        "modification_date": "2025-07-22"
      }
    },
    {
      "type": "Feature",
      "geometry": {
        "type": "Point",
        "coordinates": [
          5.38107,
          43.29695
        ]
      },
      "properties": {
        "name": "Marseille",
        "ascii_name": "Marseille",
        "feature_class": "P",
        "feature_code": "PPLA",
        "country_code": "FR",
        "cou_name_en": "France",
        "population": 877215,
        "dem": 28,
        "timezone": "Europe/Paris",
        "modification_date": "2025-12-09"
      }
    },
    {
      "type": "Feature",
      "geometry": {
        "type": "Point",
        "coordinates": [
          106.65,
          10.75
        ]
      },
      "properties": {
        "name": "Chợ Lớn",
        "ascii_name": "Cho Lon",
        "feature_class": "P",
        "feature_code": "PPLX",
        "country_code": "VN",
        "cou_name_en": "Viet Nam",
        "population": 561000,
        "dem": 7,
        "timezone": "Asia/Ho_Chi_Minh",
        "modification_date": "2025-07-29"
      }
    },
    {
      "type": "Feature",
      "geometry": {
        "type": "Point",
        "coordinates": [
          21.16688,
          42.67272
        ]
      },
      "properties": {
        "name": "Pristina",
        "ascii_name": "Pristina",
        "feature_class": "P",
        "feature_code": "PPLC",
        "country_code": "XK",
        "cou_name_en": null,
        "population": 550000,
        "dem": 597,
        "timezone": "Europe/Belgrade",
        "modification_date": "2022-09-14"
      }
    },
    {
      "type": "Feature",
      "geometry": {
        "type": "Point",
        "coordinates": [
          67.11087,
          36.70904
        ]
      },
      "properties": {
        "name": "Mazār-e Sharīf",
        "ascii_name": "Mazar-e Sharif",
        "feature_class": "P",
        "feature_code": "PPLA",
        "country_code": "AF",
        "cou_name_en": "Afghanistan",
        "population": 523300,
        "dem": 361,
        "timezone": "Asia/Kabul",
        "modification_date": "2022-06-18"
      }
    },
    {
      "type": "Feature",
      "geometry": {
        "type": "Point",
        "coordinates": [
          -57.5562,
          -38.00042
        ]
      },
      "properties": {
        "name": "Mar del Plata",
        "ascii_name": "Mar del Plata",
        "feature_class": "P",
        "feature_code": "PPLA2",
        "country_code": "AR",
        "cou_name_en": "Argentina",
        "population": 593337,
        "dem": 14,
        "timezone": "America/Argentina/Buenos_Aires",
        "modification_date": "2024-06-11"
      }
    },
    {
      "type": "Feature",
      "geometry": {
        "type": "Point",
        "coordinates": [
          -65.21051,
          -26.81601
        ]
      },
      "properties": {
        "name": "San Miguel de Tucumán",
        "ascii_name": "San Miguel de Tucuman",
        "feature_class": "P",
        "feature_code": "PPLA",
        "country_code": "AR",
        "cou_name_en": "Argentina",
        "population": 548866,
        "dem": 440,
        "timezone": "America/Argentina/Tucuman",
        "modification_date": "2025-04-15"
      }
    },
    {
      "type": "Feature",
      "geometry": {
        "type": "Point",
        "coordinates": [
          112.75471,
          37.68403
        ]
      },
      "properties": {
        "name": "Jinzhong",
        "ascii_name": "Jinzhong",
        "feature_class": "P",
        "feature_code": "PPLA2",
        "country_code": "CN",
        "cou_name_en": "China",
        "population": 1226617,
        "dem": 821,
        "timezone": "Asia/Shanghai",
        "modification_date": "2025-08-20"
      }
    },
    {
      "type": "Feature",
      "geometry": {
        "type": "Point",
        "coordinates": [
          104.22057,
          31.33786
        ]
      },
      "properties": {
        "geoname_id": "12492662",
        "name": "Mianzhu, Deyang, Sichuan",
        "ascii_name": "Mianzhu, Deyang, Sichuan",
        "alternate_names": null,
        "feature_class": "P",
        "feature_code": "PPLL",
        "country_code": "CN",
        "cou_name_en": "China",
        "country_code_2": null,
        "admin1_code": "32",
        "admin2_code": "5106",
        "admin3_code": null,
        "admin4_code": null,
        "population": 510000,
        "elevation": null,
        "dem": 599,
        "timezone": "Asia/Shanghai",
        "modification_date": "2022-07-11",
        "label_en": "China"
      }
    },
    {
      "type": "Feature",
      "geometry": {
        "type": "Point",
        "coordinates": [
          -75.82171,
          20.02287
        ]
      },
      "properties": {
        "name": "Santiago de Cuba",
        "ascii_name": "Santiago de Cuba",
        "feature_class": "P",
        "feature_code": "PPLA",
        "country_code": "CU",
        "cou_name_en": "Cuba",
        "population": 555865,
        "dem": 33,
        "timezone": "America/Havana",
        "modification_date": "2025-05-15"
      }
    },
    {
      "type": "Feature",
      "geometry": {
        "type": "Point",
        "coordinates": [
          11.57549,
          48.13743
        ]
      },
      "properties": {
        "name": "Munich",
        "ascii_name": "Munich",
        "feature_class": "P",
        "feature_code": "PPLA",
        "country_code": "DE",
        "cou_name_en": "Germany",
        "population": 1260391,
        "dem": 524,
        "timezone": "Europe/Berlin",
        "modification_date": "2023-10-12"
      }
    },
    {
      "type": "Feature",
      "geometry": {
        "type": "Point",
        "coordinates": [
          6.95,
          50.93333
        ]
      },
      "properties": {
        "name": "Köln",
        "ascii_name": "Koeln",
        "feature_class": "P",
        "feature_code": "PPLA2",
        "country_code": "DE",
        "cou_name_en": "Germany",
        "population": 963395,
        "dem": 58,
        "timezone": "Europe/Berlin",
        "modification_date": "2020-11-12"
      }
    },
    {
      "type": "Feature",
      "geometry": {
        "type": "Point",
        "coordinates": [
          7.01228,
          51.45657
        ]
      },
      "properties": {
        "name": "Essen",
        "ascii_name": "Essen",
        "feature_class": "P",
        "feature_code": "PPLA3",
        "country_code": "DE",
        "cou_name_en": "Germany",
        "population": 593085,
        "dem": 83,
        "timezone": "Europe/Berlin",
        "modification_date": "2021-07-25"
      }
    },
    {
      "type": "Feature",
      "geometry": {
        "type": "Point",
        "coordinates": [
          49.65783,
          58.59809
        ]
      },
      "properties": {
        "name": "Kirov",
        "ascii_name": "Kirov",
        "feature_class": "P",
        "feature_code": "PPLA",
        "country_code": "RU",
        "cou_name_en": "Russian Federation",
        "population": 507155,
        "dem": 179,
        "timezone": "Europe/Kirov",
        "modification_date": "2025-09-09"
      }
    },
    {
      "type": "Feature",
      "geometry": {
        "type": "Point",
        "coordinates": [
          49.12214,
          55.78874
        ]
      },
      "properties": {
        "name": "Kazan",
        "ascii_name": "Kazan",
        "feature_class": "P",
        "feature_code": "PPLA",
        "country_code": "RU",
        "cou_name_en": "Russian Federation",
        "population": 1243500,
        "dem": 61,
        "timezone": "Europe/Moscow",
        "modification_date": "2025-05-08"
      }
    },
    {
      "type": "Feature",
      "geometry": {
        "type": "Point",
        "coordinates": [
          65.52722,
          57.15222
        ]
      },
      "properties": {
        "name": "Tyumen",
        "ascii_name": "Tyumen",
        "feature_class": "P",
        "feature_code": "PPLA",
        "country_code": "RU",
        "cou_name_en": "Russian Federation",
        "population": 768358,
        "dem": 81,
        "timezone": "Asia/Yekaterinburg",
        "modification_date": "2022-09-17"
      }
    },
    {
      "type": "Feature",
      "geometry": {
        "type": "Point",
        "coordinates": [
          83.72786,
          53.36199
        ]
      },
      "properties": {
        "name": "Barnaul",
        "ascii_name": "Barnaul",
        "feature_class": "P",
        "feature_code": "PPLA",
        "country_code": "RU",
        "cou_name_en": "Russian Federation",
        "population": 632372,
        "dem": 197,
        "timezone": "Asia/Barnaul",
        "modification_date": "2025-09-09"
      }
    },
    {
      "type": "Feature",
      "geometry": {
        "type": "Point",
        "coordinates": [
          103.85007,
          1.28967
        ]
      },
      "properties": {
        "name": "Singapore",
        "ascii_name": "Singapore",
        "feature_class": "P",
        "feature_code": "PPLC",
        "country_code": "SG",
        "cou_name_en": "Singapore",
        "population": 5638700,
        "dem": 23,
        "timezone": "Asia/Singapore",
        "modification_date": "2025-07-23"
      }
    },
    {
      "type": "Feature",
      "geometry": {
        "type": "Point",
        "coordinates": [
          33.45,
          -8.9
        ]
      },
      "properties": {
        "name": "Mbeya",
        "ascii_name": "Mbeya",
        "feature_class": "P",
        "feature_code": "PPLA",
        "country_code": "TZ",
        "cou_name_en": "Tanzania, United Republic of",
        "population": 541603,
        "dem": 1697,
        "timezone": "Africa/Dar_es_Salaam",
        "modification_date": "2023-12-10"
      }
    },
    {
      "type": "Feature",
      "geometry": {
        "type": "Point",
        "coordinates": [
          -9.1498,
          38.72509
        ]
      },
      "properties": {
        "name": "Lisbon",
        "ascii_name": "Lisbon",
        "feature_class": "P",
        "feature_code": "PPLC",
        "country_code": "PT",
        "cou_name_en": "Portugal",
        "population": 517802,
        "dem": 68,
        "timezone": "Europe/Lisbon",
        "modification_date": "2025-06-12"
      }
    },
    {
      "type": "Feature",
      "geometry": {
        "type": "Point",
        "coordinates": [
          55.96779,
          54.74306
        ]
      },
      "properties": {
        "name": "Ufa",
        "ascii_name": "Ufa",
        "feature_class": "P",
        "feature_code": "PPLA",
        "country_code": "RU",
        "cou_name_en": "Russian Federation",
        "population": 1120547,
        "dem": 158,
        "timezone": "Asia/Yekaterinburg",
        "modification_date": "2022-09-17"
      }
    },
    {
      "type": "Feature",
      "geometry": {
        "type": "Point",
        "coordinates": [
          121.0792,
          14.5243
        ]
      },
      "properties": {
        "name": "Taguig",
        "ascii_name": "Taguig",
        "feature_class": "P",
        "feature_code": "PPLA3",
        "country_code": "PH",
        "cou_name_en": "Philippines",
        "population": 1308085,
        "dem": 5,
        "timezone": "Asia/Manila",
        "modification_date": "2025-09-25"
      }
    },
    {
      "type": "Feature",
      "geometry": {
        "type": "Point",
        "coordinates": [
          120.98278,
          14.45056
        ]
      },
      "properties": {
        "name": "Las Piñas",
        "ascii_name": "Las Pinas",
        "feature_class": "P",
        "feature_code": "PPLA3",
        "country_code": "PH",
        "cou_name_en": "Philippines",
        "population": 615549,
        "dem": 17,
        "timezone": "Asia/Manila",
        "modification_date": "2025-09-25"
      }
    },
    {
      "type": "Feature",
      "geometry": {
        "type": "Point",
        "coordinates": [
          125.17167,
          6.11278
        ]
      },
      "properties": {
        "name": "General Santos",
        "ascii_name": "General Santos",
        "feature_class": "P",
        "feature_code": "PPL",
        "country_code": "PH",
        "cou_name_en": "Philippines",
        "population": 722059,
        "dem": 22,
        "timezone": "Asia/Manila",
        "modification_date": "2025-11-02"
      }
    },
    {
      "type": "Feature",
      "geometry": {
        "type": "Point",
        "coordinates": [
          121.16528,
          14.21167
        ]
      },
      "properties": {
        "name": "Calamba",
        "ascii_name": "Calamba",
        "feature_class": "P",
        "feature_code": "PPLA",
        "country_code": "PH",
        "cou_name_en": "Philippines",
        "population": 575046,
        "dem": 16,
        "timezone": "Asia/Manila",
        "modification_date": "2025-09-24"
      }
    },
    {
      "type": "Feature",
      "geometry": {
        "type": "Point",
        "coordinates": [
          68.85889,
          27.70323
        ]
      },
      "properties": {
        "name": "Sukkur",
        "ascii_name": "Sukkur",
        "feature_class": "P",
        "feature_code": "PPLA2",
        "country_code": "PK",
        "cou_name_en": "Pakistan",
        "population": 563851,
        "dem": 72,
        "timezone": "Asia/Karachi",
        "modification_date": "2025-02-04"
      }
    },
    {
      "type": "Feature",
      "geometry": {
        "type": "Point",
        "coordinates": [
          44.20646,
          15.35452
        ]
      },
      "properties": {
        "name": "Sanaa",
        "ascii_name": "Sanaa",
        "feature_class": "P",
        "feature_code": "PPLC",
        "country_code": "YE",
        "cou_name_en": "Yemen",
        "population": 1937451,
        "dem": 2253,
        "timezone": "Asia/Aden",
        "modification_date": "2025-06-14"
      }
    },
    {
      "type": "Feature",
      "geometry": {
        "type": "Point",
        "coordinates": [
          30.39278,
          -29.61679
        ]
      },
      "properties": {
        "name": "Pietermaritzburg",
        "ascii_name": "Pietermaritzburg",
        "feature_class": "P",
        "feature_code": "PPLA",
        "country_code": "ZA",
        "cou_name_en": "South Africa",
        "population": 839327,
        "dem": 636,
        "timezone": "Africa/Johannesburg",
        "modification_date": "2025-06-11"
      }
    },
    {
      "type": "Feature",
      "geometry": {
        "type": "Point",
        "coordinates": [
          -103.41898,
          25.54389
        ]
      },
      "properties": {
        "name": "Torreón",
        "ascii_name": "Torreon",
        "feature_class": "P",
        "feature_code": "PPLA2",
        "country_code": "MX",
        "cou_name_en": "Mexico",
        "population": 735340,
        "dem": 1124,
        "timezone": "America/Monterrey",
        "modification_date": "2023-02-01"
      }
    },
    {
      "type": "Feature",
      "geometry": {
        "type": "Point",
        "coordinates": [
          -71.05977,
          42.35843
        ]
      },
      "properties": {
        "name": "Boston",
        "ascii_name": "Boston",
        "feature_class": "P",
        "feature_code": "PPLA",
        "country_code": "US",
        "cou_name_en": "United States",
        "population": 653833,
        "dem": 38,
        "timezone": "America/New_York",
        "modification_date": "2025-04-14"
      }
    },
    {
      "type": "Feature",
      "geometry": {
        "type": "Point",
        "coordinates": [
          -82.99879,
          39.96118
        ]
      },
      "properties": {
        "name": "Columbus",
        "ascii_name": "Columbus",
        "feature_class": "P",
        "feature_code": "PPLA",
        "country_code": "US",
        "cou_name_en": "United States",
        "population": 913175,
        "dem": 242,
        "timezone": "America/New_York",
        "modification_date": "2025-04-14"
      }
    },
    {
      "type": "Feature",
      "geometry": {
        "type": "Point",
        "coordinates": [
          -35.01472,
          -8.11278
        ]
      },
      "properties": {
        "name": "Jaboatão dos Guararapes",
        "ascii_name": "Jaboatao dos Guararapes",
        "feature_class": "P",
        "feature_code": "PPLA2",
        "country_code": "BR",
        "cou_name_en": "Brazil",
        "population": 644037,
        "dem": 48,
        "timezone": "America/Recife",
        "modification_date": "2025-05-29"
      }
    },
    {
      "type": "Feature",
      "geometry": {
        "type": "Point",
        "coordinates": [
          91.83168,
          22.3384
        ]
      },
      "properties": {
        "name": "Chattogram",
        "ascii_name": "Chattogram",
        "feature_class": "P",
        "feature_code": "PPLA",
        "country_code": "BD",
        "cou_name_en": "Bangladesh",
        "population": 3920222,
        "dem": 15,
        "timezone": "Asia/Dhaka",
        "modification_date": "2025-03-09"
      }
    },
    {
      "type": "Feature",
      "geometry": {
        "type": "Point",
        "coordinates": [
          13.4925,
          -14.91717
        ]
      },
      "properties": {
        "name": "Lubango",
        "ascii_name": "Lubango",
        "feature_class": "P",
        "feature_code": "PPLA",
        "country_code": "AO",
        "cou_name_en": "Angola",
        "population": 600751,
        "dem": 1760,
        "timezone": "Africa/Luanda",
        "modification_date": "2023-11-28"
      }
    },
    {
      "type": "Feature",
      "geometry": {
        "type": "Point",
        "coordinates": [
          139.65,
          35.43333
        ]
      },
      "properties": {
        "name": "Yokohama",
        "ascii_name": "Yokohama",
        "feature_class": "P",
        "feature_code": "PPLA",
        "country_code": "JP",
        "cou_name_en": "Japan",
        "population": 3777491,
        "dem": 21,
        "timezone": "Asia/Tokyo",
        "modification_date": "2025-02-27"
      }
    },
    {
      "type": "Feature",
      "geometry": {
        "type": "Point",
        "coordinates": [
          133.93333,
          34.65
        ]
      },
      "properties": {
        "name": "Okayama",
        "ascii_name": "Okayama",
        "feature_class": "P",
        "feature_code": "PPLA",
        "country_code": "JP",
        "cou_name_en": "Japan",
        "population": 724691,
        "dem": 5,
        "timezone": "Asia/Tokyo",
        "modification_date": "2024-12-29"
      }
    },
    {
      "type": "Feature",
      "geometry": {
        "type": "Point",
        "coordinates": [
          127.13778,
          37.43861
        ]
      },
      "properties": {
        "name": "Seongnam-si",
        "ascii_name": "Seongnam-si",
        "feature_class": "P",
        "feature_code": "PPL",
        "country_code": "KR",
        "cou_name_en": "Korea, Republic of",
        "population": 914832,
        "dem": 80,
        "timezone": "Asia/Seoul",
        "modification_date": "2025-04-01"
      }
    },
    {
      "type": "Feature",
      "geometry": {
        "type": "Point",
        "coordinates": [
          69.60042,
          42.30988
        ]
      },
      "properties": {
        "name": "Shymkent",
        "ascii_name": "Shymkent",
        "feature_class": "P",
        "feature_code": "PPLA",
        "country_code": "KZ",
        "cou_name_en": "Kazakhstan",
        "population": 1200000,
        "dem": 520,
        "timezone": "Asia/Almaty",
        "modification_date": "2025-07-16"
      }
    },
    {
      "type": "Feature",
      "geometry": {
        "type": "Point",
        "coordinates": [
          -99.23963,
          19.47851
        ]
      },
      "properties": {
        "name": "Naucalpan de Juárez",
        "ascii_name": "Naucalpan de Juarez",
        "feature_class": "P",
        "feature_code": "PPLA2",
        "country_code": "MX",
        "cou_name_en": "Mexico",
        "population": 834434,
        "dem": 2300,
        "timezone": "America/Mexico_City",
        "modification_date": "2025-07-31"
      }
    },
    {
      "type": "Feature",
      "geometry": {
        "type": "Point",
        "coordinates": [
          -74.21682,
          4.57937
        ]
      },
      "properties": {
        "name": "Soacha",
        "ascii_name": "Soacha",
        "feature_class": "P",
        "feature_code": "PPLA2",
        "country_code": "CO",
        "cou_name_en": "Colombia",
        "population": 655025,
        "dem": 2565,
        "timezone": "America/Bogota",
        "modification_date": "2025-10-03"
      }
    },
    {
      "type": "Feature",
      "geometry": {
        "type": "Point",
        "coordinates": [
          9.99302,
          53.55073
        ]
      },
      "properties": {
        "name": "Hamburg",
        "ascii_name": "Hamburg",
        "feature_class": "P",
        "feature_code": "PPLA",
        "country_code": "DE",
        "cou_name_en": "Germany",
        "population": 1845229,
        "dem": 9,
        "timezone": "Europe/Berlin",
        "modification_date": "2025-11-05"
      }
    },
    {
      "type": "Feature",
      "geometry": {
        "type": "Point",
        "coordinates": [
          -4.00167,
          5.35444
        ]
      },
      "properties": {
        "name": "Abidjan",
        "ascii_name": "Abidjan",
        "feature_class": "P",
        "feature_code": "PPLA",
        "country_code": "CI",
        "cou_name_en": "Côte d'Ivoire",
        "population": 6321017,
        "dem": 50,
        "timezone": "Africa/Abidjan",
        "modification_date": "2022-12-14"
      }
    },
    {
      "type": "Feature",
      "geometry": {
        "type": "Point",
        "coordinates": [
          75.98675,
          39.46718
        ]
      },
      "properties": {
        "name": "Kashgar",
        "ascii_name": "Kashgar",
        "feature_class": "P",
        "feature_code": "PPLA2",
        "country_code": "CN",
        "cou_name_en": "China",
        "population": 506640,
        "dem": 1284,
        "timezone": "Asia/Urumqi",
        "modification_date": "2025-01-10"
      }
    },
    {
      "type": "Feature",
      "geometry": {
        "type": "Point",
        "coordinates": [
          117.65556,
          24.51333
        ]
      },
      "properties": {
        "name": "Zhangzhou",
        "ascii_name": "Zhangzhou",
        "feature_class": "P",
        "feature_code": "PPLA2",
        "country_code": "CN",
        "cou_name_en": "China",
        "population": 589831,
        "dem": 14,
        "timezone": "Asia/Shanghai",
        "modification_date": "2021-09-20"
      }
    },
    {
      "type": "Feature",
      "geometry": {
        "type": "Point",
        "coordinates": [
          119.10194,
          36.71
        ]
      },
      "properties": {
        "name": "Weifang",
        "ascii_name": "Weifang",
        "feature_class": "P",
        "feature_code": "PPL",
        "country_code": "CN",
        "cou_name_en": "China",
        "population": 2044028,
        "dem": 30,
        "timezone": "Asia/Shanghai",
        "modification_date": "2025-11-15"
      }
    },
    {
      "type": "Feature",
      "geometry": {
        "type": "Point",
        "coordinates": [
          121.54945,
          29.87819
        ]
      },
      "properties": {
        "name": "Ningbo",
        "ascii_name": "Ningbo",
        "feature_class": "P",
        "feature_code": "PPLA2",
        "country_code": "CN",
        "cou_name_en": "China",
        "population": 3731203,
        "dem": 15,
        "timezone": "Asia/Shanghai",
        "modification_date": "2024-12-12"
      }
    },
    {
      "type": "Feature",
      "geometry": {
        "type": "Point",
        "coordinates": [
          116.11768,
          24.28859
        ]
      },
      "properties": {
        "name": "Meizhou",
        "ascii_name": "Meizhou",
        "feature_class": "P",
        "feature_code": "PPLA2",
        "country_code": "CN",
        "cou_name_en": "China",
        "population": 992351,
        "dem": 84,
        "timezone": "Asia/Shanghai",
        "modification_date": "2024-07-13"
      }
    },
    {
      "type": "Feature",
      "geometry": {
        "type": "Point",
        "coordinates": [
          116.16869,
          23.31072
        ]
      },
      "properties": {
        "name": "Puning",
        "ascii_name": "Puning",
        "feature_class": "P",
        "feature_code": "PPL",
        "country_code": "CN",
        "cou_name_en": "China",
        "population": 874954,
        "dem": 12,
        "timezone": "Asia/Shanghai",
        "modification_date": "2024-07-13"
      }
    },
    {
      "type": "Feature",
      "geometry": {
        "type": "Point",
        "coordinates": [
          111.51889,
          36.08889
        ]
      },
      "properties": {
        "name": "Linfen",
        "ascii_name": "Linfen",
        "feature_class": "P",
        "feature_code": "PPL",
        "country_code": "CN",
        "cou_name_en": "China",
        "population": 959198,
        "dem": 451,
        "timezone": "Asia/Shanghai",
        "modification_date": "2024-07-12"
      }
    },
    {
      "type": "Feature",
      "geometry": {
        "type": "Point",
        "coordinates": [
          116.71471,
          39.52079
        ]
      },
      "properties": {
        "name": "Langfang",
        "ascii_name": "Langfang",
        "feature_class": "P",
        "feature_code": "PPLA2",
        "country_code": "CN",
        "cou_name_en": "China",
        "population": 868066,
        "dem": 19,
        "timezone": "Asia/Shanghai",
        "modification_date": "2023-09-06"
      }
    },
    {
      "type": "Feature",
      "geometry": {
        "type": "Point",
        "coordinates": [
          110.00404,
          27.56337
        ]
      },
      "properties": {
        "name": "Huaihua",
        "ascii_name": "Huaihua",
        "feature_class": "P",
        "feature_code": "PPLA2",
        "country_code": "CN",
        "cou_name_en": "China",
        "population": 552622,
        "dem": 236,
        "timezone": "Asia/Shanghai",
        "modification_date": "2021-10-13"
      }
    },
    {
      "type": "Feature",
      "geometry": {
        "type": "Point",
        "coordinates": [
          111.46214,
          27.23818
        ]
      },
      "properties": {
        "name": "Shaoyang",
        "ascii_name": "Shaoyang",
        "feature_class": "P",
        "feature_code": "PPLA2",
        "country_code": "CN",
        "cou_name_en": "China",
        "population": 753194,
        "dem": 243,
        "timezone": "Asia/Shanghai",
        "modification_date": "2021-10-13"
      }
    },
    {
      "type": "Feature",
      "geometry": {
        "type": "Point",
        "coordinates": [
          -72.33881,
          18.54349
        ]
      },
      "properties": {
        "name": "Port-au-Prince",
        "ascii_name": "Port-au-Prince",
        "feature_class": "P",
        "feature_code": "PPLC",
        "country_code": "HT",
        "cou_name_en": "Haiti",
        "population": 1234742,
        "dem": 27,
        "timezone": "America/Port-au-Prince",
        "modification_date": "2019-09-05"
      }
    },
    {
      "type": "Feature",
      "geometry": {
        "type": "Point",
        "coordinates": [
          78.69651,
          10.8155
        ]
      },
      "properties": {
        "name": "Tiruchirappalli",
        "ascii_name": "Tiruchirappalli",
        "feature_class": "P",
        "feature_code": "PPL",
        "country_code": "IN",
        "cou_name_en": "India",
        "population": 1022518,
        "dem": 79,
        "timezone": "Asia/Kolkata",
        "modification_date": "2024-01-06"
      }
    },
    {
      "type": "Feature",
      "geometry": {
        "type": "Point",
        "coordinates": [
          73.85535,
          18.51957
        ]
      },
      "properties": {
        "name": "Pune",
        "ascii_name": "Pune",
        "feature_class": "P",
        "feature_code": "PPL",
        "country_code": "IN",
        "cou_name_en": "India",
        "population": 3124458,
        "dem": 554,
        "timezone": "Asia/Kolkata",
        "modification_date": "2025-02-26"
      }
    },
    {
      "type": "Feature",
      "geometry": {
        "type": "Point",
        "coordinates": [
          80.27847,
          13.08784
        ]
      },
      "properties": {
        "name": "Chennai",
        "ascii_name": "Chennai",
        "feature_class": "P",
        "feature_code": "PPLA",
        "country_code": "IN",
        "cou_name_en": "India",
        "population": 4681087,
        "dem": 14,
        "timezone": "Asia/Kolkata",
        "modification_date": "2024-09-05"
      }
    },
    {
      "type": "Feature",
      "geometry": {
        "type": "Point",
        "coordinates": [
          83.36889,
          26.76628
        ]
      },
      "properties": {
        "name": "Gorakhpur",
        "ascii_name": "Gorakhpur",
        "feature_class": "P",
        "feature_code": "PPL",
        "country_code": "IN",
        "cou_name_en": "India",
        "population": 674246,
        "dem": 83,
        "timezone": "Asia/Kolkata",
        "modification_date": "2024-01-07"
      }
    },
    {
      "type": "Feature",
      "geometry": {
        "type": "Point",
        "coordinates": [
          45.07605,
          37.55274
        ]
      },
      "properties": {
        "name": "Orūmīyeh",
        "ascii_name": "Orumiyeh",
        "feature_class": "P",
        "feature_code": "PPLA",
        "country_code": "IR",
        "cou_name_en": "Iran, Islamic Rep. of",
        "population": 577307,
        "dem": 1350,
        "timezone": "Asia/Tehran",
        "modification_date": "2024-07-17"
      }
    },
    {
      "type": "Feature",
      "geometry": {
        "type": "Point",
        "coordinates": [
          38.74689,
          9.02497
        ]
      },
      "properties": {
        "name": "Addis Ababa",
        "ascii_name": "Addis Ababa",
        "feature_class": "P",
        "feature_code": "PPLC",
        "country_code": "ET",
        "cou_name_en": "Ethiopia",
        "population": 3860000,
        "dem": 2405,
        "timezone": "Africa/Addis_Ababa",
        "modification_date": "2025-07-19"
      }
    },
    {
      "type": "Feature",
      "geometry": {
        "type": "Point",
        "coordinates": [
          1.44367,
          43.60426
        ]
      },
      "properties": {
        "name": "Toulouse",
        "ascii_name": "Toulouse",
        "feature_class": "P",
        "feature_code": "PPLA",
        "country_code": "FR",
        "cou_name_en": "France",
        "population": 511684,
        "dem": 150,
        "timezone": "Europe/Paris",
        "modification_date": "2025-12-09"
      }
    },
    {
      "type": "Feature",
      "geometry": {
        "type": "Point",
        "coordinates": [
          14.26811,
          40.85216
        ]
      },
      "properties": {
        "name": "Naples",
        "ascii_name": "Naples",
        "feature_class": "P",
        "feature_code": "PPLA",
        "country_code": "IT",
        "cou_name_en": "Italy",
        "population": 909048,
        "dem": 14,
        "timezone": "Europe/Rome",
        "modification_date": "2024-09-11"
      }
    },
    {
      "type": "Feature",
      "geometry": {
        "type": "Point",
        "coordinates": [
          130.69181,
          32.80589
        ]
      },
      "properties": {
        "name": "Kumamoto",
        "ascii_name": "Kumamoto",
        "feature_class": "P",
        "feature_code": "PPLA",
        "country_code": "JP",
        "cou_name_en": "Japan",
        "population": 738907,
        "dem": 9,
        "timezone": "Asia/Tokyo",
        "modification_date": "2022-08-15"
      }
    },
    {
      "type": "Feature",
      "geometry": {
        "type": "Point",
        "coordinates": [
          130.55,
          31.56667
        ]
      },
      "properties": {
        "name": "Kagoshima",
        "ascii_name": "Kagoshima",
        "feature_class": "P",
        "feature_code": "PPLA",
        "country_code": "JP",
        "cou_name_en": "Japan",
        "population": 595049,
        "dem": 6,
        "timezone": "Asia/Tokyo",
        "modification_date": "2022-08-15"
      }
    },
    {
      "type": "Feature",
      "geometry": {
        "type": "Point",
        "coordinates": [
          139.71497,
          35.74893
        ]
      },
      "properties": {
        "name": "Itabashi",
        "ascii_name": "Itabashi",
        "feature_class": "P",
        "feature_code": "PPLX",
        "country_code": "JP",
        "cou_name_en": "Japan",
        "population": 584483,
        "dem": 35,
        "timezone": "Asia/Tokyo",
        "modification_date": "2025-06-03"
      }
    },
    {
      "type": "Feature",
      "geometry": {
        "type": "Point",
        "coordinates": [
          35.50157,
          33.89332
        ]
      },
      "properties": {
        "name": "Beirut",
        "ascii_name": "Beirut",
        "feature_class": "P",
        "feature_code": "PPLC",
        "country_code": "LB",
        "cou_name_en": "Lebanon",
        "population": 1916100,
        "dem": 40,
        "timezone": "Asia/Beirut",
        "modification_date": "2024-09-24"
      }
    },
    {
      "type": "Feature",
      "geometry": {
        "type": "Point",
        "coordinates": [
          96.12972,
          19.745
        ]
      },
      "properties": {
        "name": "Nay Pyi Taw",
        "ascii_name": "Nay Pyi Taw",
        "feature_class": "P",
        "feature_code": "PPLC",
        "country_code": "MM",
        "cou_name_en": "Myanmar",
        "population": 925000,
        "dem": 122,
        "timezone": "Asia/Yangon",
        "modification_date": "2025-05-08"
      }
    },
    {
      "type": "Feature",
      "geometry": {
        "type": "Point",
        "coordinates": [
          113.54611,
          22.20056
        ]
      },
      "properties": {
        "name": "Macau",
        "ascii_name": "Macau",
        "feature_class": "P",
        "feature_code": "PPLC",
        "country_code": "MO",
        "cou_name_en": "Macau, China",
        "population": 649335,
        "dem": 28,
        "timezone": "Asia/Macau",
        "modification_date": "2024-08-27"
      }
    },
    {
      "type": "Feature",
      "geometry": {
        "type": "Point",
        "coordinates": [
          -99.01483,
          19.40061
        ]
      },
      "properties": {
        "name": "Ciudad Nezahualcoyotl",
        "ascii_name": "Ciudad Nezahualcoyotl",
        "feature_class": "P",
        "feature_code": "PPL",
        "country_code": "MX",
        "cou_name_en": "Mexico",
        "population": 1077208,
        "dem": 2235,
        "timezone": "America/Mexico_City",
        "modification_date": "2025-10-22"
      }
    },
    {
      "type": "Feature",
      "geometry": {
        "type": "Point",
        "coordinates": [
          104.7458,
          -2.91673
        ]
      },
      "properties": {
        "name": "Palembang",
        "ascii_name": "Palembang",
        "feature_class": "P",
        "feature_code": "PPLA",
        "country_code": "ID",
        "cou_name_en": "Indonesia",
        "population": 1668848,
        "dem": 5,
        "timezone": "Asia/Jakarta",
        "modification_date": "2022-12-31"
      }
    },
    {
      "type": "Feature",
      "geometry": {
        "type": "Point",
        "coordinates": [
          77.70636,
          28.98002
        ]
      },
      "properties": {
        "name": "Meerut",
        "ascii_name": "Meerut",
        "feature_class": "P",
        "feature_code": "PPL",
        "country_code": "IN",
        "cou_name_en": "India",
        "population": 1223184,
        "dem": 228,
        "timezone": "Asia/Kolkata",
        "modification_date": "2024-01-06"
      }
    },
    {
      "type": "Feature",
      "geometry": {
        "type": "Point",
        "coordinates": [
          78.11953,
          9.919
        ]
      },
      "properties": {
        "name": "Madurai",
        "ascii_name": "Madurai",
        "feature_class": "P",
        "feature_code": "PPLA2",
        "country_code": "IN",
        "cou_name_en": "India",
        "population": 1465625,
        "dem": 139,
        "timezone": "Asia/Kolkata",
        "modification_date": "2024-01-06"
      }
    },
    {
      "type": "Feature",
      "geometry": {
        "type": "Point",
        "coordinates": [
          88.31857,
          22.57688
        ]
      },
      "properties": {
        "name": "Howrah",
        "ascii_name": "Howrah",
        "feature_class": "P",
        "feature_code": "PPL",
        "country_code": "IN",
        "cou_name_en": "India",
        "population": 1027672,
        "dem": 8,
        "timezone": "Asia/Kolkata",
        "modification_date": "2024-04-28"
      }
    },
    {
      "type": "Feature",
      "geometry": {
        "type": "Point",
        "coordinates": [
          76.26022,
          9.93988
        ]
      },
      "properties": {
        "name": "Kochi",
        "ascii_name": "Kochi",
        "feature_class": "P",
        "feature_code": "PPL",
        "country_code": "IN",
        "cou_name_en": "India",
        "population": 633553,
        "dem": 9,
        "timezone": "Asia/Kolkata",
        "modification_date": "2025-06-06"
      }
    },
    {
      "type": "Feature",
      "geometry": {
        "type": "Point",
        "coordinates": [
          49.58862,
          37.27611
        ]
      },
      "properties": {
        "name": "Rasht",
        "ascii_name": "Rasht",
        "feature_class": "P",
        "feature_code": "PPLA",
        "country_code": "IR",
        "cou_name_en": "Iran, Islamic Rep. of",
        "population": 594590,
        "dem": 4,
        "timezone": "Asia/Tehran",
        "modification_date": "2019-02-27"
      }
    },
    {
      "type": "Feature",
      "geometry": {
        "type": "Point",
        "coordinates": [
          49.69809,
          34.09493
        ]
      },
      "properties": {
        "name": "Arāk",
        "ascii_name": "Arak",
        "feature_class": "P",
        "feature_code": "PPLA",
        "country_code": "IR",
        "cou_name_en": "Iran, Islamic Rep. of",
        "population": 503647,
        "dem": 1738,
        "timezone": "Asia/Tehran",
        "modification_date": "2024-09-05"
      }
    },
    {
      "type": "Feature",
      "geometry": {
        "type": "Point",
        "coordinates": [
          48.6842,
          31.31901
        ]
      },
      "properties": {
        "name": "Ahvaz",
        "ascii_name": "Ahvaz",
        "feature_class": "P",
        "feature_code": "PPLA",
        "country_code": "IR",
        "cou_name_en": "Iran, Islamic Rep. of",
        "population": 841145,
        "dem": 23,
        "timezone": "Asia/Tehran",
        "modification_date": "2024-09-05"
      }
    },
    {
      "type": "Feature",
      "geometry": {
        "type": "Point",
        "coordinates": [
          -79.88621,
          -2.19616
        ]
      },
      "properties": {
        "name": "Guayaquil",
        "ascii_name": "Guayaquil",
        "feature_class": "P",
        "feature_code": "PPLA",
        "country_code": "EC",
        "cou_name_en": "Ecuador",
        "population": 2723665,
        "dem": 14,
        "timezone": "America/Guayaquil",
        "modification_date": "2024-11-09"
      }
    },
    {
      "type": "Feature",
      "geometry": {
        "type": "Point",
        "coordinates": [
          31.20861,
          30.00944
        ]
      },
      "properties": {
        "name": "Giza",
        "ascii_name": "Giza",
        "feature_class": "P",
        "feature_code": "PPLA",
        "country_code": "EG",
        "cou_name_en": "Egypt",
        "population": 4367343,
        "dem": 19,
        "timezone": "Africa/Cairo",
        "modification_date": "2024-04-01"
      }
    },
    {
      "type": "Feature",
      "geometry": {
        "type": "Point",
        "coordinates": [
          -3.70256,
          40.4165
        ]
      },
      "properties": {
        "name": "Madrid",
        "ascii_name": "Madrid",
        "feature_class": "P",
        "feature_code": "PPLC",
        "country_code": "ES",
        "cou_name_en": "Spain",
        "population": 3255944,
        "dem": 665,
        "timezone": "Europe/Madrid",
        "modification_date": "2025-03-09"
      }
    },
    {
      "type": "Feature",
      "geometry": {
        "type": "Point",
        "coordinates": [
          2.3488,
          48.85341
        ]
      },
      "properties": {
        "name": "Paris",
        "ascii_name": "Paris",
        "feature_class": "P",
        "feature_code": "PPLC",
        "country_code": "FR",
        "cou_name_en": "France",
        "population": 2138551,
        "dem": 42,
        "timezone": "Europe/Paris",
        "modification_date": "2025-11-01"
      }
    },
    {
      "type": "Feature",
      "geometry": {
        "type": "Point",
        "coordinates": [
          101.60671,
          3.10726
        ]
      },
      "properties": {
        "name": "Petaling Jaya",
        "ascii_name": "Petaling Jaya",
        "feature_class": "P",
        "feature_code": "PPLA2",
        "country_code": "MY",
        "cou_name_en": "Malaysia",
        "population": 807879,
        "dem": 45,
        "timezone": "Asia/Kuala_Lumpur",
        "modification_date": "2025-06-26"
      }
    },
    {
      "type": "Feature",
      "geometry": {
        "type": "Point",
        "coordinates": [
          101.53333,
          3.15
        ]
      },
      "properties": {
        "name": "Kampung Baru Subang",
        "ascii_name": "Kampung Baru Subang",
        "feature_class": "P",
        "feature_code": "PPL",
        "country_code": "MY",
        "cou_name_en": "Malaysia",
        "population": 833571,
        "dem": 27,
        "timezone": "Asia/Kuala_Lumpur",
        "modification_date": "2024-04-19"
      }
    },
    {
      "type": "Feature",
      "geometry": {
        "type": "Point",
        "coordinates": [
          9.84388,
          10.31032
        ]
      },
      "properties": {
        "name": "Bauchi",
        "ascii_name": "Bauchi",
        "feature_class": "P",
        "feature_code": "PPLA",
        "country_code": "NG",
        "cou_name_en": "Nigeria",
        "population": 693700,
        "dem": 623,
        "timezone": "Africa/Lagos",
        "modification_date": "2022-08-22"
      }
    },
    {
      "type": "Feature",
      "geometry": {
        "type": "Point",
        "coordinates": [
          -100.31721,
          25.68435
        ]
      },
      "properties": {
        "name": "Monterrey",
        "ascii_name": "Monterrey",
        "feature_class": "P",
        "feature_code": "PPLA",
        "country_code": "MX",
        "cou_name_en": "Mexico",
        "population": 1135512,
        "dem": 560,
        "timezone": "America/Monterrey",
        "modification_date": "2025-05-15"
      }
    },
    {
      "type": "Feature",
      "geometry": {
        "type": "Point",
        "coordinates": [
          119.21556,
          34.59845
        ]
      },
      "properties": {
        "name": "Lianyungang",
        "ascii_name": "Lianyungang",
        "feature_class": "P",
        "feature_code": "PPLA2",
        "country_code": "CN",
        "cou_name_en": "China",
        "population": 2001009,
        "dem": 1,
        "timezone": "Asia/Shanghai",
        "modification_date": "2025-08-20"
      }
    },
    {
      "type": "Feature",
      "geometry": {
        "type": "Point",
        "coordinates": [
          106.3892,
          38.98082
        ]
      },
      "properties": {
        "name": "Shizuishan",
        "ascii_name": "Shizuishan",
        "feature_class": "P",
        "feature_code": "PPLA2",
        "country_code": "CN",
        "cou_name_en": "China",
        "population": 739400,
        "dem": 1112,
        "timezone": "Asia/Shanghai",
        "modification_date": "2025-08-18"
      }
    },
    {
      "type": "Feature",
      "geometry": {
        "type": "Point",
        "coordinates": [
          108.39586,
          30.76451
        ]
      },
      "properties": {
        "name": "Wanzhou",
        "ascii_name": "Wanzhou",
        "feature_class": "P",
        "feature_code": "PPLA3",
        "country_code": "CN",
        "cou_name_en": "China",
        "population": 1545900,
        "dem": 205,
        "timezone": "Asia/Shanghai",
        "modification_date": "2025-08-30"
      }
    },
    {
      "type": "Feature",
      "geometry": {
        "type": "Point",
        "coordinates": [
          114.49272,
          37.06217
        ]
      },
      "properties": {
        "name": "Xingtai",
        "ascii_name": "Xingtai",
        "feature_class": "P",
        "feature_code": "PPLA2",
        "country_code": "CN",
        "cou_name_en": "China",
        "population": 798770,
        "dem": 71,
        "timezone": "Asia/Shanghai",
        "modification_date": "2024-05-15"
      }
    },
    {
      "type": "Feature",
      "geometry": {
        "type": "Point",
        "coordinates": [
          119.30611,
          26.06139
        ]
      },
      "properties": {
        "name": "Fuzhou",
        "ascii_name": "Fuzhou",
        "feature_class": "P",
        "feature_code": "PPLA",
        "country_code": "CN",
        "cou_name_en": "China",
        "population": 3740000,
        "dem": 14,
        "timezone": "Asia/Shanghai",
        "modification_date": "2025-02-27"
      }
    },
    {
      "type": "Feature",
      "geometry": {
        "type": "Point",
        "coordinates": [
          113.03333,
          25.8
        ]
      },
      "properties": {
        "name": "Chenzhou",
        "ascii_name": "Chenzhou",
        "feature_class": "P",
        "feature_code": "PPLA2",
        "country_code": "CN",
        "cou_name_en": "China",
        "population": 822534,
        "dem": 180,
        "timezone": "Asia/Shanghai",
        "modification_date": "2022-01-17"
      }
    },
    {
      "type": "Feature",
      "geometry": {
        "type": "Point",
        "coordinates": [
          106.54,
          29.37861
        ]
      },
      "properties": {
        "name": "Banan",
        "ascii_name": "Banan",
        "feature_class": "P",
        "feature_code": "PPLA3",
        "country_code": "CN",
        "cou_name_en": "China",
        "population": 508703,
        "dem": 216,
        "timezone": "Asia/Shanghai",
        "modification_date": "2022-04-01"
      }
    },
    {
      "type": "Feature",
      "geometry": {
        "type": "Point",
        "coordinates": [
          101.71276,
          26.58509
        ]
      },
      "properties": {
        "name": "Panzhihua",
        "ascii_name": "Panzhihua",
        "feature_class": "P",
        "feature_code": "PPLA2",
        "country_code": "CN",
        "cou_name_en": "China",
        "population": 787177,
        "dem": 1101,
        "timezone": "Asia/Shanghai",
        "modification_date": "2025-08-19"
      }
    },
    {
      "type": "Feature",
      "geometry": {
        "type": "Point",
        "coordinates": [
          -38.49096,
          -12.97563
        ]
      },
      "properties": {
        "name": "Salvador",
        "ascii_name": "Salvador",
        "feature_class": "P",
        "feature_code": "PPLA",
        "country_code": "BR",
        "cou_name_en": "Brazil",
        "population": 2711840,
        "dem": 4,
        "timezone": "America/Bahia",
        "modification_date": "2025-10-12"
      }
    },
    {
      "type": "Feature",
      "geometry": {
        "type": "Point",
        "coordinates": [
          54.39696,
          24.45118
        ]
      },
      "properties": {
        "name": "Abu Dhabi",
        "ascii_name": "Abu Dhabi",
        "feature_class": "P",
        "feature_code": "PPLC",
        "country_code": "AE",
        "cou_name_en": "United Arab Emirates",
        "population": 1807000,
        "dem": 6,
        "timezone": "Asia/Dubai",
        "modification_date": "2024-03-27"
      }
    },
    {
      "type": "Feature",
      "geometry": {
        "type": "Point",
        "coordinates": [
          44.5126,
          40.17765
        ]
      },
      "properties": {
        "name": "Yerevan",
        "ascii_name": "Yerevan",
        "feature_class": "P",
        "feature_code": "PPLC",
        "country_code": "AM",
        "cou_name_en": "Armenia",
        "population": 1141100,
        "dem": 1002,
        "timezone": "Asia/Yerevan",
        "modification_date": "2025-12-09"
      }
    },
    {
      "type": "Feature",
      "geometry": {
        "type": "Point",
        "coordinates": [
          -64.18853,
          -31.40648
        ]
      },
      "properties": {
        "name": "Córdoba",
        "ascii_name": "Cordoba",
        "feature_class": "P",
        "feature_code": "PPLA",
        "country_code": "AR",
        "cou_name_en": "Argentina",
        "population": 2106734,
        "dem": 378,
        "timezone": "America/Argentina/Cordoba",
        "modification_date": "2025-06-10"
      }
    },
    {
      "type": "Feature",
      "geometry": {
        "type": "Point",
        "coordinates": [
          -73.86641,
          40.84985
        ]
      },
      "properties": {
        "name": "The Bronx",
        "ascii_name": "The Bronx",
        "feature_class": "P",
        "feature_code": "PPLA2",
        "country_code": "US",
        "cou_name_en": "United States",
        "population": 1385108,
        "dem": 19,
        "timezone": "America/New_York",
        "modification_date": "2024-11-21"
      }
    },
    {
      "type": "Feature",
      "geometry": {
        "type": "Point",
        "coordinates": [
          -122.33207,
          47.60621
        ]
      },
      "properties": {
        "name": "Seattle",
        "ascii_name": "Seattle",
        "feature_class": "P",
        "feature_code": "PPLA2",
        "country_code": "US",
        "cou_name_en": "United States",
        "population": 780995,
        "dem": 56,
        "timezone": "America/Los_Angeles",
        "modification_date": "2025-06-25"
      }
    },
    {
      "type": "Feature",
      "geometry": {
        "type": "Point",
        "coordinates": [
          39.58572,
          24.49258
        ]
      },
      "properties": {
        "name": "Sulţānah",
        "ascii_name": "Sultanah",
        "feature_class": "P",
        "feature_code": "PPL",
        "country_code": "SA",
        "cou_name_en": "Saudi Arabia",
        "population": 946697,
        "dem": 597,
        "timezone": "Asia/Riyadh",
        "modification_date": "2012-01-16"
      }
    },
    {
      "type": "Feature",
      "geometry": {
        "type": "Point",
        "coordinates": [
          27.13838,
          38.41273
        ]
      },
      "properties": {
        "name": "İzmir",
        "ascii_name": "Izmir",
        "feature_class": "P",
        "feature_code": "PPLA",
        "country_code": "TR",
        "cou_name_en": "Turkey",
        "population": 2938292,
        "dem": 122,
        "timezone": "Europe/Istanbul",
        "modification_date": "2025-09-05"
      }
    },
    {
      "type": "Feature",
      "geometry": {
        "type": "Point",
        "coordinates": [
          121.0509,
          14.6488
        ]
      },
      "properties": {
        "name": "Quezon City",
        "ascii_name": "Quezon City",
        "feature_class": "P",
        "feature_code": "PPLA2",
        "country_code": "PH",
        "cou_name_en": "Philippines",
        "population": 3084270,
        "dem": 49,
        "timezone": "Asia/Manila",
        "modification_date": "2025-09-24"
      }
    },
    {
      "type": "Feature",
      "geometry": {
        "type": "Point",
        "coordinates": [
          125.61278,
          7.07306
        ]
      },
      "properties": {
        "name": "Davao",
        "ascii_name": "Davao",
        "feature_class": "P",
        "feature_code": "PPLA",
        "country_code": "PH",
        "cou_name_en": "Philippines",
        "population": 1848947,
        "dem": 13,
        "timezone": "Asia/Manila",
        "modification_date": "2025-09-24"
      }
    },
    {
      "type": "Feature",
      "geometry": {
        "type": "Point",
        "coordinates": [
          73.10186,
          30.66595
        ]
      },
      "properties": {
        "name": "Sahiwal",
        "ascii_name": "Sahiwal",
        "feature_class": "P",
        "feature_code": "PPLA2",
        "country_code": "PK",
        "cou_name_en": "Pakistan",
        "population": 538344,
        "dem": 174,
        "timezone": "Asia/Karachi",
        "modification_date": "2025-02-05"
      }
    },
    {
      "type": "Feature",
      "geometry": {
        "type": "Point",
        "coordinates": [
          141.35,
          43.06667
        ]
      },
      "properties": {
        "name": "Sapporo",
        "ascii_name": "Sapporo",
        "feature_class": "P",
        "feature_code": "PPLA",
        "country_code": "JP",
        "cou_name_en": "Japan",
        "population": 1973832,
        "dem": 26,
        "timezone": "Asia/Tokyo",
        "modification_date": "2025-11-03"
      }
    },
    {
      "type": "Feature",
      "geometry": {
        "type": "Point",
        "coordinates": [
          129.31667,
          35.53722
        ]
      },
      "properties": {
        "name": "Ulsan",
        "ascii_name": "Ulsan",
        "feature_class": "P",
        "feature_code": "PPLA",
        "country_code": "KR",
        "cou_name_en": "Korea, Republic of",
        "population": 1095014,
        "dem": 10,
        "timezone": "Asia/Seoul",
        "modification_date": "2025-09-30"
      }
    },
    {
      "type": "Feature",
      "geometry": {
        "type": "Point",
        "coordinates": [
          126.91556,
          35.15472
        ]
      },
      "properties": {
        "name": "Gwangju",
        "ascii_name": "Gwangju",
        "feature_class": "P",
        "feature_code": "PPLA",
        "country_code": "KR",
        "cou_name_en": "Korea, Republic of",
        "population": 1398538,
        "dem": 47,
        "timezone": "Asia/Seoul",
        "modification_date": "2025-09-30"
      }
    },
    {
      "type": "Feature",
      "geometry": {
        "type": "Point",
        "coordinates": [
          79.84868,
          6.93548
        ]
      },
      "properties": {
        "name": "Colombo",
        "ascii_name": "Colombo",
        "feature_class": "P",
        "feature_code": "PPLC",
        "country_code": "LK",
        "cou_name_en": "Sri Lanka",
        "population": 648034,
        "dem": 7,
        "timezone": "Asia/Colombo",
        "modification_date": "2019-09-05"
      }
    },
    {
      "type": "Feature",
      "geometry": {
        "type": "Point",
        "coordinates": [
          -99.06224,
          19.35529
        ]
      },
      "properties": {
        "name": "Iztapalapa",
        "ascii_name": "Iztapalapa",
        "feature_class": "P",
        "feature_code": "PPL",
        "country_code": "MX",
        "cou_name_en": "Mexico",
        "population": 1835486,
        "dem": 2238,
        "timezone": "America/Mexico_City",
        "modification_date": "2025-10-22"
      }
    },
    {
      "type": "Feature",
      "geometry": {
        "type": "Point",
        "coordinates": [
          9.45356,
          0.39241
        ]
      },
      "properties": {
        "name": "Libreville",
        "ascii_name": "Libreville",
        "feature_class": "P",
        "feature_code": "PPLC",
        "country_code": "GA",
        "cou_name_en": "Gabon",
        "population": 846090,
        "dem": 8,
        "timezone": "Africa/Libreville",
        "modification_date": "2023-12-01"
      }
    },
    {
      "type": "Feature",
      "geometry": {
        "type": "Point",
        "coordinates": [
          -1.89983,
          52.48142
        ]
      },
      "properties": {
        "name": "Birmingham",
        "ascii_name": "Birmingham",
        "feature_class": "P",
        "feature_code": "PPLA2",
        "country_code": "GB",
        "cou_name_en": "United Kingdom",
        "population": 1157603,
        "dem": 149,
        "timezone": "Europe/London",
        "modification_date": "2025-06-26"
      }
    },
    {
      "type": "Feature",
      "geometry": {
        "type": "Point",
        "coordinates": [
          114.11095,
          22.42441
        ]
      },
      "properties": {
        "name": "New Territories",
        "ascii_name": "New Territories",
        "feature_class": "P",
        "feature_code": "PPLX",
        "country_code": "HK",
        "cou_name_en": "Hong Kong, China",
        "population": 3984077,
        "dem": 231,
        "timezone": "Asia/Hong_Kong",
        "modification_date": "2024-03-14"
      }
    },
    {
      "type": "Feature",
      "geometry": {
        "type": "Point",
        "coordinates": [
          112.75083,
          -7.24917
        ]
      },
      "properties": {
        "name": "Surabaya",
        "ascii_name": "Surabaya",
        "feature_class": "P",
        "feature_code": "PPLA",
        "country_code": "ID",
        "cou_name_en": "Indonesia",
        "population": 2874314,
        "dem": 8,
        "timezone": "Asia/Jakarta",
        "modification_date": "2025-03-09"
      }
    },
    {
      "type": "Feature",
      "geometry": {
        "type": "Point",
        "coordinates": [
          109.01722,
          32.68
        ]
      },
      "properties": {
        "name": "Ankang",
        "ascii_name": "Ankang",
        "feature_class": "P",
        "feature_code": "PPLA2",
        "country_code": "CN",
        "cou_name_en": "China",
        "population": 870126,
        "dem": 273,
        "timezone": "Asia/Shanghai",
        "modification_date": "2021-10-20"
      }
    },
    {
      "type": "Feature",
      "geometry": {
        "type": "Point",
        "coordinates": [
          103.83696,
          30.04392
        ]
      },
      "properties": {
        "name": "Meishan",
        "ascii_name": "Meishan",
        "feature_class": "P",
        "feature_code": "PPLA2",
        "country_code": "CN",
        "cou_name_en": "China",
        "population": 1107742,
        "dem": 423,
        "timezone": "Asia/Shanghai",
        "modification_date": "2021-10-19"
      }
    },
    {
      "type": "Feature",
      "geometry": {
        "type": "Point",
        "coordinates": [
          105.42575,
          28.8903
        ]
      },
      "properties": {
        "name": "Luzhou",
        "ascii_name": "Luzhou",
        "feature_class": "P",
        "feature_code": "PPLA2",
        "country_code": "CN",
        "cou_name_en": "China",
        "population": 998900,
        "dem": 256,
        "timezone": "Asia/Shanghai",
        "modification_date": "2024-11-12"
      }
    },
    {
      "type": "Feature",
      "geometry": {
        "type": "Point",
        "coordinates": [
          114.04272,
          33.56394
        ]
      },
      "properties": {
        "name": "Luohe",
        "ascii_name": "Luohe",
        "feature_class": "P",
        "feature_code": "PPLA2",
        "country_code": "CN",
        "cou_name_en": "China",
        "population": 1294974,
        "dem": 62,
        "timezone": "Asia/Shanghai",
        "modification_date": "2021-10-20"
      }
    },
    {
      "type": "Feature",
      "geometry": {
        "type": "Point",
        "coordinates": [
          118.34278,
          35.06306
        ]
      },
      "properties": {
        "name": "Linyi",
        "ascii_name": "Linyi",
        "feature_class": "P",
        "feature_code": "PPLA2",
        "country_code": "CN",
        "cou_name_en": "China",
        "population": 2743843,
        "dem": 69,
        "timezone": "Asia/Shanghai",
        "modification_date": "2024-07-20"
      }
    },
    {
      "type": "Feature",
      "geometry": {
        "type": "Point",
        "coordinates": [
          112.34733,
          28.56938
        ]
      },
      "properties": {
        "name": "Heshan",
        "ascii_name": "Heshan",
        "feature_class": "P",
        "feature_code": "PPLA2",
        "country_code": "CN",
        "cou_name_en": "China",
        "population": 1249807,
        "dem": 73,
        "timezone": "Asia/Shanghai",
        "modification_date": "2024-12-12"
      }
    },
    {
      "type": "Feature",
      "geometry": {
        "type": "Point",
        "coordinates": [
          106.62684,
          23.89013
        ]
      },
      "properties": {
        "name": "Baise",
        "ascii_name": "Baise",
        "feature_class": "P",
        "feature_code": "PPLA2",
        "country_code": "CN",
        "cou_name_en": "China",
        "population": 686078,
        "dem": 144,
        "timezone": "Asia/Shanghai",
        "modification_date": "2025-08-19"
      }
    },
    {
      "type": "Feature",
      "geometry": {
        "type": "Point",
        "coordinates": [
          116.39723,
          39.9075
        ]
      },
      "properties": {
        "name": "Beijing",
        "ascii_name": "Beijing",
        "feature_class": "P",
        "feature_code": "PPLC",
        "country_code": "CN",
        "cou_name_en": "China",
        "population": 18960744,
        "dem": 49,
        "timezone": "Asia/Shanghai",
        "modification_date": "2025-07-22"
      }
    },
    {
      "type": "Feature",
      "geometry": {
        "type": "Point",
        "coordinates": [
          109.11549,
          21.48349
        ]
      },
      "properties": {
        "name": "Beihai",
        "ascii_name": "Beihai",
        "feature_class": "P",
        "feature_code": "PPLA2",
        "country_code": "CN",
        "cou_name_en": "China",
        "population": 525329,
        "dem": -9999,
        "timezone": "Asia/Shanghai",
        "modification_date": "2021-10-10"
      }
    },
    {
      "type": "Feature",
      "geometry": {
        "type": "Point",
        "coordinates": [
          119.52908,
          35.41414
        ]
      },
      "properties": {
        "name": "Rizhao",
        "ascii_name": "Rizhao",
        "feature_class": "P",
        "feature_code": "PPLA2",
        "country_code": "CN",
        "cou_name_en": "China",
        "population": 661943,
        "dem": 25,
        "timezone": "Asia/Shanghai",
        "modification_date": "2021-10-11"
      }
    },
    {
      "type": "Feature",
      "geometry": {
        "type": "Point",
        "coordinates": [
          106.81861,
          -6.4
        ]
      },
      "properties": {
        "name": "Depok",
        "ascii_name": "Depok",
        "feature_class": "P",
        "feature_code": "PPL",
        "country_code": "ID",
        "cou_name_en": "Indonesia",
        "population": 2145400,
        "dem": 92,
        "timezone": "Asia/Jakarta",
        "modification_date": "2025-11-15"
      }
    },
    {
      "type": "Feature",
      "geometry": {
        "type": "Point",
        "coordinates": [
          106.71789,
          -6.28862
        ]
      },
      "properties": {
        "name": "South Tangerang",
        "ascii_name": "South Tangerang",
        "feature_class": "P",
        "feature_code": "PPL",
        "country_code": "ID",
        "cou_name_en": "Indonesia",
        "population": 1404785,
        "dem": 39,
        "timezone": "Asia/Jakarta",
        "modification_date": "2024-05-30"
      }
    },
    {
      "type": "Feature",
      "geometry": {
        "type": "Point",
        "coordinates": [
          75.13378,
          15.34776
        ]
      },
      "properties": {
        "name": "Hubballi",
        "ascii_name": "Hubballi",
        "feature_class": "P",
        "feature_code": "PPL",
        "country_code": "IN",
        "cou_name_en": "India",
        "population": 943788,
        "dem": 620,
        "timezone": "Asia/Kolkata",
        "modification_date": "2025-05-24"
      }
    },
    {
      "type": "Feature",
      "geometry": {
        "type": "Point",
        "coordinates": [
          86.15161,
          23.66934
        ]
      },
      "properties": {
        "name": "Bokāro",
        "ascii_name": "Bokaro",
        "feature_class": "P",
        "feature_code": "PPLA2",
        "country_code": "IN",
        "cou_name_en": "India",
        "population": 564319,
        "dem": 209,
        "timezone": "Asia/Kolkata",
        "modification_date": "2024-01-07"
      }
    },
    {
      "type": "Feature",
      "geometry": {
        "type": "Point",
        "coordinates": [
          47.81507,
          30.50316
        ]
      },
      "properties": {
        "name": "Al Başrah al Qadīmah",
        "ascii_name": "Al Basrah al Qadimah",
        "feature_class": "P",
        "feature_code": "PPLX",
        "country_code": "IQ",
        "cou_name_en": "Iraq",
        "population": 2015483,
        "dem": 7,
        "timezone": "Asia/Baghdad",
        "modification_date": "2016-06-22"
      }
    },
    {
      "type": "Feature",
      "geometry": {
        "type": "Point",
        "coordinates": [
          -51.23019,
          -30.03283
        ]
      },
      "properties": {
        "name": "Porto Alegre",
        "ascii_name": "Porto Alegre",
        "feature_class": "P",
        "feature_code": "PPLA",
        "country_code": "BR",
        "cou_name_en": "Brazil",
        "population": 1488252,
        "dem": 46,
        "timezone": "America/Sao_Paulo",
        "modification_date": "2023-02-21"
      }
    },
    {
      "type": "Feature",
      "geometry": {
        "type": "Point",
        "coordinates": [
          -54.64639,
          -20.44278
        ]
      },
      "properties": {
        "name": "Campo Grande",
        "ascii_name": "Campo Grande",
        "feature_class": "P",
        "feature_code": "PPLA",
        "country_code": "BR",
        "cou_name_en": "Brazil",
        "population": 906092,
        "dem": 592,
        "timezone": "America/Campo_Grande",
        "modification_date": "2023-02-21"
      }
    },
    {
      "type": "Feature",
      "geometry": {
        "type": "Point",
        "coordinates": [
          -79.76633,
          43.68341
        ]
      },
      "properties": {
        "name": "Brampton",
        "ascii_name": "Brampton",
        "feature_class": "P",
        "feature_code": "PPL",
        "country_code": "CA",
        "cou_name_en": "Canada",
        "population": 656480,
        "dem": 221,
        "timezone": "America/Toronto",
        "modification_date": "2025-08-04"
      }
    },
    {
      "type": "Feature",
      "geometry": {
        "type": "Point",
        "coordinates": [
          -121.89496,
          37.33939
        ]
      },
      "properties": {
        "name": "San Jose",
        "ascii_name": "San Jose",
        "feature_class": "P",
        "feature_code": "PPLA2",
        "country_code": "US",
        "cou_name_en": "United States",
        "population": 997368,
        "dem": 23,
        "timezone": "America/Los_Angeles",
        "modification_date": "2025-06-25"
      }
    },
    {
      "type": "Feature",
      "geometry": {
        "type": "Point",
        "coordinates": [
          37.80224,
          48.023
        ]
      },
      "properties": {
        "name": "Donetsk",
        "ascii_name": "Donetsk",
        "feature_class": "P",
        "feature_code": "PPLA",
        "country_code": "UA",
        "cou_name_en": "Ukraine",
        "population": 901645,
        "dem": 223,
        "timezone": "Europe/Kyiv",
        "modification_date": "2025-12-04"
      }
    },
    {
      "type": "Feature",
      "geometry": {
        "type": "Point",
        "coordinates": [
          -80.84313,
          35.22709
        ]
      },
      "properties": {
        "name": "Charlotte",
        "ascii_name": "Charlotte",
        "feature_class": "P",
        "feature_code": "PPLA2",
        "country_code": "US",
        "cou_name_en": "United States",
        "population": 911311,
        "dem": 272,
        "timezone": "America/New_York",
        "modification_date": "2025-06-25"
      }
    },
    {
      "type": "Feature",
      "geometry": {
        "type": "Point",
        "coordinates": [
          30.05885,
          -1.94995
        ]
      },
      "properties": {
        "name": "Kigali",
        "ascii_name": "Kigali",
        "feature_class": "P",
        "feature_code": "PPLC",
        "country_code": "RW",
        "cou_name_en": "Rwanda",
        "population": 1132686,
        "dem": 1542,
        "timezone": "Africa/Kigali",
        "modification_date": "2021-11-09"
      }
    },
    {
      "type": "Feature",
      "geometry": {
        "type": "Point",
        "coordinates": [
          36.72559,
          34.72405
        ]
      },
      "properties": {
        "name": "Homs",
        "ascii_name": "Homs",
        "feature_class": "P",
        "feature_code": "PPLA",
        "country_code": "SY",
        "cou_name_en": "Syrian Arab Republic",
        "population": 775404,
        "dem": 508,
        "timezone": "Asia/Damascus",
        "modification_date": "2025-12-07"
      }
    },
    {
      "type": "Feature",
      "geometry": {
        "type": "Point",
        "coordinates": [
          35.48528,
          38.73222
        ]
      },
      "properties": {
        "name": "Kayseri",
        "ascii_name": "Kayseri",
        "feature_class": "P",
        "feature_code": "PPLA",
        "country_code": "TR",
        "cou_name_en": "Turkey",
        "population": 1434357,
        "dem": 1054,
        "timezone": "Europe/Istanbul",
        "modification_date": "2025-06-02"
      }
    },
    {
      "type": "Feature",
      "geometry": {
        "type": "Point",
        "coordinates": [
          45.9901,
          51.54048
        ]
      },
      "properties": {
        "name": "Saratov",
        "ascii_name": "Saratov",
        "feature_class": "P",
        "feature_code": "PPLA",
        "country_code": "RU",
        "cou_name_en": "Russian Federation",
        "population": 844858,
        "dem": 80,
        "timezone": "Europe/Saratov",
        "modification_date": "2025-09-09"
      }
    },
    {
      "type": "Feature",
      "geometry": {
        "type": "Point",
        "coordinates": [
          58.40778,
          23.58413
        ]
      },
      "properties": {
        "name": "Muscat",
        "ascii_name": "Muscat",
        "feature_class": "P",
        "feature_code": "PPLC",
        "country_code": "OM",
        "cou_name_en": "Oman",
        "population": 797000,
        "dem": 14,
        "timezone": "Asia/Muscat",
        "modification_date": "2019-09-05"
      }
    },
    {
      "type": "Feature",
      "geometry": {
        "type": "Point",
        "coordinates": [
          7.43879,
          10.52641
        ]
      },
      "properties": {
        "name": "Kaduna",
        "ascii_name": "Kaduna",
        "feature_class": "P",
        "feature_code": "PPLA",
        "country_code": "NG",
        "cou_name_en": "Nigeria",
        "population": 1850000,
        "dem": 626,
        "timezone": "Africa/Lagos",
        "modification_date": "2024-01-18"
      }
    },
    {
      "type": "Feature",
      "geometry": {
        "type": "Point",
        "coordinates": [
          -68.00044,
          10.16153
        ]
      },
      "properties": {
        "name": "Valencia",
        "ascii_name": "Valencia",
        "feature_class": "P",
        "feature_code": "PPLA",
        "country_code": "VE",
        "cou_name_en": "Venezuela, Bolivarian Rep. of",
        "population": 1619470,
        "dem": 547,
        "timezone": "America/Caracas",
        "modification_date": "2025-05-15"
      }
    },
    {
      "type": "Feature",
      "geometry": {
        "type": "Point",
        "coordinates": [
          49.12424,
          14.54248
        ]
      },
      "properties": {
        "name": "Mukalla",
        "ascii_name": "Mukalla",
        "feature_class": "P",
        "feature_code": "PPLA",
        "country_code": "YE",
        "cou_name_en": "Yemen",
        "population": 594951,
        "dem": 39,
        "timezone": "Asia/Aden",
        "modification_date": "2025-06-20"
      }
    },
    {
      "type": "Feature",
      "geometry": {
        "type": "Point",
        "coordinates": [
          103.38212,
          23.36779
        ]
      },
      "properties": {
        "name": "Mengzi",
        "ascii_name": "Mengzi",
        "feature_class": "P",
        "feature_code": "PPLA2",
        "country_code": "CN",
        "cou_name_en": "China",
        "population": 595100,
        "dem": 1306,
        "timezone": "Asia/Shanghai",
        "modification_date": "2025-08-20"
      }
    },
    {
      "type": "Feature",
      "geometry": {
        "type": "Point",
        "coordinates": [
          86.03694,
          44.3023
        ]
      },
      "properties": {
        "name": "Shihezi",
        "ascii_name": "Shihezi",
        "feature_class": "P",
        "feature_code": "PPLA3",
        "country_code": "CN",
        "cou_name_en": "China",
        "population": 572772,
        "dem": 467,
        "timezone": "Asia/Urumqi",
        "modification_date": "2021-09-20"
      }
    },
    {
      "type": "Feature",
      "geometry": {
        "type": "Point",
        "coordinates": [
          112.20472,
          31.03361
        ]
      },
      "properties": {
        "name": "Jingmen",
        "ascii_name": "Jingmen",
        "feature_class": "P",
        "feature_code": "PPLA2",
        "country_code": "CN",
        "cou_name_en": "China",
        "population": 632954,
        "dem": 94,
        "timezone": "Asia/Shanghai",
        "modification_date": "2021-10-20"
      }
    },
    {
      "type": "Feature",
      "geometry": {
        "type": "Point",
        "coordinates": [
          116.99694,
          32.62639
        ]
      },
      "properties": {
        "name": "Huainan",
        "ascii_name": "Huainan",
        "feature_class": "P",
        "feature_code": "PPL",
        "country_code": "CN",
        "cou_name_en": "China",
        "population": 1666826,
        "dem": 47,
        "timezone": "Asia/Shanghai",
        "modification_date": "2025-08-20"
      }
    },
    {
      "type": "Feature",
      "geometry": {
        "type": "Point",
        "coordinates": [
          110.29639,
          25.28022
        ]
      },
      "properties": {
        "name": "Guilin",
        "ascii_name": "Guilin",
        "feature_class": "P",
        "feature_code": "PPLA2",
        "country_code": "CN",
        "cou_name_en": "China",
        "population": 1572300,
        "dem": 141,
        "timezone": "Asia/Shanghai",
        "modification_date": "2021-10-13"
      }
    },
    {
      "type": "Feature",
      "geometry": {
        "type": "Point",
        "coordinates": [
          112.97087,
          28.19874
        ]
      },
      "properties": {
        "name": "Changsha",
        "ascii_name": "Changsha",
        "feature_class": "P",
        "feature_code": "PPLA",
        "country_code": "CN",
        "cou_name_en": "China",
        "population": 3093980,
        "dem": 67,
        "timezone": "Asia/Shanghai",
        "modification_date": "2024-05-14"
      }
    },
    {
      "type": "Feature",
      "geometry": {
        "type": "Point",
        "coordinates": [
          130.31118,
          46.79711
        ]
      },
      "properties": {
        "name": "Jiamusi",
        "ascii_name": "Jiamusi",
        "feature_class": "P",
        "feature_code": "PPLA2",
        "country_code": "CN",
        "cou_name_en": "China",
        "population": 549549,
        "dem": 66,
        "timezone": "Asia/Shanghai",
        "modification_date": "2021-12-15"
      }
    },
    {
      "type": "Feature",
      "geometry": {
        "type": "Point",
        "coordinates": [
          43.14503,
          11.58901
        ]
      },
      "properties": {
        "name": "Djibouti",
        "ascii_name": "Djibouti",
        "feature_class": "P",
        "feature_code": "PPLC",
        "country_code": "DJ",
        "cou_name_en": "Djibouti",
        "population": 626512,
        "dem": 6,
        "timezone": "Africa/Djibouti",
        "modification_date": "2023-11-29"
      }
    },
    {
      "type": "Feature",
      "geometry": {
        "type": "Point",
        "coordinates": [
          -70,
          18.5
        ]
      },
      "properties": {
        "geoname_id": "7874116",
        "name": "Santo Domingo Oeste",
        "ascii_name": "Santo Domingo Oeste",
        "alternate_names": null,
        "feature_class": "P",
        "feature_code": "PPL",
        "country_code": "DO",
        "cou_name_en": "Dominican Republic",
        "country_code_2": null,
        "admin1_code": "37",
        "admin2_code": "3202",
        "admin3_code": 320201,
        "admin4_code": "32020101",
        "population": 701269,
        "elevation": null,
        "dem": 58,
        "timezone": "America/Santo_Domingo",
        "modification_date": "2016-06-05",
        "label_en": "Dominican Republic"
      }
    },
    {
      "type": "Feature",
      "geometry": {
        "type": "Point",
        "coordinates": [
          31.38069,
          31.03637
        ]
      },
      "properties": {
        "name": "Al Mansurah",
        "ascii_name": "Al Mansurah",
        "feature_class": "P",
        "feature_code": "PPLA",
        "country_code": "EG",
        "cou_name_en": "Egypt",
        "population": 621953,
        "dem": 15,
        "timezone": "Africa/Cairo",
        "modification_date": "2023-11-29"
      }
    },
    {
      "type": "Feature",
      "geometry": {
        "type": "Point",
        "coordinates": [
          29.36142,
          -3.38193
        ]
      },
      "properties": {
        "name": "Bujumbura",
        "ascii_name": "Bujumbura",
        "feature_class": "P",
        "feature_code": "PPLA",
        "country_code": "BI",
        "cou_name_en": "Burundi",
        "population": 769317,
        "dem": 807,
        "timezone": "Africa/Bujumbura",
        "modification_date": "2023-11-29"
      }
    },
    {
      "type": "Feature",
      "geometry": {
        "type": "Point",
        "coordinates": [
          -66.15995,
          -17.38195
        ]
      },
      "properties": {
        "name": "Cochabamba",
        "ascii_name": "Cochabamba",
        "feature_class": "P",
        "feature_code": "PPLA",
        "country_code": "BO",
        "cou_name_en": "Bolivia",
        "population": 841276,
        "dem": 2537,
        "timezone": "America/La_Paz",
        "modification_date": "2025-05-15"
      }
    },
    {
      "type": "Feature",
      "geometry": {
        "type": "Point",
        "coordinates": [
          -46.565,
          -23.69389
        ]
      },
      "properties": {
        "name": "São Bernardo do Campo",
        "ascii_name": "Sao Bernardo do Campo",
        "feature_class": "P",
        "feature_code": "PPL",
        "country_code": "BR",
        "cou_name_en": "Brazil",
        "population": 743372,
        "dem": 796,
        "timezone": "America/Sao_Paulo",
        "modification_date": "2014-03-05"
      }
    },
    {
      "type": "Feature",
      "geometry": {
        "type": "Point",
        "coordinates": [
          -46.53833,
          -23.66389
        ]
      },
      "properties": {
        "name": "Santo André",
        "ascii_name": "Santo Andre",
        "feature_class": "P",
        "feature_code": "PPL",
        "country_code": "BR",
        "cou_name_en": "Brazil",
        "population": 662373,
        "dem": 801,
        "timezone": "America/Sao_Paulo",
        "modification_date": "2019-09-19"
      }
    },
    {
      "type": "Feature",
      "geometry": {
        "type": "Point",
        "coordinates": [
          -123.11934,
          49.24966
        ]
      },
      "properties": {
        "name": "Vancouver",
        "ascii_name": "Vancouver",
        "feature_class": "P",
        "feature_code": "PPL",
        "country_code": "CA",
        "cou_name_en": "Canada",
        "population": 662248,
        "dem": 70,
        "timezone": "America/Vancouver",
        "modification_date": "2025-08-04"
      }
    },
    {
      "type": "Feature",
      "geometry": {
        "type": "Point",
        "coordinates": [
          55.30927,
          25.07725
        ]
      },
      "properties": {
        "name": "Dubai",
        "ascii_name": "Dubai",
        "feature_class": "P",
        "feature_code": "PPLA",
        "country_code": "AE",
        "cou_name_en": "United Arab Emirates",
        "population": 3790000,
        "dem": 24,
        "timezone": "Asia/Dubai",
        "modification_date": "2025-04-17"
      }
    },
    {
      "type": "Feature",
      "geometry": {
        "type": "Point",
        "coordinates": [
          115.8614,
          -31.95224
        ]
      },
      "properties": {
        "name": "Perth",
        "ascii_name": "Perth",
        "feature_class": "P",
        "feature_code": "PPLA",
        "country_code": "AU",
        "cou_name_en": "Australia",
        "population": 2309338,
        "dem": 34,
        "timezone": "Australia/Perth",
        "modification_date": "2025-06-10"
      }
    },
    {
      "type": "Feature",
      "geometry": {
        "type": "Point",
        "coordinates": [
          144.96332,
          -37.814
        ]
      },
      "properties": {
        "name": "Melbourne",
        "ascii_name": "Melbourne",
        "feature_class": "P",
        "feature_code": "PPLA",
        "country_code": "AU",
        "cou_name_en": "Australia",
        "population": 5350705,
        "dem": 25,
        "timezone": "Australia/Melbourne",
        "modification_date": "2025-08-27"
      }
    },
    {
      "type": "Feature",
      "geometry": {
        "type": "Point",
        "coordinates": [
          139.71722,
          35.52056
        ]
      },
      "properties": {
        "name": "Kawasaki",
        "ascii_name": "Kawasaki",
        "feature_class": "P",
        "feature_code": "PPLA2",
        "country_code": "JP",
        "cou_name_en": "Japan",
        "population": 1538262,
        "dem": 1,
        "timezone": "Asia/Tokyo",
        "modification_date": "2024-12-29"
      }
    },
    {
      "type": "Feature",
      "geometry": {
        "type": "Point",
        "coordinates": [
          139.71605,
          35.56126
        ]
      },
      "properties": {
        "name": "Ōta",
        "ascii_name": "Ota",
        "feature_class": "P",
        "feature_code": "PPLA2",
        "country_code": "JP",
        "cou_name_en": "Japan",
        "population": 748081,
        "dem": 12,
        "timezone": "Asia/Tokyo",
        "modification_date": "2025-06-02"
      }
    },
    {
      "type": "Feature",
      "geometry": {
        "type": "Point",
        "coordinates": [
          25.2798,
          54.68916
        ]
      },
      "properties": {
        "name": "Vilnius",
        "ascii_name": "Vilnius",
        "feature_class": "P",
        "feature_code": "PPLC",
        "country_code": "LT",
        "cou_name_en": "Lithuania",
        "population": 542366,
        "dem": 98,
        "timezone": "Europe/Vilnius",
        "modification_date": "2021-07-25"
      }
    },
    {
      "type": "Feature",
      "geometry": {
        "type": "Point",
        "coordinates": [
          -5.54727,
          33.89352
        ]
      },
      "properties": {
        "name": "Meknes",
        "ascii_name": "Meknes",
        "feature_class": "P",
        "feature_code": "PPLA2",
        "country_code": "MA",
        "cou_name_en": "Morocco",
        "population": 568295,
        "dem": 531,
        "timezone": "Africa/Casablanca",
        "modification_date": "2024-01-18"
      }
    },
    {
      "type": "Feature",
      "geometry": {
        "type": "Point",
        "coordinates": [
          47.53613,
          -18.91368
        ]
      },
      "properties": {
        "name": "Antananarivo",
        "ascii_name": "Antananarivo",
        "feature_class": "P",
        "feature_code": "PPLC",
        "country_code": "MG",
        "cou_name_en": "Madagascar",
        "population": 1349501,
        "dem": 1274,
        "timezone": "Indian/Antananarivo",
        "modification_date": "2025-05-18"
      }
    },
    {
      "type": "Feature",
      "geometry": {
        "type": "Point",
        "coordinates": [
          -99.06064,
          19.60492
        ]
      },
      "properties": {
        "name": "Ecatepec de Morelos",
        "ascii_name": "Ecatepec de Morelos",
        "feature_class": "P",
        "feature_code": "PPLA2",
        "country_code": "MX",
        "cou_name_en": "Mexico",
        "population": 1645352,
        "dem": 2306,
        "timezone": "America/Mexico_City",
        "modification_date": "2025-07-31"
      }
    },
    {
      "type": "Feature",
      "geometry": {
        "type": "Point",
        "coordinates": [
          -99.16174,
          19.3467
        ]
      },
      "properties": {
        "name": "Coyoacán",
        "ascii_name": "Coyoacan",
        "feature_class": "P",
        "feature_code": "PPL",
        "country_code": "MX",
        "cou_name_en": "Mexico",
        "population": 614447,
        "dem": 2255,
        "timezone": "America/Mexico_City",
        "modification_date": "2025-10-23"
      }
    },
    {
      "type": "Feature",
      "geometry": {
        "type": "Point",
        "coordinates": [
          48.04076,
          46.34968
        ]
      },
      "properties": {
        "name": "Astrakhan",
        "ascii_name": "Astrakhan",
        "feature_class": "P",
        "feature_code": "PPLA",
        "country_code": "RU",
        "cou_name_en": "Russian Federation",
        "population": 533925,
        "dem": -12,
        "timezone": "Europe/Astrakhan",
        "modification_date": "2022-10-12"
      }
    },
    {
      "type": "Feature",
      "geometry": {
        "type": "Point",
        "coordinates": [
          37.3825,
          37.05944
        ]
      },
      "properties": {
        "name": "Gaziantep",
        "ascii_name": "Gaziantep",
        "feature_class": "P",
        "feature_code": "PPLA",
        "country_code": "TR",
        "cou_name_en": "Turkey",
        "population": 2130432,
        "dem": 842,
        "timezone": "Europe/Istanbul",
        "modification_date": "2025-06-02"
      }
    },
    {
      "type": "Feature",
      "geometry": {
        "type": "Point",
        "coordinates": [
          28.87619,
          41.0435
        ]
      },
      "properties": {
        "name": "Esenler",
        "ascii_name": "Esenler",
        "feature_class": "P",
        "feature_code": "PPL",
        "country_code": "TR",
        "cou_name_en": "Turkey",
        "population": 520235,
        "dem": 72,
        "timezone": "Europe/Istanbul",
        "modification_date": "2025-05-11"
      }
    },
    {
      "type": "Feature",
      "geometry": {
        "type": "Point",
        "coordinates": [
          115.21667,
          -8.65
        ]
      },
      "properties": {
        "name": "Denpasar",
        "ascii_name": "Denpasar",
        "feature_class": "P",
        "feature_code": "PPLA",
        "country_code": "ID",
        "cou_name_en": "Indonesia",
        "population": 725314,
        "dem": 33,
        "timezone": "Asia/Makassar",
        "modification_date": "2023-02-08"
      }
    },
    {
      "type": "Feature",
      "geometry": {
        "type": "Point",
        "coordinates": [
          75.57917,
          31.32556
        ]
      },
      "properties": {
        "name": "Jalandhar",
        "ascii_name": "Jalandhar",
        "feature_class": "P",
        "feature_code": "PPL",
        "country_code": "IN",
        "cou_name_en": "India",
        "population": 868929,
        "dem": 243,
        "timezone": "Asia/Kolkata",
        "modification_date": "2025-08-05"
      }
    },
    {
      "type": "Feature",
      "geometry": {
        "type": "Point",
        "coordinates": [
          87.30801,
          23.51583
        ]
      },
      "properties": {
        "name": "Durgapur",
        "ascii_name": "Durgapur",
        "feature_class": "P",
        "feature_code": "PPL",
        "country_code": "IN",
        "cou_name_en": "India",
        "population": 518872,
        "dem": 100,
        "timezone": "Asia/Kolkata",
        "modification_date": "2024-01-06"
      }
    },
    {
      "type": "Feature",
      "geometry": {
        "type": "Point",
        "coordinates": [
          57.07879,
          30.28321
        ]
      },
      "properties": {
        "name": "Kerman",
        "ascii_name": "Kerman",
        "feature_class": "P",
        "feature_code": "PPLA",
        "country_code": "IR",
        "cou_name_en": "Iran, Islamic Rep. of",
        "population": 577514,
        "dem": 1760,
        "timezone": "Asia/Tehran",
        "modification_date": "2024-07-24"
      }
    },
    {
      "type": "Feature",
      "geometry": {
        "type": "Point",
        "coordinates": [
          114.18419,
          22.26302
        ]
      },
      "properties": {
        "name": "Hong Kong Island",
        "ascii_name": "Hong Kong Island",
        "feature_class": "P",
        "feature_code": "PPLX",
        "country_code": "HK",
        "cou_name_en": "Hong Kong, China",
        "population": 1195529,
        "dem": 170,
        "timezone": "Asia/Hong_Kong",
        "modification_date": "2024-03-14"
      }
    },
    {
      "type": "Feature",
      "geometry": {
        "type": "Point",
        "coordinates": [
          124.64722,
          8.48222
        ]
      },
      "properties": {
        "name": "Cagayan de Oro",
        "ascii_name": "Cagayan de Oro",
        "feature_class": "P",
        "feature_code": "PPLA2",
        "country_code": "PH",
        "cou_name_en": "Philippines",
        "population": 741617,
        "dem": 8,
        "timezone": "Asia/Manila",
        "modification_date": "2025-09-24"
      }
    },
    {
      "type": "Feature",
      "geometry": {
        "type": "Point",
        "coordinates": [
          9.18951,
          45.46427
        ]
      },
      "properties": {
        "name": "Milan",
        "ascii_name": "Milan",
        "feature_class": "P",
        "feature_code": "PPLA",
        "country_code": "IT",
        "cou_name_en": "Italy",
        "population": 1371498,
        "dem": 127,
        "timezone": "Europe/Rome",
        "modification_date": "2025-07-07"
      }
    },
    {
      "type": "Feature",
      "geometry": {
        "type": "Point",
        "coordinates": [
          32.45889,
          -25.96222
        ]
      },
      "properties": {
        "name": "Matola",
        "ascii_name": "Matola",
        "feature_class": "P",
        "feature_code": "PPLA",
        "country_code": "MZ",
        "cou_name_en": "Mozambique",
        "population": 1198988,
        "dem": 42,
        "timezone": "Africa/Maputo",
        "modification_date": "2024-01-18"
      }
    },
    {
      "type": "Feature",
      "geometry": {
        "type": "Point",
        "coordinates": [
          11.16729,
          10.28969
        ]
      },
      "properties": {
        "name": "Gombe",
        "ascii_name": "Gombe",
        "feature_class": "P",
        "feature_code": "PPLA",
        "country_code": "NG",
        "cou_name_en": "Nigeria",
        "population": 560000,
        "dem": 460,
        "timezone": "Africa/Lagos",
        "modification_date": "2024-01-18"
      }
    },
    {
      "type": "Feature",
      "geometry": {
        "type": "Point",
        "coordinates": [
          -101.18443,
          19.70078
        ]
      },
      "properties": {
        "name": "Morelia",
        "ascii_name": "Morelia",
        "feature_class": "P",
        "feature_code": "PPLA",
        "country_code": "MX",
        "cou_name_en": "Mexico",
        "population": 743275,
        "dem": 1917,
        "timezone": "America/Mexico_City",
        "modification_date": "2022-09-25"
      }
    },
    {
      "type": "Feature",
      "geometry": {
        "type": "Point",
        "coordinates": [
          -103.34749,
          20.67738
        ]
      },
      "properties": {
        "name": "Guadalajara",
        "ascii_name": "Guadalajara",
        "feature_class": "P",
        "feature_code": "PPLA",
        "country_code": "MX",
        "cou_name_en": "Mexico",
        "population": 1385629,
        "dem": 1546,
        "timezone": "America/Mexico_City",
        "modification_date": "2025-05-15"
      }
    },
    {
      "type": "Feature",
      "geometry": {
        "type": "Point",
        "coordinates": [
          -104.65756,
          24.02032
        ]
      },
      "properties": {
        "name": "Victoria de Durango",
        "ascii_name": "Victoria de Durango",
        "feature_class": "P",
        "feature_code": "PPL",
        "country_code": "MX",
        "cou_name_en": "Mexico",
        "population": 518709,
        "dem": 1884,
        "timezone": "America/Monterrey",
        "modification_date": "2025-10-22"
      }
    },
    {
      "type": "Feature",
      "geometry": {
        "type": "Point",
        "coordinates": [
          -86.78444,
          36.16589
        ]
      },
      "properties": {
        "name": "Nashville",
        "ascii_name": "Nashville",
        "feature_class": "P",
        "feature_code": "PPLA",
        "country_code": "US",
        "cou_name_en": "United States",
        "population": 689447,
        "dem": 171,
        "timezone": "America/Chicago",
        "modification_date": "2022-01-28"
      }
    },
    {
      "type": "Feature",
      "geometry": {
        "type": "Point",
        "coordinates": [
          -122.41942,
          37.77493
        ]
      },
      "properties": {
        "name": "San Francisco",
        "ascii_name": "San Francisco",
        "feature_class": "P",
        "feature_code": "PPLA2",
        "country_code": "US",
        "cou_name_en": "United States",
        "population": 827526,
        "dem": 28,
        "timezone": "America/Los_Angeles",
        "modification_date": "2025-07-22"
      }
    },
    {
      "type": "Feature",
      "geometry": {
        "type": "Point",
        "coordinates": [
          -69.35703,
          10.0647
        ]
      },
      "properties": {
        "name": "Barquisimeto",
        "ascii_name": "Barquisimeto",
        "feature_class": "P",
        "feature_code": "PPLA",
        "country_code": "VE",
        "cou_name_en": "Venezuela, Bolivarian Rep. of",
        "population": 1240714,
        "dem": 606,
        "timezone": "America/Caracas",
        "modification_date": "2023-02-25"
      }
    },
    {
      "type": "Feature",
      "geometry": {
        "type": "Point",
        "coordinates": [
          13.40268,
          -12.57674
        ]
      },
      "properties": {
        "name": "Benguela",
        "ascii_name": "Benguela",
        "feature_class": "P",
        "feature_code": "PPLA",
        "country_code": "AO",
        "cou_name_en": "Angola",
        "population": 555124,
        "dem": 30,
        "timezone": "Africa/Luanda",
        "modification_date": "2024-10-29"
      }
    },
    {
      "type": "Feature",
      "geometry": {
        "type": "Point",
        "coordinates": [
          131.87353,
          43.10562
        ]
      },
      "properties": {
        "name": "Vladivostok",
        "ascii_name": "Vladivostok",
        "feature_class": "P",
        "feature_code": "PPLA",
        "country_code": "RU",
        "cou_name_en": "Russian Federation",
        "population": 604901,
        "dem": 40,
        "timezone": "Asia/Vladivostok",
        "modification_date": "2025-07-08"
      }
    },
    {
      "type": "Feature",
      "geometry": {
        "type": "Point",
        "coordinates": [
          139.88333,
          36.56667
        ]
      },
      "properties": {
        "name": "Utsunomiya",
        "ascii_name": "Utsunomiya",
        "feature_class": "P",
        "feature_code": "PPLA",
        "country_code": "JP",
        "cou_name_en": "Japan",
        "population": 518757,
        "dem": 137,
        "timezone": "Asia/Tokyo",
        "modification_date": "2024-12-29"
      }
    },
    {
      "type": "Feature",
      "geometry": {
        "type": "Point",
        "coordinates": [
          139.80761,
          35.76318
        ]
      },
      "properties": {
        "name": "Adachi",
        "ascii_name": "Adachi",
        "feature_class": "P",
        "feature_code": "PPLX",
        "country_code": "JP",
        "cou_name_en": "Japan",
        "population": 695043,
        "dem": 5,
        "timezone": "Asia/Tokyo",
        "modification_date": "2025-06-03"
      }
    },
    {
      "type": "Feature",
      "geometry": {
        "type": "Point",
        "coordinates": [
          104.78498,
          10.99081
        ]
      },
      "properties": {
        "name": "Takeo",
        "ascii_name": "Takeo",
        "feature_class": "P",
        "feature_code": "PPLA",
        "country_code": "KH",
        "cou_name_en": "Cambodia",
        "population": 843931,
        "dem": 12,
        "timezone": "Asia/Phnom_Penh",
        "modification_date": "2021-01-02"
      }
    },
    {
      "type": "Feature",
      "geometry": {
        "type": "Point",
        "coordinates": [
          127.1522,
          36.8065
        ]
      },
      "properties": {
        "name": "Cheonan",
        "ascii_name": "Cheonan",
        "feature_class": "P",
        "feature_code": "PPL",
        "country_code": "KR",
        "cou_name_en": "Korea, Republic of",
        "population": 658831,
        "dem": 40,
        "timezone": "Asia/Seoul",
        "modification_date": "2025-04-01"
      }
    },
    {
      "type": "Feature",
      "geometry": {
        "type": "Point",
        "coordinates": [
          -7.99994,
          31.63416
        ]
      },
      "properties": {
        "name": "Marrakesh",
        "ascii_name": "Marrakesh",
        "feature_class": "P",
        "feature_code": "PPLA",
        "country_code": "MA",
        "cou_name_en": "Morocco",
        "population": 995871,
        "dem": 457,
        "timezone": "Africa/Casablanca",
        "modification_date": "2024-10-14"
      }
    },
    {
      "type": "Feature",
      "geometry": {
        "type": "Point",
        "coordinates": [
          55.09883,
          51.76712
        ]
      },
      "properties": {
        "name": "Orenburg",
        "ascii_name": "Orenburg",
        "feature_class": "P",
        "feature_code": "PPLA",
        "country_code": "RU",
        "cou_name_en": "Russian Federation",
        "population": 564773,
        "dem": 124,
        "timezone": "Asia/Yekaterinburg",
        "modification_date": "2025-09-09"
      }
    },
    {
      "type": "Feature",
      "geometry": {
        "type": "Point",
        "coordinates": [
          52.41961,
          55.73718
        ]
      },
      "properties": {
        "name": "Naberezhnyye Chelny",
        "ascii_name": "Naberezhnyye Chelny",
        "feature_class": "P",
        "feature_code": "PPLA2",
        "country_code": "RU",
        "cou_name_en": "Russian Federation",
        "population": 509870,
        "dem": 128,
        "timezone": "Europe/Moscow",
        "modification_date": "2025-09-09"
      }
    },
    {
      "type": "Feature",
      "geometry": {
        "type": "Point",
        "coordinates": [
          110.671,
          -6.5924
        ]
      },
      "properties": {
        "name": "Jepara",
        "ascii_name": "Jepara",
        "feature_class": "P",
        "feature_code": "PPLA2",
        "country_code": "ID",
        "cou_name_en": "Indonesia",
        "population": 1257912,
        "dem": 5,
        "timezone": "Asia/Jakarta",
        "modification_date": "2023-02-09"
      }
    },
    {
      "type": "Feature",
      "geometry": {
        "type": "Point",
        "coordinates": [
          70.79322,
          22.29161
        ]
      },
      "properties": {
        "name": "Rājkot",
        "ascii_name": "Rajkot",
        "feature_class": "P",
        "feature_code": "PPL",
        "country_code": "IN",
        "cou_name_en": "India",
        "population": 1390640,
        "dem": 140,
        "timezone": "Asia/Kolkata",
        "modification_date": "2025-02-26"
      }
    },
    {
      "type": "Feature",
      "geometry": {
        "type": "Point",
        "coordinates": [
          80.34975,
          26.46523
        ]
      },
      "properties": {
        "name": "Kanpur",
        "ascii_name": "Kanpur",
        "feature_class": "P",
        "feature_code": "PPL",
        "country_code": "IN",
        "cou_name_en": "India",
        "population": 2823249,
        "dem": 137,
        "timezone": "Asia/Kolkata",
        "modification_date": "2025-03-09"
      }
    },
    {
      "type": "Feature",
      "geometry": {
        "type": "Point",
        "coordinates": [
          86.98333,
          23.68333
        ]
      },
      "properties": {
        "name": "Āsansol",
        "ascii_name": "Asansol",
        "feature_class": "P",
        "feature_code": "PPLA2",
        "country_code": "IN",
        "cou_name_en": "India",
        "population": 504271,
        "dem": 119,
        "timezone": "Asia/Kolkata",
        "modification_date": "2024-01-06"
      }
    },
    {
      "type": "Feature",
      "geometry": {
        "type": "Point",
        "coordinates": [
          72.58727,
          23.02579
        ]
      },
      "properties": {
        "name": "Ahmedabad",
        "ascii_name": "Ahmedabad",
        "feature_class": "P",
        "feature_code": "PPL",
        "country_code": "IN",
        "cou_name_en": "India",
        "population": 6357693,
        "dem": 56,
        "timezone": "Asia/Kolkata",
        "modification_date": "2024-01-06"
      }
    },
    {
      "type": "Feature",
      "geometry": {
        "type": "Point",
        "coordinates": [
          43.11889,
          36.335
        ]
      },
      "properties": {
        "name": "Mosul",
        "ascii_name": "Mosul",
        "feature_class": "P",
        "feature_code": "PPLA",
        "country_code": "IQ",
        "cou_name_en": "Iraq",
        "population": 1683000,
        "dem": 228,
        "timezone": "Asia/Baghdad",
        "modification_date": "2024-02-14"
      }
    },
    {
      "type": "Feature",
      "geometry": {
        "type": "Point",
        "coordinates": [
          122.07389,
          6.91028
        ]
      },
      "properties": {
        "name": "Zamboanga",
        "ascii_name": "Zamboanga",
        "feature_class": "P",
        "feature_code": "PPLA2",
        "country_code": "PH",
        "cou_name_en": "Philippines",
        "population": 1018849,
        "dem": 9,
        "timezone": "Asia/Manila",
        "modification_date": "2025-09-24"
      }
    },
    {
      "type": "Feature",
      "geometry": {
        "type": "Point",
        "coordinates": [
          74.45025,
          31.11866
        ]
      },
      "properties": {
        "name": "Kasur",
        "ascii_name": "Kasur",
        "feature_class": "P",
        "feature_code": "PPLA2",
        "country_code": "PK",
        "cou_name_en": "Pakistan",
        "population": 510875,
        "dem": 213,
        "timezone": "Asia/Karachi",
        "modification_date": "2025-02-05"
      }
    },
    {
      "type": "Feature",
      "geometry": {
        "type": "Point",
        "coordinates": [
          8.80717,
          53.07582
        ]
      },
      "properties": {
        "name": "Bremen",
        "ascii_name": "Bremen",
        "feature_class": "P",
        "feature_code": "PPLA",
        "country_code": "DE",
        "cou_name_en": "Germany",
        "population": 546501,
        "dem": 17,
        "timezone": "Europe/Berlin",
        "modification_date": "2019-12-17"
      }
    },
    {
      "type": "Feature",
      "geometry": {
        "type": "Point",
        "coordinates": [
          105.57332,
          30.50802
        ]
      },
      "properties": {
        "name": "Suining",
        "ascii_name": "Suining",
        "feature_class": "P",
        "feature_code": "PPLA3",
        "country_code": "CN",
        "cou_name_en": "China",
        "population": 656760,
        "dem": 291,
        "timezone": "Asia/Shanghai",
        "modification_date": "2021-10-19"
      }
    },
    {
      "type": "Feature",
      "geometry": {
        "type": "Point",
        "coordinates": [
          120.57864,
          30.00237
        ]
      },
      "properties": {
        "name": "Shaoxing",
        "ascii_name": "Shaoxing",
        "feature_class": "P",
        "feature_code": "PPLA3",
        "country_code": "CN",
        "cou_name_en": "China",
        "population": 2300000,
        "dem": 21,
        "timezone": "Asia/Shanghai",
        "modification_date": "2025-10-18"
      }
    },
    {
      "type": "Feature",
      "geometry": {
        "type": "Point",
        "coordinates": [
          116.36581,
          23.5418
        ]
      },
      "properties": {
        "name": "Jieyang",
        "ascii_name": "Jieyang",
        "feature_class": "P",
        "feature_code": "PPLA2",
        "country_code": "CN",
        "cou_name_en": "China",
        "population": 1899394,
        "dem": 7,
        "timezone": "Asia/Shanghai",
        "modification_date": "2021-10-07"
      }
    },
    {
      "type": "Feature",
      "geometry": {
        "type": "Point",
        "coordinates": [
          110.34651,
          20.03421
        ]
      },
      "properties": {
        "name": "Haikou",
        "ascii_name": "Haikou",
        "feature_class": "P",
        "feature_code": "PPLA",
        "country_code": "CN",
        "cou_name_en": "China",
        "population": 2873358,
        "dem": 9,
        "timezone": "Asia/Shanghai",
        "modification_date": "2025-10-12"
      }
    },
    {
      "type": "Feature",
      "geometry": {
        "type": "Point",
        "coordinates": [
          129.62594,
          44.54804
        ]
      },
      "properties": {
        "name": "Mudanjiang",
        "ascii_name": "Mudanjiang",
        "feature_class": "P",
        "feature_code": "PPLA2",
        "country_code": "CN",
        "cou_name_en": "China",
        "population": 665915,
        "dem": 254,
        "timezone": "Asia/Shanghai",
        "modification_date": "2021-11-11"
      }
    },
    {
      "type": "Feature",
      "geometry": {
        "type": "Point",
        "coordinates": [
          111.65222,
          40.81056
        ]
      },
      "properties": {
        "name": "Hohhot",
        "ascii_name": "Hohhot",
        "feature_class": "P",
        "feature_code": "PPLA",
        "country_code": "CN",
        "cou_name_en": "China",
        "population": 2350000,
        "dem": 1051,
        "timezone": "Asia/Shanghai",
        "modification_date": "2025-06-12"
      }
    },
    {
      "type": "Feature",
      "geometry": {
        "type": "Point",
        "coordinates": [
          123.94363,
          41.88669
        ]
      },
      "properties": {
        "name": "Fushun",
        "ascii_name": "Fushun",
        "feature_class": "P",
        "feature_code": "PPLA2",
        "country_code": "CN",
        "cou_name_en": "China",
        "population": 1400646,
        "dem": 85,
        "timezone": "Asia/Shanghai",
        "modification_date": "2021-09-20"
      }
    },
    {
      "type": "Feature",
      "geometry": {
        "type": "Point",
        "coordinates": [
          119.40259,
          35.99502
        ]
      },
      "properties": {
        "geoname_id": "7602670",
        "name": "Zhu Cheng City",
        "ascii_name": "Zhu Cheng City",
        "alternate_names": null,
        "feature_class": "P",
        "feature_code": "PPLA3",
        "country_code": "CN",
        "cou_name_en": "China",
        "country_code_2": null,
        "admin1_code": "25",
        "admin2_code": "3707",
        "admin3_code": null,
        "admin4_code": null,
        "population": 1000000,
        "elevation": null,
        "dem": 67,
        "timezone": "Asia/Shanghai",
        "modification_date": "2021-09-20",
        "label_en": "China"
      }
    },
    {
      "type": "Feature",
      "geometry": {
        "type": "Point",
        "coordinates": [
          -35.00139,
          -8.18028
        ]
      },
      "properties": {
        "geoname_id": "3397838",
        "name": "Jaboatão",
        "ascii_name": "Jaboatao",
        "alternate_names": null,
        "feature_class": "P",
        "feature_code": "PPLL",
        "country_code": "BR",
        "cou_name_en": "Brazil",
        "country_code_2": null,
        "admin1_code": "30",
        "admin2_code": "2607901",
        "admin3_code": null,
        "admin4_code": null,
        "population": 702621,
        "elevation": null,
        "dem": 88,
        "timezone": "America/Recife",
        "modification_date": "2012-08-03",
        "label_en": "Brazil"
      }
    },
    {
      "type": "Feature",
      "geometry": {
        "type": "Point",
        "coordinates": [
          -47.92972,
          -15.77972
        ]
      },
      "properties": {
        "name": "Brasília",
        "ascii_name": "Brasilia",
        "feature_class": "P",
        "feature_code": "PPLC",
        "country_code": "BR",
        "cou_name_en": "Brazil",
        "population": 2207718,
        "dem": 1136,
        "timezone": "America/Sao_Paulo",
        "modification_date": "2024-06-29"
      }
    },
    {
      "type": "Feature",
      "geometry": {
        "type": "Point",
        "coordinates": [
          89.25166,
          25.74664
        ]
      },
      "properties": {
        "name": "Rangpur",
        "ascii_name": "Rangpur",
        "feature_class": "P",
        "feature_code": "PPLA",
        "country_code": "BD",
        "cou_name_en": "Bangladesh",
        "population": 1031388,
        "dem": 36,
        "timezone": "Asia/Dhaka",
        "modification_date": "2023-02-17"
      }
    },
    {
      "type": "Feature",
      "geometry": {
        "type": "Point",
        "coordinates": [
          -117.16472,
          32.71571
        ]
      },
      "properties": {
        "name": "San Diego",
        "ascii_name": "San Diego",
        "feature_class": "P",
        "feature_code": "PPLA2",
        "country_code": "US",
        "cou_name_en": "United States",
        "population": 1404452,
        "dem": 20,
        "timezone": "America/Los_Angeles",
        "modification_date": "2025-06-25"
      }
    },
    {
      "type": "Feature",
      "geometry": {
        "type": "Point",
        "coordinates": [
          39.26951,
          -6.82349
        ]
      },
      "properties": {
        "name": "Dar es Salaam",
        "ascii_name": "Dar es Salaam",
        "feature_class": "P",
        "feature_code": "PPLA",
        "country_code": "TZ",
        "cou_name_en": "Tanzania, United Republic of",
        "population": 5383728,
        "dem": 24,
        "timezone": "Africa/Dar_es_Salaam",
        "modification_date": "2024-03-24"
      }
    },
    {
      "type": "Feature",
      "geometry": {
        "type": "Point",
        "coordinates": [
          -77.03637,
          38.89511
        ]
      },
      "properties": {
        "name": "Washington",
        "ascii_name": "Washington",
        "feature_class": "P",
        "feature_code": "PPLC",
        "country_code": "US",
        "cou_name_en": "United States",
        "population": 689545,
        "dem": 6,
        "timezone": "America/New_York",
        "modification_date": "2024-11-26"
      }
    },
    {
      "type": "Feature",
      "geometry": {
        "type": "Point",
        "coordinates": [
          106.77209,
          10.84863
        ]
      },
      "properties": {
        "name": "Thủ Đức",
        "ascii_name": "Thu GJuc",
        "feature_class": "P",
        "feature_code": "PPLA2",
        "country_code": "VN",
        "cou_name_en": "Viet Nam",
        "population": 524670,
        "dem": 29,
        "timezone": "Asia/Ho_Chi_Minh",
        "modification_date": "2025-07-29"
      }
    },
    {
      "type": "Feature",
      "geometry": {
        "type": "Point",
        "coordinates": [
          109.22367,
          13.77648
        ]
      },
      "properties": {
        "name": "Qui Nhon",
        "ascii_name": "Qui Nhon",
        "feature_class": "P",
        "feature_code": "PPLA",
        "country_code": "VN",
        "cou_name_en": "Viet Nam",
        "population": 519208,
        "dem": 7,
        "timezone": "Asia/Ho_Chi_Minh",
        "modification_date": "2025-07-29"
      }
    },
    {
      "type": "Feature",
      "geometry": {
        "type": "Point",
        "coordinates": [
          26.214,
          -29.12107
        ]
      },
      "properties": {
        "name": "Bloemfontein",
        "ascii_name": "Bloemfontein",
        "feature_class": "P",
        "feature_code": "PPLA",
        "country_code": "ZA",
        "cou_name_en": "South Africa",
        "population": 556637,
        "dem": 1396,
        "timezone": "Africa/Johannesburg",
        "modification_date": "2024-12-02"
      }
    },
    {
      "type": "Feature",
      "geometry": {
        "type": "Point",
        "coordinates": [
          50.10326,
          26.43442
        ]
      },
      "properties": {
        "name": "Dammam",
        "ascii_name": "Dammam",
        "feature_class": "P",
        "feature_code": "PPLA",
        "country_code": "SA",
        "cou_name_en": "Saudi Arabia",
        "population": 1252523,
        "dem": 10,
        "timezone": "Asia/Riyadh",
        "modification_date": "2025-03-14"
      }
    },
    {
      "type": "Feature",
      "geometry": {
        "type": "Point",
        "coordinates": [
          120.6839,
          24.1469
        ]
      },
      "properties": {
        "name": "Taichung",
        "ascii_name": "Taichung",
        "feature_class": "P",
        "feature_code": "PPLA2",
        "country_code": "TW",
        "cou_name_en": "Taiwan, China",
        "population": 2850285,
        "dem": 91,
        "timezone": "Asia/Taipei",
        "modification_date": "2025-06-14"
      }
    },
    {
      "type": "Feature",
      "geometry": {
        "type": "Point",
        "coordinates": [
          135.46653,
          34.58216
        ]
      },
      "properties": {
        "name": "Sakai",
        "ascii_name": "Sakai",
        "feature_class": "P",
        "feature_code": "PPLA2",
        "country_code": "JP",
        "cou_name_en": "Japan",
        "population": 826161,
        "dem": 2,
        "timezone": "Asia/Tokyo",
        "modification_date": "2024-12-29"
      }
    },
    {
      "type": "Feature",
      "geometry": {
        "type": "Point",
        "coordinates": [
          129.03004,
          35.10168
        ]
      },
      "properties": {
        "name": "Busan",
        "ascii_name": "Busan",
        "feature_class": "P",
        "feature_code": "PPLA",
        "country_code": "KR",
        "cou_name_en": "Korea, Republic of",
        "population": 3343903,
        "dem": 15,
        "timezone": "Asia/Seoul",
        "modification_date": "2025-09-30"
      }
    },
    {
      "type": "Feature",
      "geometry": {
        "type": "Point",
        "coordinates": [
          76.9115,
          43.25249
        ]
      },
      "properties": {
        "name": "Almaty",
        "ascii_name": "Almaty",
        "feature_class": "P",
        "feature_code": "PPLA",
        "country_code": "KZ",
        "cou_name_en": "Kazakhstan",
        "population": 1977011,
        "dem": 783,
        "timezone": "Asia/Almaty",
        "modification_date": "2025-11-15"
      }
    },
    {
      "type": "Feature",
      "geometry": {
        "type": "Point",
        "coordinates": [
          96.06667,
          16.85
        ]
      },
      "properties": {
        "name": "Hlaingthaya Township",
        "ascii_name": "Hlaingthaya Township",
        "feature_class": "P",
        "feature_code": "PPL",
        "country_code": "MM",
        "cou_name_en": "Myanmar",
        "population": 687867,
        "dem": 5,
        "timezone": "Asia/Yangon",
        "modification_date": "2025-11-30"
      }
    },
    {
      "type": "Feature",
      "geometry": {
        "type": "Point",
        "coordinates": [
          -1.54785,
          53.79648
        ]
      },
      "properties": {
        "name": "Leeds",
        "ascii_name": "Leeds",
        "feature_class": "P",
        "feature_code": "PPLA2",
        "country_code": "GB",
        "cou_name_en": "United Kingdom",
        "population": 536280,
        "dem": 50,
        "timezone": "Europe/London",
        "modification_date": "2025-06-26"
      }
    },
    {
      "type": "Feature",
      "geometry": {
        "type": "Point",
        "coordinates": [
          -13.67729,
          9.53795
        ]
      },
      "properties": {
        "name": "Conakry",
        "ascii_name": "Conakry",
        "feature_class": "P",
        "feature_code": "PPLC",
        "country_code": "GN",
        "cou_name_en": "Guinea",
        "population": 1928389,
        "dem": 13,
        "timezone": "Africa/Conakry",
        "modification_date": "2023-12-20"
      }
    },
    {
      "type": "Feature",
      "geometry": {
        "type": "Point",
        "coordinates": [
          106.84513,
          -6.21462
        ]
      },
      "properties": {
        "name": "Jakarta",
        "ascii_name": "Jakarta",
        "feature_class": "P",
        "feature_code": "PPLC",
        "country_code": "ID",
        "cou_name_en": "Indonesia",
        "population": 8540121,
        "dem": 16,
        "timezone": "Asia/Jakarta",
        "modification_date": "2024-10-08"
      }
    },
    {
      "type": "Feature",
      "geometry": {
        "type": "Point",
        "coordinates": [
          114.59075,
          -3.31987
        ]
      },
      "properties": {
        "name": "Banjarmasin",
        "ascii_name": "Banjarmasin",
        "feature_class": "P",
        "feature_code": "PPLA2",
        "country_code": "ID",
        "cou_name_en": "Indonesia",
        "population": 657663,
        "dem": 8,
        "timezone": "Asia/Makassar",
        "modification_date": "2025-04-20"
      }
    },
    {
      "type": "Feature",
      "geometry": {
        "type": "Point",
        "coordinates": [
          80.6466,
          16.50745
        ]
      },
      "properties": {
        "name": "Vijayawada",
        "ascii_name": "Vijayawada",
        "feature_class": "P",
        "feature_code": "PPL",
        "country_code": "IN",
        "cou_name_en": "India",
        "population": 1143232,
        "dem": 47,
        "timezone": "Asia/Kolkata",
        "modification_date": "2025-02-26"
      }
    },
    {
      "type": "Feature",
      "geometry": {
        "type": "Point",
        "coordinates": [
          75.77643,
          23.18239
        ]
      },
      "properties": {
        "name": "Ujjain",
        "ascii_name": "Ujjain",
        "feature_class": "P",
        "feature_code": "PPL",
        "country_code": "IN",
        "cou_name_en": "India",
        "population": 515215,
        "dem": 494,
        "timezone": "Asia/Kolkata",
        "modification_date": "2025-05-25"
      }
    },
    {
      "type": "Feature",
      "geometry": {
        "type": "Point",
        "coordinates": [
          88.36304,
          22.56263
        ]
      },
      "properties": {
        "name": "Kolkata",
        "ascii_name": "Kolkata",
        "feature_class": "P",
        "feature_code": "PPLA",
        "country_code": "IN",
        "cou_name_en": "India",
        "population": 4631392,
        "dem": 11,
        "timezone": "Asia/Kolkata",
        "modification_date": "2024-05-27"
      }
    },
    {
      "type": "Feature",
      "geometry": {
        "type": "Point",
        "coordinates": [
          72.85107,
          19.30157
        ]
      },
      "properties": {
        "name": "Bhayandar",
        "ascii_name": "Bhayandar",
        "feature_class": "P",
        "feature_code": "PPL",
        "country_code": "IN",
        "cou_name_en": "India",
        "population": 809378,
        "dem": 9,
        "timezone": "Asia/Kolkata",
        "modification_date": "2025-05-25"
      }
    },
    {
      "type": "Feature",
      "geometry": {
        "type": "Point",
        "coordinates": [
          51.42151,
          35.69439
        ]
      },
      "properties": {
        "name": "Tehran",
        "ascii_name": "Tehran",
        "feature_class": "P",
        "feature_code": "PPLC",
        "country_code": "IR",
        "cou_name_en": "Iran, Islamic Rep. of",
        "population": 7153309,
        "dem": 1178,
        "timezone": "Asia/Tehran",
        "modification_date": "2024-03-26"
      }
    },
    {
      "type": "Feature",
      "geometry": {
        "type": "Point",
        "coordinates": [
          103.326,
          3.8077
        ]
      },
      "properties": {
        "name": "Kuantan",
        "ascii_name": "Kuantan",
        "feature_class": "P",
        "feature_code": "PPLA",
        "country_code": "MY",
        "cou_name_en": "Malaysia",
        "population": 548014,
        "dem": 12,
        "timezone": "Asia/Kuala_Lumpur",
        "modification_date": "2022-09-26"
      }
    },
    {
      "type": "Feature",
      "geometry": {
        "type": "Point",
        "coordinates": [
          102.24333,
          6.12361
        ]
      },
      "properties": {
        "name": "Kota Bharu",
        "ascii_name": "Kota Bharu",
        "feature_class": "P",
        "feature_code": "PPLA",
        "country_code": "MY",
        "cou_name_en": "Malaysia",
        "population": 568900,
        "dem": 10,
        "timezone": "Asia/Kuala_Lumpur",
        "modification_date": "2025-06-26"
      }
    },
    {
      "type": "Feature",
      "geometry": {
        "type": "Point",
        "coordinates": [
          4.54214,
          8.49664
        ]
      },
      "properties": {
        "name": "Ilorin",
        "ascii_name": "Ilorin",
        "feature_class": "P",
        "feature_code": "PPLA",
        "country_code": "NG",
        "cou_name_en": "Nigeria",
        "population": 1080000,
        "dem": 320,
        "timezone": "Africa/Lagos",
        "modification_date": "2024-01-18"
      }
    },
    {
      "type": "Feature",
      "geometry": {
        "type": "Point",
        "coordinates": [
          7.49508,
          9.05785
        ]
      },
      "properties": {
        "name": "Abuja",
        "ascii_name": "Abuja",
        "feature_class": "P",
        "feature_code": "PPLC",
        "country_code": "NG",
        "cou_name_en": "Nigeria",
        "population": 2690000,
        "dem": 476,
        "timezone": "Africa/Lagos",
        "modification_date": "2024-04-06"
      }
    },
    {
      "type": "Feature",
      "geometry": {
        "type": "Point",
        "coordinates": [
          10.74609,
          59.91273
        ]
      },
      "properties": {
        "name": "Oslo",
        "ascii_name": "Oslo",
        "feature_class": "P",
        "feature_code": "PPLC",
        "country_code": "NO",
        "cou_name_en": "Norway",
        "population": 1082575,
        "dem": 26,
        "timezone": "Europe/Oslo",
        "modification_date": "2024-08-27"
      }
    },
    {
      "type": "Feature",
      "geometry": {
        "type": "Point",
        "coordinates": [
          113.88288,
          22.55213
        ]
      },
      "properties": {
        "geoname_id": "13308620",
        "name": "Bao'an",
        "ascii_name": "Bao'an",
        "alternate_names": null,
        "feature_class": "P",
        "feature_code": "PPLA3",
        "country_code": "CN",
        "cou_name_en": "China",
        "country_code_2": null,
        "admin1_code": "30",
        "admin2_code": null,
        "admin3_code": null,
        "admin4_code": null,
        "population": 4476554,
        "elevation": null,
        "dem": -9999,
        "timezone": "Asia/Shanghai",
        "modification_date": "2025-05-08",
        "label_en": "China"
      }
    },
    {
      "type": "Feature",
      "geometry": {
        "type": "Point",
        "coordinates": [
          114.13149,
          22.54721
        ]
      },
      "properties": {
        "geoname_id": "13405906",
        "name": "Luohu District",
        "ascii_name": "Luohu District",
        "alternate_names": null,
        "feature_class": "P",
        "feature_code": "PPLX",
        "country_code": "CN",
        "cou_name_en": "China",
        "country_code_2": null,
        "admin1_code": "30",
        "admin2_code": "4403",
        "admin3_code": null,
        "admin4_code": null,
        "population": 1143801,
        "elevation": null,
        "dem": 2,
        "timezone": "Asia/Shanghai",
        "modification_date": "2025-07-12",
        "label_en": "China"
      }
    },
    {
      "type": "Feature",
      "geometry": {
        "type": "Point",
        "coordinates": [
          111.14436,
          37.5192
        ]
      },
      "properties": {
        "name": "Lüliang",
        "ascii_name": "Lueliang",
        "feature_class": "P",
        "feature_code": "PPLA2",
        "country_code": "CN",
        "cou_name_en": "China",
        "population": 3346500,
        "dem": 959,
        "timezone": "Asia/Shanghai",
        "modification_date": "2025-08-20"
      }
    },
    {
      "type": "Feature",
      "geometry": {
        "type": "Point",
        "coordinates": [
          3.08746,
          36.73225
        ]
      },
      "properties": {
        "name": "Algiers",
        "ascii_name": "Algiers",
        "feature_class": "P",
        "feature_code": "PPLC",
        "country_code": "DZ",
        "cou_name_en": "Algeria",
        "population": 2364230,
        "dem": 113,
        "timezone": "Africa/Algiers",
        "modification_date": "2024-08-05"
      }
    },
    {
      "type": "Feature",
      "geometry": {
        "type": "Point",
        "coordinates": [
          -78.9963,
          -2.8953
        ]
      },
      "properties": {
        "name": "Cuenca",
        "ascii_name": "Cuenca",
        "feature_class": "P",
        "feature_code": "PPLA",
        "country_code": "EC",
        "cou_name_en": "Ecuador",
        "population": 636996,
        "dem": 2484,
        "timezone": "America/Guayaquil",
        "modification_date": "2025-07-07"
      }
    },
    {
      "type": "Feature",
      "geometry": {
        "type": "Point",
        "coordinates": [
          32.52627,
          29.97371
        ]
      },
      "properties": {
        "name": "Suez",
        "ascii_name": "Suez",
        "feature_class": "P",
        "feature_code": "PPLA",
        "country_code": "EG",
        "cou_name_en": "Egypt",
        "population": 699541,
        "dem": 11,
        "timezone": "Africa/Cairo",
        "modification_date": "2022-04-18"
      }
    },
    {
      "type": "Feature",
      "geometry": {
        "type": "Point",
        "coordinates": [
          18.55496,
          4.36122
        ]
      },
      "properties": {
        "name": "Bangui",
        "ascii_name": "Bangui",
        "feature_class": "P",
        "feature_code": "PPLC",
        "country_code": "CF",
        "cou_name_en": "Central African Republic",
        "population": 812407,
        "dem": 351,
        "timezone": "Africa/Bangui",
        "modification_date": "2023-11-29"
      }
    },
    {
      "type": "Feature",
      "geometry": {
        "type": "Point",
        "coordinates": [
          113.15,
          27.83333
        ]
      },
      "properties": {
        "name": "Zhuzhou",
        "ascii_name": "Zhuzhou",
        "feature_class": "P",
        "feature_code": "PPLA2",
        "country_code": "CN",
        "cou_name_en": "China",
        "population": 1129687,
        "dem": 54,
        "timezone": "Asia/Shanghai",
        "modification_date": "2021-10-20"
      }
    },
    {
      "type": "Feature",
      "geometry": {
        "type": "Point",
        "coordinates": [
          105.74238,
          34.57952
        ]
      },
      "properties": {
        "name": "Tianshui",
        "ascii_name": "Tianshui",
        "feature_class": "P",
        "feature_code": "PPLA3",
        "country_code": "CN",
        "cou_name_en": "China",
        "population": 1212791,
        "dem": 1153,
        "timezone": "Asia/Shanghai",
        "modification_date": "2025-08-18"
      }
    },
    {
      "type": "Feature",
      "geometry": {
        "type": "Point",
        "coordinates": [
          121.09389,
          31.44778
        ]
      },
      "properties": {
        "name": "Taicang",
        "ascii_name": "Taicang",
        "feature_class": "P",
        "feature_code": "PPLA3",
        "country_code": "CN",
        "cou_name_en": "China",
        "population": 831113,
        "dem": 4,
        "timezone": "Asia/Shanghai",
        "modification_date": "2022-04-01"
      }
    },
    {
      "type": "Feature",
      "geometry": {
        "type": "Point",
        "coordinates": [
          117.06887,
          39.98049
        ]
      },
      "properties": {
        "name": "Sanhe",
        "ascii_name": "Sanhe",
        "feature_class": "P",
        "feature_code": "PPLA3",
        "country_code": "CN",
        "cou_name_en": "China",
        "population": 965075,
        "dem": 24,
        "timezone": "Asia/Shanghai",
        "modification_date": "2025-11-26"
      }
    },
    {
      "type": "Feature",
      "geometry": {
        "type": "Point",
        "coordinates": [
          102.63202,
          37.92672
        ]
      },
      "properties": {
        "name": "Wuwei",
        "ascii_name": "Wuwei",
        "feature_class": "P",
        "feature_code": "PPLA2",
        "country_code": "CN",
        "cou_name_en": "China",
        "population": 1010295,
        "dem": 1542,
        "timezone": "Asia/Shanghai",
        "modification_date": "2021-12-17"
      }
    },
    {
      "type": "Feature",
      "geometry": {
        "type": "Point",
        "coordinates": [
          117.28083,
          31.86389
        ]
      },
      "properties": {
        "name": "Hefei",
        "ascii_name": "Hefei",
        "feature_class": "P",
        "feature_code": "PPLA",
        "country_code": "CN",
        "cou_name_en": "China",
        "population": 5050000,
        "dem": 24,
        "timezone": "Asia/Shanghai",
        "modification_date": "2024-04-01"
      }
    },
    {
      "type": "Feature",
      "geometry": {
        "type": "Point",
        "coordinates": [
          104.06667,
          30.66667
        ]
      },
      "properties": {
        "name": "Chengdu",
        "ascii_name": "Chengdu",
        "feature_class": "P",
        "feature_code": "PPLA",
        "country_code": "CN",
        "cou_name_en": "China",
        "population": 13568357,
        "dem": 499,
        "timezone": "Asia/Shanghai",
        "modification_date": "2025-10-22"
      }
    },
    {
      "type": "Feature",
      "geometry": {
        "type": "Point",
        "coordinates": [
          123.43278,
          41.79222
        ]
      },
      "properties": {
        "name": "Shenyang",
        "ascii_name": "Shenyang",
        "feature_class": "P",
        "feature_code": "PPLA",
        "country_code": "CN",
        "cou_name_en": "China",
        "population": 7050000,
        "dem": 53,
        "timezone": "Asia/Shanghai",
        "modification_date": "2024-03-26"
      }
    },
    {
      "type": "Feature",
      "geometry": {
        "type": "Point",
        "coordinates": [
          121.65889,
          42.01556
        ]
      },
      "properties": {
        "name": "Fuxin",
        "ascii_name": "Fuxin",
        "feature_class": "P",
        "feature_code": "PPL",
        "country_code": "CN",
        "cou_name_en": "China",
        "population": 689050,
        "dem": 142,
        "timezone": "Asia/Shanghai",
        "modification_date": "2018-12-06"
      }
    },
    {
      "type": "Feature",
      "geometry": {
        "type": "Point",
        "coordinates": [
          -35.20944,
          -5.795
        ]
      },
      "properties": {
        "name": "Natal",
        "ascii_name": "Natal",
        "feature_class": "P",
        "feature_code": "PPLA",
        "country_code": "BR",
        "cou_name_en": "Brazil",
        "population": 896708,
        "dem": 32,
        "timezone": "America/Fortaleza",
        "modification_date": "2023-02-21"
      }
    },
    {
      "type": "Feature",
      "geometry": {
        "type": "Point",
        "coordinates": [
          -35.73528,
          -9.66583
        ]
      },
      "properties": {
        "name": "Maceió",
        "ascii_name": "Maceio",
        "feature_class": "P",
        "feature_code": "PPLA",
        "country_code": "BR",
        "cou_name_en": "Brazil",
        "population": 1031597,
        "dem": 11,
        "timezone": "America/Maceio",
        "modification_date": "2025-10-01"
      }
    },
    {
      "type": "Feature",
      "geometry": {
        "type": "Point",
        "coordinates": [
          -47.45806,
          -23.50167
        ]
      },
      "properties": {
        "name": "Sorocaba",
        "ascii_name": "Sorocaba",
        "feature_class": "P",
        "feature_code": "PPLA2",
        "country_code": "BR",
        "cou_name_en": "Brazil",
        "population": 687357,
        "dem": 602,
        "timezone": "America/Sao_Paulo",
        "modification_date": "2025-10-22"
      }
    },
    {
      "type": "Feature",
      "geometry": {
        "type": "Point",
        "coordinates": [
          20.79995,
          -6.41621
        ]
      },
      "properties": {
        "name": "Tshikapa",
        "ascii_name": "Tshikapa",
        "feature_class": "P",
        "feature_code": "PPLA2",
        "country_code": "CD",
        "cou_name_en": "Congo, Democratic Republic of the",
        "population": 634529,
        "dem": 484,
        "timezone": "Africa/Lubumbashi",
        "modification_date": "2023-11-29"
      }
    },
    {
      "type": "Feature",
      "geometry": {
        "type": "Point",
        "coordinates": [
          28.84281,
          -2.49077
        ]
      },
      "properties": {
        "name": "Bukavu",
        "ascii_name": "Bukavu",
        "feature_class": "P",
        "feature_code": "PPLA",
        "country_code": "CD",
        "cou_name_en": "Congo, Democratic Republic of the",
        "population": 816811,
        "dem": 1631,
        "timezone": "Africa/Lubumbashi",
        "modification_date": "2023-11-29"
      }
    },
    {
      "type": "Feature",
      "geometry": {
        "type": "Point",
        "coordinates": [
          138.59863,
          -34.92866
        ]
      },
      "properties": {
        "name": "Adelaide",
        "ascii_name": "Adelaide",
        "feature_class": "P",
        "feature_code": "PPLA",
        "country_code": "AU",
        "cou_name_en": "Australia",
        "population": 1469163,
        "dem": 59,
        "timezone": "Australia/Adelaide",
        "modification_date": "2025-06-10"
      }
    },
    {
      "type": "Feature",
      "geometry": {
        "type": "Point",
        "coordinates": [
          88.60114,
          24.374
        ]
      },
      "properties": {
        "name": "Rajshahi",
        "ascii_name": "Rajshahi",
        "feature_class": "P",
        "feature_code": "PPLA",
        "country_code": "BD",
        "cou_name_en": "Bangladesh",
        "population": 763580,
        "dem": 23,
        "timezone": "Asia/Dhaka",
        "modification_date": "2025-04-15"
      }
    },
    {
      "type": "Feature",
      "geometry": {
        "type": "Point",
        "coordinates": [
          90.42234,
          23.99844
        ]
      },
      "properties": {
        "name": "Gazipur",
        "ascii_name": "Gazipur",
        "feature_class": "P",
        "feature_code": "PPLA2",
        "country_code": "BD",
        "cou_name_en": "Bangladesh",
        "population": 2674697,
        "dem": 12,
        "timezone": "Asia/Dhaka",
        "modification_date": "2024-08-02"
      }
    },
    {
      "type": "Feature",
      "geometry": {
        "type": "Point",
        "coordinates": [
          44.4976,
          48.71378
        ]
      },
      "properties": {
        "name": "Volgograd",
        "ascii_name": "Volgograd",
        "feature_class": "P",
        "feature_code": "PPLA",
        "country_code": "RU",
        "cou_name_en": "Russian Federation",
        "population": 1013533,
        "dem": 42,
        "timezone": "Europe/Volgograd",
        "modification_date": "2025-09-09"
      }
    },
    {
      "type": "Feature",
      "geometry": {
        "type": "Point",
        "coordinates": [
          128.59111,
          35.87028
        ]
      },
      "properties": {
        "name": "Daegu",
        "ascii_name": "Daegu",
        "feature_class": "P",
        "feature_code": "PPLA",
        "country_code": "KR",
        "cou_name_en": "Korea, Republic of",
        "population": 2365523,
        "dem": 45,
        "timezone": "Asia/Seoul",
        "modification_date": "2025-10-12"
      }
    },
    {
      "type": "Feature",
      "geometry": {
        "type": "Point",
        "coordinates": [
          128.68111,
          35.22806
        ]
      },
      "properties": {
        "name": "Changwon",
        "ascii_name": "Changwon",
        "feature_class": "P",
        "feature_code": "PPLA",
        "country_code": "KR",
        "cou_name_en": "Korea, Republic of",
        "population": 1025702,
        "dem": 27,
        "timezone": "Asia/Seoul",
        "modification_date": "2023-11-27"
      }
    },
    {
      "type": "Feature",
      "geometry": {
        "type": "Point",
        "coordinates": [
          -10.7969,
          6.30054
        ]
      },
      "properties": {
        "name": "Monrovia",
        "ascii_name": "Monrovia",
        "feature_class": "P",
        "feature_code": "PPLC",
        "country_code": "LR",
        "cou_name_en": "Liberia",
        "population": 1542549,
        "dem": 32,
        "timezone": "Africa/Monrovia",
        "modification_date": "2023-12-21"
      }
    },
    {
      "type": "Feature",
      "geometry": {
        "type": "Point",
        "coordinates": [
          20.06859,
          32.11486
        ]
      },
      "properties": {
        "name": "Benghazi",
        "ascii_name": "Benghazi",
        "feature_class": "P",
        "feature_code": "PPLA",
        "country_code": "LY",
        "cou_name_en": "Libyan Arab Jamahiriya",
        "population": 757490,
        "dem": 3,
        "timezone": "Africa/Tripoli",
        "modification_date": "2023-12-21"
      }
    },
    {
      "type": "Feature",
      "geometry": {
        "type": "Point",
        "coordinates": [
          85.3094,
          23.34316
        ]
      },
      "properties": {
        "name": "Ranchi",
        "ascii_name": "Ranchi",
        "feature_class": "P",
        "feature_code": "PPLA",
        "country_code": "IN",
        "cou_name_en": "India",
        "population": 1120374,
        "dem": 643,
        "timezone": "Asia/Kolkata",
        "modification_date": "2024-01-07"
      }
    },
    {
      "type": "Feature",
      "geometry": {
        "type": "Point",
        "coordinates": [
          79.43167,
          28.36678
        ]
      },
      "properties": {
        "name": "Bareilly",
        "ascii_name": "Bareilly",
        "feature_class": "P",
        "feature_code": "PPL",
        "country_code": "IN",
        "cou_name_en": "India",
        "population": 745435,
        "dem": 178,
        "timezone": "Asia/Kolkata",
        "modification_date": "2024-01-06"
      }
    },
    {
      "type": "Feature",
      "geometry": {
        "type": "Point",
        "coordinates": [
          48.51456,
          34.79922
        ]
      },
      "properties": {
        "name": "Hamadān",
        "ascii_name": "Hamadan",
        "feature_class": "P",
        "feature_code": "PPLA",
        "country_code": "IR",
        "cou_name_en": "Iran, Islamic Rep. of",
        "population": 528256,
        "dem": 1820,
        "timezone": "Asia/Tehran",
        "modification_date": "2024-07-22"
      }
    },
    {
      "type": "Feature",
      "geometry": {
        "type": "Point",
        "coordinates": [
          -0.12574,
          51.50853
        ]
      },
      "properties": {
        "name": "London",
        "ascii_name": "London",
        "feature_class": "P",
        "feature_code": "PPLC",
        "country_code": "GB",
        "cou_name_en": "United Kingdom",
        "population": 8961989,
        "dem": 25,
        "timezone": "Europe/London",
        "modification_date": "2025-07-22"
      }
    },
    {
      "type": "Feature",
      "geometry": {
        "type": "Point",
        "coordinates": [
          23.72784,
          37.98376
        ]
      },
      "properties": {
        "name": "Athens",
        "ascii_name": "Athens",
        "feature_class": "P",
        "feature_code": "PPLC",
        "country_code": "GR",
        "cou_name_en": "Greece",
        "population": 664046,
        "dem": 84,
        "timezone": "Europe/Athens",
        "modification_date": "2024-09-05"
      }
    },
    {
      "type": "Feature",
      "geometry": {
        "type": "Point",
        "coordinates": [
          3.90591,
          7.37756
        ]
      },
      "properties": {
        "name": "Ibadan",
        "ascii_name": "Ibadan",
        "feature_class": "P",
        "feature_code": "PPLA",
        "country_code": "NG",
        "cou_name_en": "Nigeria",
        "population": 3649000,
        "dem": 181,
        "timezone": "Africa/Lagos",
        "modification_date": "2025-03-11"
      }
    },
    {
      "type": "Feature",
      "geometry": {
        "type": "Point",
        "coordinates": [
          68.37718,
          25.39689
        ]
      },
      "properties": {
        "name": "Hyderabad",
        "ascii_name": "Hyderabad",
        "feature_class": "P",
        "feature_code": "PPLA2",
        "country_code": "PK",
        "cou_name_en": "Pakistan",
        "population": 1921275,
        "dem": 14,
        "timezone": "Asia/Karachi",
        "modification_date": "2025-02-04"
      }
    },
    {
      "type": "Feature",
      "geometry": {
        "type": "Point",
        "coordinates": [
          87.13599,
          53.75752
        ]
      },
      "properties": {
        "name": "Novokuznetsk",
        "ascii_name": "Novokuznetsk",
        "feature_class": "P",
        "feature_code": "PPLA2",
        "country_code": "RU",
        "cou_name_en": "Russian Federation",
        "population": 539616,
        "dem": 213,
        "timezone": "Asia/Novokuznetsk",
        "modification_date": "2025-04-15"
      }
    },
    {
      "type": "Feature",
      "geometry": {
        "type": "Point",
        "coordinates": [
          92.93136,
          56.03742
        ]
      },
      "properties": {
        "name": "Krasnoyarsk",
        "ascii_name": "Krasnoyarsk",
        "feature_class": "P",
        "feature_code": "PPLA",
        "country_code": "RU",
        "cou_name_en": "Russian Federation",
        "population": 1090811,
        "dem": 182,
        "timezone": "Asia/Krasnoyarsk",
        "modification_date": "2025-09-09"
      }
    },
    {
      "type": "Feature",
      "geometry": {
        "type": "Point",
        "coordinates": [
          61.42877,
          55.1611
        ]
      },
      "properties": {
        "name": "Chelyabinsk",
        "ascii_name": "Chelyabinsk",
        "feature_class": "P",
        "feature_code": "PPLA",
        "country_code": "RU",
        "cou_name_en": "Russian Federation",
        "population": 1202371,
        "dem": 232,
        "timezone": "Asia/Yekaterinburg",
        "modification_date": "2025-09-09"
      }
    },
    {
      "type": "Feature",
      "geometry": {
        "type": "Point",
        "coordinates": [
          39.18624,
          21.49012
        ]
      },
      "properties": {
        "name": "Jeddah",
        "ascii_name": "Jeddah",
        "feature_class": "P",
        "feature_code": "PPL",
        "country_code": "SA",
        "cou_name_en": "Saudi Arabia",
        "population": 4697000,
        "dem": 7,
        "timezone": "Asia/Riyadh",
        "modification_date": "2024-04-21"
      }
    },
    {
      "type": "Feature",
      "geometry": {
        "type": "Point",
        "coordinates": [
          -106.48693,
          31.75872
        ]
      },
      "properties": {
        "name": "El Paso",
        "ascii_name": "El Paso",
        "feature_class": "P",
        "feature_code": "PPLA2",
        "country_code": "US",
        "cou_name_en": "United States",
        "population": 678815,
        "dem": 1137,
        "timezone": "America/Denver",
        "modification_date": "2025-06-25"
      }
    },
    {
      "type": "Feature",
      "geometry": {
        "type": "Point",
        "coordinates": [
          -90.05676,
          35.08676
        ]
      },
      "properties": {
        "geoname_id": "4645421",
        "name": "New South Memphis",
        "ascii_name": "New South Memphis",
        "alternate_names": null,
        "feature_class": "P",
        "feature_code": "PPLX",
        "country_code": "US",
        "cou_name_en": "United States",
        "country_code_2": null,
        "admin1_code": "TN",
        "admin2_code": "157",
        "admin3_code": null,
        "admin4_code": null,
        "population": 641608,
        "elevation": "79",
        "dem": 79,
        "timezone": "America/Chicago",
        "modification_date": "2012-07-25",
        "label_en": "United States"
      }
    },
    {
      "type": "Feature",
      "geometry": {
        "type": "Point",
        "coordinates": [
          -95.36327,
          29.76328
        ]
      },
      "properties": {
        "name": "Houston",
        "ascii_name": "Houston",
        "feature_class": "P",
        "feature_code": "PPLA2",
        "country_code": "US",
        "cou_name_en": "United States",
        "population": 2314157,
        "dem": 30,
        "timezone": "America/Chicago",
        "modification_date": "2025-05-08"
      }
    },
    {
      "type": "Feature",
      "geometry": {
        "type": "Point",
        "coordinates": [
          71.67257,
          40.9983
        ]
      },
      "properties": {
        "name": "Namangan",
        "ascii_name": "Namangan",
        "feature_class": "P",
        "feature_code": "PPLA",
        "country_code": "UZ",
        "cou_name_en": "Uzbekistan",
        "population": 713220,
        "dem": 442,
        "timezone": "Asia/Tashkent",
        "modification_date": "2025-06-24"
      }
    },
    {
      "type": "Feature",
      "geometry": {
        "type": "Point",
        "coordinates": [
          106.68345,
          20.86481
        ]
      },
      "properties": {
        "name": "Haiphong",
        "ascii_name": "Haiphong",
        "feature_class": "P",
        "feature_code": "PPLA",
        "country_code": "VN",
        "cou_name_en": "Viet Nam",
        "population": 2625200,
        "dem": 12,
        "timezone": "Asia/Bangkok",
        "modification_date": "2025-07-29"
      }
    },
    {
      "type": "Feature",
      "geometry": {
        "type": "Point",
        "coordinates": [
          -74.78132,
          10.96854
        ]
      },
      "properties": {
        "name": "Barranquilla",
        "ascii_name": "Barranquilla",
        "feature_class": "P",
        "feature_code": "PPLA",
        "country_code": "CO",
        "cou_name_en": "Colombia",
        "population": 1206319,
        "dem": 24,
        "timezone": "America/Bogota",
        "modification_date": "2022-08-11"
      }
    },
    {
      "type": "Feature",
      "geometry": {
        "type": "Point",
        "coordinates": [
          115.65,
          34.45
        ]
      },
      "properties": {
        "name": "Shangqiu",
        "ascii_name": "Shangqiu",
        "feature_class": "P",
        "feature_code": "PPL",
        "country_code": "CN",
        "cou_name_en": "China",
        "population": 1536392,
        "dem": 51,
        "timezone": "Asia/Shanghai",
        "modification_date": "2021-10-18"
      }
    },
    {
      "type": "Feature",
      "geometry": {
        "type": "Point",
        "coordinates": [
          110.99278,
          35.02306
        ]
      },
      "properties": {
        "name": "Yuncheng",
        "ascii_name": "Yuncheng",
        "feature_class": "P",
        "feature_code": "PPLA2",
        "country_code": "CN",
        "cou_name_en": "China",
        "population": 680036,
        "dem": 361,
        "timezone": "Asia/Shanghai",
        "modification_date": "2025-08-20"
      }
    },
    {
      "type": "Feature",
      "geometry": {
        "type": "Point",
        "coordinates": [
          122.11356,
          37.50914
        ]
      },
      "properties": {
        "name": "Weihai",
        "ascii_name": "Weihai",
        "feature_class": "P",
        "feature_code": "PPLA2",
        "country_code": "CN",
        "cou_name_en": "China",
        "population": 844310,
        "dem": 14,
        "timezone": "Asia/Shanghai",
        "modification_date": "2021-10-09"
      }
    },
    {
      "type": "Feature",
      "geometry": {
        "type": "Point",
        "coordinates": [
          118.18319,
          39.64381
        ]
      },
      "properties": {
        "name": "Tangshan",
        "ascii_name": "Tangshan",
        "feature_class": "P",
        "feature_code": "PPLA2",
        "country_code": "CN",
        "cou_name_en": "China",
        "population": 3372102,
        "dem": 7,
        "timezone": "Asia/Shanghai",
        "modification_date": "2025-05-23"
      }
    },
    {
      "type": "Feature",
      "geometry": {
        "type": "Point",
        "coordinates": [
          118.29583,
          33.94917
        ]
      },
      "properties": {
        "name": "Suqian",
        "ascii_name": "Suqian",
        "feature_class": "P",
        "feature_code": "PPLA2",
        "country_code": "CN",
        "cou_name_en": "China",
        "population": 1437685,
        "dem": 23,
        "timezone": "Asia/Shanghai",
        "modification_date": "2025-08-20"
      }
    },
    {
      "type": "Feature",
      "geometry": {
        "type": "Point",
        "coordinates": [
          106.08473,
          30.79508
        ]
      },
      "properties": {
        "name": "Nanchong",
        "ascii_name": "Nanchong",
        "feature_class": "P",
        "feature_code": "PPLA2",
        "country_code": "CN",
        "cou_name_en": "China",
        "population": 1858875,
        "dem": 287,
        "timezone": "Asia/Shanghai",
        "modification_date": "2021-10-19"
      }
    },
    {
      "type": "Feature",
      "geometry": {
        "type": "Point",
        "coordinates": [
          120.00333,
          36.28389
        ]
      },
      "properties": {
        "name": "Jiaozhou",
        "ascii_name": "Jiaozhou",
        "feature_class": "P",
        "feature_code": "PPLA3",
        "country_code": "CN",
        "cou_name_en": "China",
        "population": 619266,
        "dem": 10,
        "timezone": "Asia/Shanghai",
        "modification_date": "2022-04-01"
      }
    },
    {
      "type": "Feature",
      "geometry": {
        "type": "Point",
        "coordinates": [
          120.16142,
          30.29365
        ]
      },
      "properties": {
        "name": "Hangzhou",
        "ascii_name": "Hangzhou",
        "feature_class": "P",
        "feature_code": "PPLA",
        "country_code": "CN",
        "cou_name_en": "China",
        "population": 9236032,
        "dem": 12,
        "timezone": "Asia/Shanghai",
        "modification_date": "2024-05-21"
      }
    },
    {
      "type": "Feature",
      "geometry": {
        "type": "Point",
        "coordinates": [
          113.25,
          23.11667
        ]
      },
      "properties": {
        "name": "Guangzhou",
        "ascii_name": "Guangzhou",
        "feature_class": "P",
        "feature_code": "PPLA",
        "country_code": "CN",
        "cou_name_en": "China",
        "population": 16096724,
        "dem": 15,
        "timezone": "Asia/Shanghai",
        "modification_date": "2025-10-22"
      }
    },
    {
      "type": "Feature",
      "geometry": {
        "type": "Point",
        "coordinates": [
          115.81667,
          32.9
        ]
      },
      "properties": {
        "name": "Fuyang",
        "ascii_name": "Fuyang",
        "feature_class": "P",
        "feature_code": "PPLA2",
        "country_code": "CN",
        "cou_name_en": "China",
        "population": 1768947,
        "dem": 31,
        "timezone": "Asia/Shanghai",
        "modification_date": "2021-10-18"
      }
    },
    {
      "type": "Feature",
      "geometry": {
        "type": "Point",
        "coordinates": [
          116.85334,
          38.31124
        ]
      },
      "properties": {
        "name": "Cangzhou",
        "ascii_name": "Cangzhou",
        "feature_class": "P",
        "feature_code": "PPLA2",
        "country_code": "CN",
        "cou_name_en": "China",
        "population": 527681,
        "dem": 15,
        "timezone": "Asia/Shanghai",
        "modification_date": "2023-09-06"
      }
    },
    {
      "type": "Feature",
      "geometry": {
        "type": "Point",
        "coordinates": [
          115.77028,
          33.87722
        ]
      },
      "properties": {
        "name": "Bozhou",
        "ascii_name": "Bozhou",
        "feature_class": "P",
        "feature_code": "PPLA2",
        "country_code": "CN",
        "cou_name_en": "China",
        "population": 1409436,
        "dem": 40,
        "timezone": "Asia/Shanghai",
        "modification_date": "2025-10-24"
      }
    },
    {
      "type": "Feature",
      "geometry": {
        "type": "Point",
        "coordinates": [
          -43.18223,
          -22.90642
        ]
      },
      "properties": {
        "name": "Rio de Janeiro",
        "ascii_name": "Rio de Janeiro",
        "feature_class": "P",
        "feature_code": "PPLA",
        "country_code": "BR",
        "cou_name_en": "Brazil",
        "population": 6747815,
        "dem": 12,
        "timezone": "America/Sao_Paulo",
        "modification_date": "2025-06-21"
      }
    },
    {
      "type": "Feature",
      "geometry": {
        "type": "Point",
        "coordinates": [
          -63.90389,
          -8.76194
        ]
      },
      "properties": {
        "name": "Porto Velho",
        "ascii_name": "Porto Velho",
        "feature_class": "P",
        "feature_code": "PPLA",
        "country_code": "BR",
        "cou_name_en": "Brazil",
        "population": 548952,
        "dem": 90,
        "timezone": "America/Porto_Velho",
        "modification_date": "2024-11-05"
      }
    },
    {
      "type": "Feature",
      "geometry": {
        "type": "Point",
        "coordinates": [
          31.18368,
          27.18096
        ]
      },
      "properties": {
        "name": "Assiut",
        "ascii_name": "Assiut",
        "feature_class": "P",
        "feature_code": "PPLA",
        "country_code": "EG",
        "cou_name_en": "Egypt",
        "population": 528669,
        "dem": 56,
        "timezone": "Africa/Cairo",
        "modification_date": "2024-07-08"
      }
    },
    {
      "type": "Feature",
      "geometry": {
        "type": "Point",
        "coordinates": [
          62.19967,
          34.34817
        ]
      },
      "properties": {
        "name": "Herāt",
        "ascii_name": "Herat",
        "feature_class": "P",
        "feature_code": "PPLA",
        "country_code": "AF",
        "cou_name_en": "Afghanistan",
        "population": 574300,
        "dem": 927,
        "timezone": "Asia/Kabul",
        "modification_date": "2022-06-18"
      }
    },
    {
      "type": "Feature",
      "geometry": {
        "type": "Point",
        "coordinates": [
          13.23432,
          -8.83682
        ]
      },
      "properties": {
        "name": "Luanda",
        "ascii_name": "Luanda",
        "feature_class": "P",
        "feature_code": "PPLC",
        "country_code": "AO",
        "cou_name_en": "Angola",
        "population": 2776168,
        "dem": 73,
        "timezone": "Africa/Luanda",
        "modification_date": "2024-03-26"
      }
    },
    {
      "type": "Feature",
      "geometry": {
        "type": "Point",
        "coordinates": [
          -58.37723,
          -34.61315
        ]
      },
      "properties": {
        "name": "Buenos Aires",
        "ascii_name": "Buenos Aires",
        "feature_class": "P",
        "feature_code": "PPLC",
        "country_code": "AR",
        "cou_name_en": "Argentina",
        "population": 2891082,
        "dem": 31,
        "timezone": "America/Argentina/Buenos_Aires",
        "modification_date": "2024-06-19"
      }
    },
    {
      "type": "Feature",
      "geometry": {
        "type": "Point",
        "coordinates": [
          9.17702,
          48.78232
        ]
      },
      "properties": {
        "name": "Stuttgart",
        "ascii_name": "Stuttgart",
        "feature_class": "P",
        "feature_code": "PPLA",
        "country_code": "DE",
        "cou_name_en": "Germany",
        "population": 630305,
        "dem": 252,
        "timezone": "Europe/Berlin",
        "modification_date": "2022-08-14"
      }
    },
    {
      "type": "Feature",
      "geometry": {
        "type": "Point",
        "coordinates": [
          6.77616,
          51.22172
        ]
      },
      "properties": {
        "name": "Düsseldorf",
        "ascii_name": "Duesseldorf",
        "feature_class": "P",
        "feature_code": "PPLA",
        "country_code": "DE",
        "cou_name_en": "Germany",
        "population": 620523,
        "dem": 45,
        "timezone": "Europe/Berlin",
        "modification_date": "2022-08-14"
      }
    },
    {
      "type": "Feature",
      "geometry": {
        "type": "Point",
        "coordinates": [
          -34.88111,
          -8.05389
        ]
      },
      "properties": {
        "name": "Recife",
        "ascii_name": "Recife",
        "feature_class": "P",
        "feature_code": "PPLA",
        "country_code": "BR",
        "cou_name_en": "Brazil",
        "population": 1653461,
        "dem": 8,
        "timezone": "America/Recife",
        "modification_date": "2023-02-21"
      }
    },
    {
      "type": "Feature",
      "geometry": {
        "type": "Point",
        "coordinates": [
          -38.54306,
          -3.71722
        ]
      },
      "properties": {
        "name": "Fortaleza",
        "ascii_name": "Fortaleza",
        "feature_class": "P",
        "feature_code": "PPLA",
        "country_code": "BR",
        "cou_name_en": "Brazil",
        "population": 2400000,
        "dem": 18,
        "timezone": "America/Fortaleza",
        "modification_date": "2025-10-12"
      }
    },
    {
      "type": "Feature",
      "geometry": {
        "type": "Point",
        "coordinates": [
          -48.50444,
          -1.45583
        ]
      },
      "properties": {
        "name": "Belém",
        "ascii_name": "Belem",
        "feature_class": "P",
        "feature_code": "PPLA",
        "country_code": "BR",
        "cou_name_en": "Brazil",
        "population": 1499641,
        "dem": 15,
        "timezone": "America/Belem",
        "modification_date": "2025-04-18"
      }
    },
    {
      "type": "Feature",
      "geometry": {
        "type": "Point",
        "coordinates": [
          -49.25389,
          -16.67861
        ]
      },
      "properties": {
        "name": "Goiânia",
        "ascii_name": "Goiania",
        "feature_class": "P",
        "feature_code": "PPLA",
        "country_code": "BR",
        "cou_name_en": "Brazil",
        "population": 1536097,
        "dem": 766,
        "timezone": "America/Sao_Paulo",
        "modification_date": "2023-02-21"
      }
    },
    {
      "type": "Feature",
      "geometry": {
        "type": "Point",
        "coordinates": [
          30.9754,
          52.4345
        ]
      },
      "properties": {
        "name": "Homyel'",
        "ascii_name": "Homyel'",
        "feature_class": "P",
        "feature_code": "PPLA",
        "country_code": "BY",
        "cou_name_en": "Belarus",
        "population": 501102,
        "dem": 138,
        "timezone": "Europe/Minsk",
        "modification_date": "2024-10-26"
      }
    },
    {
      "type": "Feature",
      "geometry": {
        "type": "Point",
        "coordinates": [
          -79.6583,
          43.5789
        ]
      },
      "properties": {
        "name": "Mississauga",
        "ascii_name": "Mississauga",
        "feature_class": "P",
        "feature_code": "PPL",
        "country_code": "CA",
        "cou_name_en": "Canada",
        "population": 717961,
        "dem": 159,
        "timezone": "America/Toronto",
        "modification_date": "2025-08-04"
      }
    },
    {
      "type": "Feature",
      "geometry": {
        "type": "Point",
        "coordinates": [
          27.47938,
          -11.66089
        ]
      },
      "properties": {
        "name": "Lubumbashi",
        "ascii_name": "Lubumbashi",
        "feature_class": "P",
        "feature_code": "PPLA",
        "country_code": "CD",
        "cou_name_en": "Congo, Democratic Republic of the",
        "population": 2221925,
        "dem": 1260,
        "timezone": "Africa/Lubumbashi",
        "modification_date": "2024-06-29"
      }
    },
    {
      "type": "Feature",
      "geometry": {
        "type": "Point",
        "coordinates": [
          -0.37966,
          39.47391
        ]
      },
      "properties": {
        "name": "Valencia",
        "ascii_name": "Valencia",
        "feature_class": "P",
        "feature_code": "PPLA",
        "country_code": "ES",
        "cou_name_en": "Spain",
        "population": 824340,
        "dem": 10,
        "timezone": "Europe/Madrid",
        "modification_date": "2025-10-22"
      }
    },
    {
      "type": "Feature",
      "geometry": {
        "type": "Point",
        "coordinates": [
          -5.97317,
          37.38283
        ]
      },
      "properties": {
        "name": "Sevilla",
        "ascii_name": "Sevilla",
        "feature_class": "P",
        "feature_code": "PPLA",
        "country_code": "ES",
        "cou_name_en": "Spain",
        "population": 686741,
        "dem": 16,
        "timezone": "Europe/Madrid",
        "modification_date": "2025-10-22"
      }
    },
    {
      "type": "Feature",
      "geometry": {
        "type": "Point",
        "coordinates": [
          73.20812,
          22.29941
        ]
      },
      "properties": {
        "name": "Vadodara",
        "ascii_name": "Vadodara",
        "feature_class": "P",
        "feature_code": "PPL",
        "country_code": "IN",
        "cou_name_en": "India",
        "population": 1822221,
        "dem": 46,
        "timezone": "Asia/Kolkata",
        "modification_date": "2024-01-06"
      }
    },
    {
      "type": "Feature",
      "geometry": {
        "type": "Point",
        "coordinates": [
          88.42851,
          26.71004
        ]
      },
      "properties": {
        "name": "Siliguri",
        "ascii_name": "Siliguri",
        "feature_class": "P",
        "feature_code": "PPL",
        "country_code": "IN",
        "cou_name_en": "India",
        "population": 515574,
        "dem": 124,
        "timezone": "Asia/Kolkata",
        "modification_date": "2024-01-06"
      }
    },
    {
      "type": "Feature",
      "geometry": {
        "type": "Point",
        "coordinates": [
          70.06673,
          22.47292
        ]
      },
      "properties": {
        "name": "Jamnagar",
        "ascii_name": "Jamnagar",
        "feature_class": "P",
        "feature_code": "PPL",
        "country_code": "IN",
        "cou_name_en": "India",
        "population": 600943,
        "dem": 18,
        "timezone": "Asia/Kolkata",
        "modification_date": "2024-12-31"
      }
    },
    {
      "type": "Feature",
      "geometry": {
        "type": "Point",
        "coordinates": [
          75.78781,
          26.91962
        ]
      },
      "properties": {
        "name": "Jaipur",
        "ascii_name": "Jaipur",
        "feature_class": "P",
        "feature_code": "PPLA",
        "country_code": "IN",
        "cou_name_en": "India",
        "population": 3046163,
        "dem": 435,
        "timezone": "Asia/Kolkata",
        "modification_date": "2025-08-05"
      }
    },
    {
      "type": "Feature",
      "geometry": {
        "type": "Point",
        "coordinates": [
          85.87927,
          20.46497
        ]
      },
      "properties": {
        "name": "Cuttack",
        "ascii_name": "Cuttack",
        "feature_class": "P",
        "feature_code": "PPL",
        "country_code": "IN",
        "cou_name_en": "India",
        "population": 610189,
        "dem": 30,
        "timezone": "Asia/Kolkata",
        "modification_date": "2025-08-05"
      }
    },
    {
      "type": "Feature",
      "geometry": {
        "type": "Point",
        "coordinates": [
          75.34226,
          19.87757
        ]
      },
      "properties": {
        "name": "Aurangabad",
        "ascii_name": "Aurangabad",
        "feature_class": "P",
        "feature_code": "PPLA2",
        "country_code": "IN",
        "cou_name_en": "India",
        "population": 1175116,
        "dem": 588,
        "timezone": "Asia/Kolkata",
        "modification_date": "2025-05-25"
      }
    },
    {
      "type": "Feature",
      "geometry": {
        "type": "Point",
        "coordinates": [
          78.01667,
          27.18333
        ]
      },
      "properties": {
        "name": "Agra",
        "ascii_name": "Agra",
        "feature_class": "P",
        "feature_code": "PPLA2",
        "country_code": "IN",
        "cou_name_en": "India",
        "population": 1430055,
        "dem": 166,
        "timezone": "Asia/Kolkata",
        "modification_date": "2025-10-31"
      }
    },
    {
      "type": "Feature",
      "geometry": {
        "type": "Point",
        "coordinates": [
          50.8764,
          34.6401
        ]
      },
      "properties": {
        "name": "Qom",
        "ascii_name": "Qom",
        "feature_class": "P",
        "feature_code": "PPLA",
        "country_code": "IR",
        "cou_name_en": "Iran, Islamic Rep. of",
        "population": 900000,
        "dem": 935,
        "timezone": "Asia/Tehran",
        "modification_date": "2019-09-05"
      }
    },
    {
      "type": "Feature",
      "geometry": {
        "type": "Point",
        "coordinates": [
          60.8629,
          29.4963
        ]
      },
      "properties": {
        "name": "Zahedan",
        "ascii_name": "Zahedan",
        "feature_class": "P",
        "feature_code": "PPLA",
        "country_code": "IR",
        "cou_name_en": "Iran, Islamic Rep. of",
        "population": 551980,
        "dem": 1380,
        "timezone": "Asia/Tehran",
        "modification_date": "2024-07-25"
      }
    },
    {
      "type": "Feature",
      "geometry": {
        "type": "Point",
        "coordinates": [
          -70.64827,
          -33.45694
        ]
      },
      "properties": {
        "name": "Santiago",
        "ascii_name": "Santiago",
        "feature_class": "P",
        "feature_code": "PPLC",
        "country_code": "CL",
        "cou_name_en": "Chile",
        "population": 4837295,
        "dem": 556,
        "timezone": "America/Santiago",
        "modification_date": "2025-06-21"
      }
    },
    {
      "type": "Feature",
      "geometry": {
        "type": "Point",
        "coordinates": [
          112.14479,
          32.0422
        ]
      },
      "properties": {
        "name": "Xiangyang",
        "ascii_name": "Xiangyang",
        "feature_class": "P",
        "feature_code": "PPLA2",
        "country_code": "CN",
        "cou_name_en": "China",
        "population": 1294733,
        "dem": 71,
        "timezone": "Asia/Shanghai",
        "modification_date": "2025-08-19"
      }
    },
    {
      "type": "Feature",
      "geometry": {
        "type": "Point",
        "coordinates": [
          117.12,
          36.18528
        ]
      },
      "properties": {
        "name": "Tai’an",
        "ascii_name": "Tai'an",
        "feature_class": "P",
        "feature_code": "PPLA2",
        "country_code": "CN",
        "cou_name_en": "China",
        "population": 1735425,
        "dem": 143,
        "timezone": "Asia/Shanghai",
        "modification_date": "2025-08-19"
      }
    },
    {
      "type": "Feature",
      "geometry": {
        "type": "Point",
        "coordinates": [
          109.93056,
          33.86667
        ]
      },
      "properties": {
        "name": "Shangluo",
        "ascii_name": "Shangluo",
        "feature_class": "P",
        "feature_code": "PPLA2",
        "country_code": "CN",
        "cou_name_en": "China",
        "population": 531696,
        "dem": 702,
        "timezone": "Asia/Shanghai",
        "modification_date": "2025-08-18"
      }
    },
    {
      "type": "Feature",
      "geometry": {
        "type": "Point",
        "coordinates": [
          118.58583,
          24.91389
        ]
      },
      "properties": {
        "name": "Quanzhou",
        "ascii_name": "Quanzhou",
        "feature_class": "P",
        "feature_code": "PPLA2",
        "country_code": "CN",
        "cou_name_en": "China",
        "population": 1469157,
        "dem": 14,
        "timezone": "Asia/Shanghai",
        "modification_date": "2024-07-13"
      }
    },
    {
      "type": "Feature",
      "geometry": {
        "type": "Point",
        "coordinates": [
          121.2457,
          30.1764
        ]
      },
      "properties": {
        "name": "Cixi",
        "ascii_name": "Cixi",
        "feature_class": "P",
        "feature_code": "PPLA3",
        "country_code": "CN",
        "cou_name_en": "China",
        "population": 1457510,
        "dem": 11,
        "timezone": "Asia/Shanghai",
        "modification_date": "2024-05-08"
      }
    },
    {
      "type": "Feature",
      "geometry": {
        "type": "Point",
        "coordinates": [
          114.87139,
          40.78341
        ]
      },
      "properties": {
        "name": "Zhangjiakou",
        "ascii_name": "Zhangjiakou",
        "feature_class": "P",
        "feature_code": "PPLA2",
        "country_code": "CN",
        "cou_name_en": "China",
        "population": 692602,
        "dem": 744,
        "timezone": "Asia/Shanghai",
        "modification_date": "2022-02-17"
      }
    },
    {
      "type": "Feature",
      "geometry": {
        "type": "Point",
        "coordinates": [
          125,
          46.58333
        ]
      },
      "properties": {
        "name": "Daqing",
        "ascii_name": "Daqing",
        "feature_class": "P",
        "feature_code": "PPLA2",
        "country_code": "CN",
        "cou_name_en": "China",
        "population": 1604027,
        "dem": 146,
        "timezone": "Asia/Shanghai",
        "modification_date": "2024-05-14"
      }
    },
    {
      "type": "Feature",
      "geometry": {
        "type": "Point",
        "coordinates": [
          18.35644,
          43.84864
        ]
      },
      "properties": {
        "name": "Sarajevo",
        "ascii_name": "Sarajevo",
        "feature_class": "P",
        "feature_code": "PPLC",
        "country_code": "BA",
        "cou_name_en": "Bosnia and Herzegovina",
        "population": 696731,
        "dem": 509,
        "timezone": "Europe/Sarajevo",
        "modification_date": "2019-09-05"
      }
    },
    {
      "type": "Feature",
      "geometry": {
        "type": "Point",
        "coordinates": [
          35.73947,
          -6.17221
        ]
      },
      "properties": {
        "name": "Dodoma",
        "ascii_name": "Dodoma",
        "feature_class": "P",
        "feature_code": "PPLC",
        "country_code": "TZ",
        "cou_name_en": "Tanzania, United Republic of",
        "population": 765179,
        "dem": 1125,
        "timezone": "Africa/Dar_es_Salaam",
        "modification_date": "2024-12-02"
      }
    },
    {
      "type": "Feature",
      "geometry": {
        "type": "Point",
        "coordinates": [
          35.04066,
          48.46664
        ]
      },
      "properties": {
        "name": "Dnipro",
        "ascii_name": "Dnipro",
        "feature_class": "P",
        "feature_code": "PPLA",
        "country_code": "UA",
        "cou_name_en": "Ukraine",
        "population": 968502,
        "dem": 61,
        "timezone": "Europe/Kyiv",
        "modification_date": "2025-12-04"
      }
    },
    {
      "type": "Feature",
      "geometry": {
        "type": "Point",
        "coordinates": [
          53.19862,
          56.85225
        ]
      },
      "properties": {
        "name": "Izhevsk",
        "ascii_name": "Izhevsk",
        "feature_class": "P",
        "feature_code": "PPLA",
        "country_code": "RU",
        "cou_name_en": "Russian Federation",
        "population": 648213,
        "dem": 155,
        "timezone": "Europe/Samara",
        "modification_date": "2025-09-09"
      }
    },
    {
      "type": "Feature",
      "geometry": {
        "type": "Point",
        "coordinates": [
          24.88069,
          12.04888
        ]
      },
      "properties": {
        "name": "Nyala",
        "ascii_name": "Nyala",
        "feature_class": "P",
        "feature_code": "PPLA",
        "country_code": "SD",
        "cou_name_en": "Sudan, The Republic of",
        "population": 565734,
        "dem": 661,
        "timezone": "Africa/Khartoum",
        "modification_date": "2025-11-11"
      }
    },
    {
      "type": "Feature",
      "geometry": {
        "type": "Point",
        "coordinates": [
          32.48464,
          37.87135
        ]
      },
      "properties": {
        "name": "Konya",
        "ascii_name": "Konya",
        "feature_class": "P",
        "feature_code": "PPLA",
        "country_code": "TR",
        "cou_name_en": "Turkey",
        "population": 1433861,
        "dem": 1030,
        "timezone": "Europe/Istanbul",
        "modification_date": "2025-06-02"
      }
    },
    {
      "type": "Feature",
      "geometry": {
        "type": "Point",
        "coordinates": [
          30.52056,
          39.77667
        ]
      },
      "properties": {
        "name": "Eskişehir",
        "ascii_name": "Eskisehir",
        "feature_class": "P",
        "feature_code": "PPLA",
        "country_code": "TR",
        "cou_name_en": "Turkey",
        "population": 789023,
        "dem": 794,
        "timezone": "Europe/Istanbul",
        "modification_date": "2025-06-04"
      }
    },
    {
      "type": "Feature",
      "geometry": {
        "type": "Point",
        "coordinates": [
          28.94966,
          41.01384
        ]
      },
      "properties": {
        "name": "Istanbul",
        "ascii_name": "Istanbul",
        "feature_class": "P",
        "feature_code": "PPLA",
        "country_code": "TR",
        "cou_name_en": "Turkey",
        "population": 15701602,
        "dem": 39,
        "timezone": "Europe/Istanbul",
        "modification_date": "2025-07-22"
      }
    },
    {
      "type": "Feature",
      "geometry": {
        "type": "Point",
        "coordinates": [
          -71.53747,
          -16.39899
        ]
      },
      "properties": {
        "name": "Arequipa",
        "ascii_name": "Arequipa",
        "feature_class": "P",
        "feature_code": "PPLA",
        "country_code": "PE",
        "cou_name_en": "Peru",
        "population": 1008290,
        "dem": 2397,
        "timezone": "America/Lima",
        "modification_date": "2025-05-15"
      }
    },
    {
      "type": "Feature",
      "geometry": {
        "type": "Point",
        "coordinates": [
          120.9667,
          14.7
        ]
      },
      "properties": {
        "name": "Valenzuela",
        "ascii_name": "Valenzuela",
        "feature_class": "P",
        "feature_code": "PPLA3",
        "country_code": "PH",
        "cou_name_en": "Philippines",
        "population": 725173,
        "dem": 12,
        "timezone": "Asia/Manila",
        "modification_date": "2025-09-25"
      }
    },
    {
      "type": "Feature",
      "geometry": {
        "type": "Point",
        "coordinates": [
          120.9822,
          14.6042
        ]
      },
      "properties": {
        "name": "Manila",
        "ascii_name": "Manila",
        "feature_class": "P",
        "feature_code": "PPLC",
        "country_code": "PH",
        "cou_name_en": "Philippines",
        "population": 1600000,
        "dem": 13,
        "timezone": "Asia/Manila",
        "modification_date": "2025-09-16"
      }
    },
    {
      "type": "Feature",
      "geometry": {
        "type": "Point",
        "coordinates": [
          71.6752,
          29.39779
        ]
      },
      "properties": {
        "name": "Bahawalpur",
        "ascii_name": "Bahawalpur",
        "feature_class": "P",
        "feature_code": "PPLA2",
        "country_code": "PK",
        "cou_name_en": "Pakistan",
        "population": 903795,
        "dem": 121,
        "timezone": "Asia/Karachi",
        "modification_date": "2025-02-04"
      }
    },
    {
      "type": "Feature",
      "geometry": {
        "type": "Point",
        "coordinates": [
          101.5608,
          3.21727
        ]
      },
      "properties": {
        "geoname_id": "13118225",
        "name": "Bukit Rahman Putra",
        "ascii_name": "Bukit Rahman Putra",
        "alternate_names": null,
        "feature_class": "P",
        "feature_code": "PPL",
        "country_code": "MY",
        "cou_name_en": "Malaysia",
        "country_code_2": null,
        "admin1_code": "12",
        "admin2_code": "1707",
        "admin3_code": null,
        "admin4_code": null,
        "population": 607000,
        "elevation": null,
        "dem": 76,
        "timezone": "Asia/Kuala_Lumpur",
        "modification_date": "2024-10-24",
        "label_en": "Malaysia"
      }
    },
    {
      "type": "Feature",
      "geometry": {
        "type": "Point",
        "coordinates": [
          3.39467,
          6.45407
        ]
      },
      "properties": {
        "name": "Lagos",
        "ascii_name": "Lagos",
        "feature_class": "P",
        "feature_code": "PPLA2",
        "country_code": "NG",
        "cou_name_en": "Nigeria",
        "population": 15388000,
        "dem": 11,
        "timezone": "Africa/Lagos",
        "modification_date": "2023-10-25"
      }
    },
    {
      "type": "Feature",
      "geometry": {
        "type": "Point",
        "coordinates": [
          109.19432,
          12.24507
        ]
      },
      "properties": {
        "name": "Nha Trang",
        "ascii_name": "Nha Trang",
        "feature_class": "P",
        "feature_code": "PPLA",
        "country_code": "VN",
        "cou_name_en": "Viet Nam",
        "population": 579000,
        "dem": 10,
        "timezone": "Asia/Ho_Chi_Minh",
        "modification_date": "2025-07-29"
      }
    },
    {
      "type": "Feature",
      "geometry": {
        "type": "Point",
        "coordinates": [
          42.95452,
          14.79781
        ]
      },
      "properties": {
        "name": "Al Ḩudaydah",
        "ascii_name": "Al Hudaydah",
        "feature_class": "P",
        "feature_code": "PPLA",
        "country_code": "YE",
        "cou_name_en": "Yemen",
        "population": 734699,
        "dem": 10,
        "timezone": "Asia/Aden",
        "modification_date": "2025-06-20"
      }
    },
    {
      "type": "Feature",
      "geometry": {
        "type": "Point",
        "coordinates": [
          28.09919,
          -25.47288
        ]
      },
      "properties": {
        "name": "Soshanguve",
        "ascii_name": "Soshanguve",
        "feature_class": "P",
        "feature_code": "PPL",
        "country_code": "ZA",
        "cou_name_en": "South Africa",
        "population": 872309,
        "dem": 1179,
        "timezone": "Africa/Johannesburg",
        "modification_date": "2024-12-02"
      }
    },
    {
      "type": "Feature",
      "geometry": {
        "type": "Point",
        "coordinates": [
          28.58333,
          -20.15
        ]
      },
      "properties": {
        "name": "Bulawayo",
        "ascii_name": "Bulawayo",
        "feature_class": "P",
        "feature_code": "PPLA",
        "country_code": "ZW",
        "cou_name_en": "Zimbabwe",
        "population": 665952,
        "dem": 1348,
        "timezone": "Africa/Harare",
        "modification_date": "2025-06-20"
      }
    },
    {
      "type": "Feature",
      "geometry": {
        "type": "Point",
        "coordinates": [
          33.78725,
          -13.96692
        ]
      },
      "properties": {
        "name": "Lilongwe",
        "ascii_name": "Lilongwe",
        "feature_class": "P",
        "feature_code": "PPLC",
        "country_code": "MW",
        "cou_name_en": "Malawi",
        "population": 1115815,
        "dem": 1056,
        "timezone": "Africa/Blantyre",
        "modification_date": "2024-01-18"
      }
    },
    {
      "type": "Feature",
      "geometry": {
        "type": "Point",
        "coordinates": [
          -73.94958,
          40.6501
        ]
      },
      "properties": {
        "name": "Brooklyn",
        "ascii_name": "Brooklyn",
        "feature_class": "P",
        "feature_code": "PPLA2",
        "country_code": "US",
        "cou_name_en": "United States",
        "population": 2736074,
        "dem": 18,
        "timezone": "America/New_York",
        "modification_date": "2022-08-24"
      }
    },
    {
      "type": "Feature",
      "geometry": {
        "type": "Point",
        "coordinates": [
          36.68333,
          -3.36667
        ]
      },
      "properties": {
        "name": "Arusha",
        "ascii_name": "Arusha",
        "feature_class": "P",
        "feature_code": "PPLA",
        "country_code": "TZ",
        "cou_name_en": "Tanzania, United Republic of",
        "population": 617631,
        "dem": 1415,
        "timezone": "Africa/Dar_es_Salaam",
        "modification_date": "2023-12-10"
      }
    },
    {
      "type": "Feature",
      "geometry": {
        "type": "Point",
        "coordinates": [
          -17.39071,
          14.76457
        ]
      },
      "properties": {
        "name": "Pikine",
        "ascii_name": "Pikine",
        "feature_class": "P",
        "feature_code": "PPL",
        "country_code": "SN",
        "cou_name_en": "Senegal",
        "population": 874062,
        "dem": 17,
        "timezone": "Africa/Dakar",
        "modification_date": "2012-12-05"
      }
    },
    {
      "type": "Feature",
      "geometry": {
        "type": "Point",
        "coordinates": [
          -89.18718,
          13.68935
        ]
      },
      "properties": {
        "name": "San Salvador",
        "ascii_name": "San Salvador",
        "feature_class": "P",
        "feature_code": "PPLC",
        "country_code": "SV",
        "cou_name_en": "El Salvador",
        "population": 525990,
        "dem": 653,
        "timezone": "America/El_Salvador",
        "modification_date": "2019-09-05"
      }
    },
    {
      "type": "Feature",
      "geometry": {
        "type": "Point",
        "coordinates": [
          15.0444,
          12.10672
        ]
      },
      "properties": {
        "name": "N'Djamena",
        "ascii_name": "N'Djamena",
        "feature_class": "P",
        "feature_code": "PPLC",
        "country_code": "TD",
        "cou_name_en": "Chad",
        "population": 1359526,
        "dem": 299,
        "timezone": "Africa/Ndjamena",
        "modification_date": "2023-11-29"
      }
    },
    {
      "type": "Feature",
      "geometry": {
        "type": "Point",
        "coordinates": [
          121.45703,
          25.06199
        ]
      },
      "properties": {
        "name": "New Taipei City",
        "ascii_name": "New Taipei City",
        "feature_class": "P",
        "feature_code": "PPL",
        "country_code": "TW",
        "cou_name_en": "Taiwan, China",
        "population": 4004367,
        "dem": 4,
        "timezone": "Asia/Taipei",
        "modification_date": "2025-02-24"
      }
    },
    {
      "type": "Feature",
      "geometry": {
        "type": "Point",
        "coordinates": [
          -57.647,
          -25.28646
        ]
      },
      "properties": {
        "name": "Asunción",
        "ascii_name": "Asuncion",
        "feature_class": "P",
        "feature_code": "PPLC",
        "country_code": "PY",
        "cou_name_en": "Paraguay",
        "population": 1482200,
        "dem": 113,
        "timezone": "America/Asuncion",
        "modification_date": "2019-09-05"
      }
    },
    {
      "type": "Feature",
      "geometry": {
        "type": "Point",
        "coordinates": [
          45.01075,
          53.19568
        ]
      },
      "properties": {
        "name": "Penza",
        "ascii_name": "Penza",
        "feature_class": "P",
        "feature_code": "PPLA",
        "country_code": "RU",
        "cou_name_en": "Russian Federation",
        "population": 523553,
        "dem": 156,
        "timezone": "Europe/Moscow",
        "modification_date": "2025-09-09"
      }
    },
    {
      "type": "Feature",
      "geometry": {
        "type": "Point",
        "coordinates": [
          70.30345,
          28.41987
        ]
      },
      "properties": {
        "name": "Rahim Yar Khan",
        "ascii_name": "Rahim Yar Khan",
        "feature_class": "P",
        "feature_code": "PPLA2",
        "country_code": "PK",
        "cou_name_en": "Pakistan",
        "population": 517000,
        "dem": 85,
        "timezone": "Asia/Karachi",
        "modification_date": "2025-02-04"
      }
    },
    {
      "type": "Feature",
      "geometry": {
        "type": "Point",
        "coordinates": [
          -75.57151,
          6.245
        ]
      },
      "properties": {
        "name": "Medellín",
        "ascii_name": "Medellin",
        "feature_class": "P",
        "feature_code": "PPLA",
        "country_code": "CO",
        "cou_name_en": "Colombia",
        "population": 1999979,
        "dem": 1528,
        "timezone": "America/Bogota",
        "modification_date": "2025-06-14"
      }
    },
    {
      "type": "Feature",
      "geometry": {
        "type": "Point",
        "coordinates": [
          137.73333,
          34.7
        ]
      },
      "properties": {
        "name": "Hamamatsu",
        "ascii_name": "Hamamatsu",
        "feature_class": "P",
        "feature_code": "PPLA2",
        "country_code": "JP",
        "cou_name_en": "Japan",
        "population": 791707,
        "dem": 3,
        "timezone": "Asia/Tokyo",
        "modification_date": "2022-09-02"
      }
    },
    {
      "type": "Feature",
      "geometry": {
        "type": "Point",
        "coordinates": [
          130.41667,
          33.6
        ]
      },
      "properties": {
        "name": "Fukuoka",
        "ascii_name": "Fukuoka",
        "feature_class": "P",
        "feature_code": "PPLA",
        "country_code": "JP",
        "cou_name_en": "Japan",
        "population": 1612392,
        "dem": 3,
        "timezone": "Asia/Tokyo",
        "modification_date": "2024-12-02"
      }
    },
    {
      "type": "Feature",
      "geometry": {
        "type": "Point",
        "coordinates": [
          139.65657,
          35.90807
        ]
      },
      "properties": {
        "name": "Saitama",
        "ascii_name": "Saitama",
        "feature_class": "P",
        "feature_code": "PPLA",
        "country_code": "JP",
        "cou_name_en": "Japan",
        "population": 1324854,
        "dem": 16,
        "timezone": "Asia/Tokyo",
        "modification_date": "2025-02-18"
      }
    },
    {
      "type": "Feature",
      "geometry": {
        "type": "Point",
        "coordinates": [
          35.48333,
          33.9
        ]
      },
      "properties": {
        "geoname_id": "268743",
        "name": "Ra’s Bayrūt",
        "ascii_name": "Ra's Bayrut",
        "alternate_names": null,
        "feature_class": "P",
        "feature_code": "PPLX",
        "country_code": "LB",
        "cou_name_en": "Lebanon",
        "country_code_2": null,
        "admin1_code": "04",
        "admin2_code": null,
        "admin3_code": null,
        "admin4_code": null,
        "population": 1251739,
        "elevation": null,
        "dem": 35,
        "timezone": "Asia/Beirut",
        "modification_date": "2006-01-17",
        "label_en": "Lebanon"
      }
    },
    {
      "type": "Feature",
      "geometry": {
        "type": "Point",
        "coordinates": [
          -1.90858,
          34.68139
        ]
      },
      "properties": {
        "name": "Oujda",
        "ascii_name": "Oujda",
        "feature_class": "P",
        "feature_code": "PPLA",
        "country_code": "MA",
        "cou_name_en": "Morocco",
        "population": 539711,
        "dem": 549,
        "timezone": "Africa/Casablanca",
        "modification_date": "2025-08-27"
      }
    },
    {
      "type": "Feature",
      "geometry": {
        "type": "Point",
        "coordinates": [
          -99.19538,
          19.54005
        ]
      },
      "properties": {
        "name": "Tlalnepantla",
        "ascii_name": "Tlalnepantla",
        "feature_class": "P",
        "feature_code": "PPL",
        "country_code": "MX",
        "cou_name_en": "Mexico",
        "population": 653410,
        "dem": 2260,
        "timezone": "America/Mexico_City",
        "modification_date": "2024-01-02"
      }
    },
    {
      "type": "Feature",
      "geometry": {
        "type": "Point",
        "coordinates": [
          31.3,
          30.06667
        ]
      },
      "properties": {
        "name": "Madīnat an Naşr",
        "ascii_name": "Madinat an Nasr",
        "feature_class": "P",
        "feature_code": "PPLX",
        "country_code": "EG",
        "cou_name_en": "Egypt",
        "population": 668413,
        "dem": 47,
        "timezone": "Africa/Cairo",
        "modification_date": "2022-11-21"
      }
    },
    {
      "type": "Feature",
      "geometry": {
        "type": "Point",
        "coordinates": [
          2.15899,
          41.38879
        ]
      },
      "properties": {
        "name": "Barcelona",
        "ascii_name": "Barcelona",
        "feature_class": "P",
        "feature_code": "PPLA",
        "country_code": "ES",
        "cou_name_en": "Spain",
        "population": 1686208,
        "dem": 47,
        "timezone": "Europe/Madrid",
        "modification_date": "2025-10-22"
      }
    },
    {
      "type": "Feature",
      "geometry": {
        "type": "Point",
        "coordinates": [
          107.60694,
          -6.92222
        ]
      },
      "properties": {
        "name": "Bandung",
        "ascii_name": "Bandung",
        "feature_class": "P",
        "feature_code": "PPLA",
        "country_code": "ID",
        "cou_name_en": "Indonesia",
        "population": 2444160,
        "dem": 714,
        "timezone": "Asia/Jakarta",
        "modification_date": "2025-06-14"
      }
    },
    {
      "type": "Feature",
      "geometry": {
        "type": "Point",
        "coordinates": [
          77.6838,
          8.72742
        ]
      },
      "properties": {
        "name": "Tirunelveli",
        "ascii_name": "Tirunelveli",
        "feature_class": "P",
        "feature_code": "PPLA2",
        "country_code": "IN",
        "cou_name_en": "India",
        "population": 1435844,
        "dem": 49,
        "timezone": "Asia/Kolkata",
        "modification_date": "2024-01-06"
      }
    },
    {
      "type": "Feature",
      "geometry": {
        "type": "Point",
        "coordinates": [
          78.17337,
          26.22983
        ]
      },
      "properties": {
        "name": "Gwalior",
        "ascii_name": "Gwalior",
        "feature_class": "P",
        "feature_code": "PPL",
        "country_code": "IN",
        "cou_name_en": "India",
        "population": 1054420,
        "dem": 220,
        "timezone": "Asia/Kolkata",
        "modification_date": "2025-05-25"
      }
    },
    {
      "type": "Feature",
      "geometry": {
        "type": "Point",
        "coordinates": [
          77.23149,
          28.65195
        ]
      },
      "properties": {
        "name": "Delhi",
        "ascii_name": "Delhi",
        "feature_class": "P",
        "feature_code": "PPLA",
        "country_code": "IN",
        "cou_name_en": "India",
        "population": 11034555,
        "dem": 227,
        "timezone": "Asia/Kolkata",
        "modification_date": "2024-12-31"
      }
    },
    {
      "type": "Feature",
      "geometry": {
        "type": "Point",
        "coordinates": [
          73.05881,
          19.30023
        ]
      },
      "properties": {
        "name": "Bhiwandi",
        "ascii_name": "Bhiwandi",
        "feature_class": "P",
        "feature_code": "PPL",
        "country_code": "IN",
        "cou_name_en": "India",
        "population": 874032,
        "dem": 9,
        "timezone": "Asia/Kolkata",
        "modification_date": "2024-01-06"
      }
    },
    {
      "type": "Feature",
      "geometry": {
        "type": "Point",
        "coordinates": [
          46.25726,
          31.05799
        ]
      },
      "properties": {
        "name": "Nasiriyah",
        "ascii_name": "Nasiriyah",
        "feature_class": "P",
        "feature_code": "PPLA",
        "country_code": "IQ",
        "cou_name_en": "Iraq",
        "population": 558400,
        "dem": 7,
        "timezone": "Asia/Baghdad",
        "modification_date": "2024-02-14"
      }
    },
    {
      "type": "Feature",
      "geometry": {
        "type": "Point",
        "coordinates": [
          59.60567,
          36.29807
        ]
      },
      "properties": {
        "name": "Mashhad",
        "ascii_name": "Mashhad",
        "feature_class": "P",
        "feature_code": "PPLA",
        "country_code": "IR",
        "cou_name_en": "Iran, Islamic Rep. of",
        "population": 2307177,
        "dem": 980,
        "timezone": "Asia/Tehran",
        "modification_date": "2025-03-09"
      }
    },
    {
      "type": "Feature",
      "geometry": {
        "type": "Point",
        "coordinates": [
          -115.45446,
          32.62781
        ]
      },
      "properties": {
        "name": "Mexicali",
        "ascii_name": "Mexicali",
        "feature_class": "P",
        "feature_code": "PPLA",
        "country_code": "MX",
        "cou_name_en": "Mexico",
        "population": 1032686,
        "dem": 4,
        "timezone": "America/Tijuana",
        "modification_date": "2022-09-25"
      }
    },
    {
      "type": "Feature",
      "geometry": {
        "type": "Point",
        "coordinates": [
          -106.46084,
          31.72024
        ]
      },
      "properties": {
        "name": "Ciudad Juárez",
        "ascii_name": "Ciudad Juarez",
        "feature_class": "P",
        "feature_code": "PPLA2",
        "country_code": "MX",
        "cou_name_en": "Mexico",
        "population": 1512450,
        "dem": 1124,
        "timezone": "America/Ciudad_Juarez",
        "modification_date": "2025-08-01"
      }
    },
    {
      "type": "Feature",
      "geometry": {
        "type": "Point",
        "coordinates": [
          80.27921,
          41.18418
        ]
      },
      "properties": {
        "name": "Aqsu",
        "ascii_name": "Aqsu",
        "feature_class": "P",
        "feature_code": "PPLA2",
        "country_code": "CN",
        "cou_name_en": "China",
        "population": 535657,
        "dem": 1119,
        "timezone": "Asia/Urumqi",
        "modification_date": "2025-01-10"
      }
    },
    {
      "type": "Feature",
      "geometry": {
        "type": "Point",
        "coordinates": [
          106.90722,
          27.68667
        ]
      },
      "properties": {
        "name": "Zunyi",
        "ascii_name": "Zunyi",
        "feature_class": "P",
        "feature_code": "PPLA2",
        "country_code": "CN",
        "cou_name_en": "China",
        "population": 2037775,
        "dem": 867,
        "timezone": "Asia/Shanghai",
        "modification_date": "2021-10-14"
      }
    },
    {
      "type": "Feature",
      "geometry": {
        "type": "Point",
        "coordinates": [
          118.06333,
          36.79056
        ]
      },
      "properties": {
        "name": "Zibo",
        "ascii_name": "Zibo",
        "feature_class": "P",
        "feature_code": "PPL",
        "country_code": "CN",
        "cou_name_en": "China",
        "population": 3129228,
        "dem": 51,
        "timezone": "Asia/Shanghai",
        "modification_date": "2024-07-20"
      }
    },
    {
      "type": "Feature",
      "geometry": {
        "type": "Point",
        "coordinates": [
          106.27306,
          38.46806
        ]
      },
      "properties": {
        "name": "Yinchuan",
        "ascii_name": "Yinchuan",
        "feature_class": "P",
        "feature_code": "PPLA",
        "country_code": "CN",
        "cou_name_en": "China",
        "population": 1487579,
        "dem": 1117,
        "timezone": "Asia/Shanghai",
        "modification_date": "2023-12-29"
      }
    },
    {
      "type": "Feature",
      "geometry": {
        "type": "Point",
        "coordinates": [
          108.65061,
          21.98247
        ]
      },
      "properties": {
        "name": "Qinzhou",
        "ascii_name": "Qinzhou",
        "feature_class": "P",
        "feature_code": "PPLA2",
        "country_code": "CN",
        "cou_name_en": "China",
        "population": 1296300,
        "dem": 12,
        "timezone": "Asia/Shanghai",
        "modification_date": "2021-10-13"
      }
    },
    {
      "type": "Feature",
      "geometry": {
        "type": "Point",
        "coordinates": [
          120.87472,
          32.03028
        ]
      },
      "properties": {
        "name": "Nantong",
        "ascii_name": "Nantong",
        "feature_class": "P",
        "feature_code": "PPLA2",
        "country_code": "CN",
        "cou_name_en": "China",
        "population": 2273326,
        "dem": 6,
        "timezone": "Asia/Shanghai",
        "modification_date": "2025-03-09"
      }
    },
    {
      "type": "Feature",
      "geometry": {
        "type": "Point",
        "coordinates": [
          118.77778,
          32.06167
        ]
      },
      "properties": {
        "name": "Nanjing",
        "ascii_name": "Nanjing",
        "feature_class": "P",
        "feature_code": "PPLA",
        "country_code": "CN",
        "cou_name_en": "China",
        "population": 9314685,
        "dem": 22,
        "timezone": "Asia/Shanghai",
        "modification_date": "2024-03-26"
      }
    },
    {
      "type": "Feature",
      "geometry": {
        "type": "Point",
        "coordinates": [
          109.40698,
          24.32405
        ]
      },
      "properties": {
        "name": "Liuzhou",
        "ascii_name": "Liuzhou",
        "feature_class": "P",
        "feature_code": "PPLA2",
        "country_code": "CN",
        "cou_name_en": "China",
        "population": 1436599,
        "dem": 102,
        "timezone": "Asia/Shanghai",
        "modification_date": "2025-11-15"
      }
    },
    {
      "type": "Feature",
      "geometry": {
        "type": "Point",
        "coordinates": [
          109.59472,
          23.11603
        ]
      },
      "properties": {
        "name": "Guigang",
        "ascii_name": "Guigang",
        "feature_class": "P",
        "feature_code": "PPLA2",
        "country_code": "CN",
        "cou_name_en": "China",
        "population": 1086327,
        "dem": 40,
        "timezone": "Asia/Shanghai",
        "modification_date": "2021-10-14"
      }
    },
    {
      "type": "Feature",
      "geometry": {
        "type": "Point",
        "coordinates": [
          104.38198,
          31.13019
        ]
      },
      "properties": {
        "name": "Deyang",
        "ascii_name": "Deyang",
        "feature_class": "P",
        "feature_code": "PPLA2",
        "country_code": "CN",
        "cou_name_en": "China",
        "population": 735070,
        "dem": 501,
        "timezone": "Asia/Shanghai",
        "modification_date": "2021-10-19"
      }
    },
    {
      "type": "Feature",
      "geometry": {
        "type": "Point",
        "coordinates": [
          117.47783,
          30.66134
        ]
      },
      "properties": {
        "name": "Chizhou",
        "ascii_name": "Chizhou",
        "feature_class": "P",
        "feature_code": "PPLA2",
        "country_code": "CN",
        "cou_name_en": "China",
        "population": 615274,
        "dem": 21,
        "timezone": "Asia/Shanghai",
        "modification_date": "2025-03-13"
      }
    },
    {
      "type": "Feature",
      "geometry": {
        "type": "Point",
        "coordinates": [
          116.62262,
          23.65396
        ]
      },
      "properties": {
        "name": "Chaozhou",
        "ascii_name": "Chaozhou",
        "feature_class": "P",
        "feature_code": "PPLA2",
        "country_code": "CN",
        "cou_name_en": "China",
        "population": 1750945,
        "dem": 23,
        "timezone": "Asia/Shanghai",
        "modification_date": "2021-10-07"
      }
    },
    {
      "type": "Feature",
      "geometry": {
        "type": "Point",
        "coordinates": [
          117.36083,
          32.94083
        ]
      },
      "properties": {
        "name": "Bengbu",
        "ascii_name": "Bengbu",
        "feature_class": "P",
        "feature_code": "PPL",
        "country_code": "CN",
        "cou_name_en": "China",
        "population": 972784,
        "dem": 31,
        "timezone": "Asia/Shanghai",
        "modification_date": "2021-10-07"
      }
    },
    {
      "type": "Feature",
      "geometry": {
        "type": "Point",
        "coordinates": [
          120.59538,
          31.30408
        ]
      },
      "properties": {
        "name": "Suzhou",
        "ascii_name": "Suzhou",
        "feature_class": "P",
        "feature_code": "PPLA2",
        "country_code": "CN",
        "cou_name_en": "China",
        "population": 6715559,
        "dem": 10,
        "timezone": "Asia/Shanghai",
        "modification_date": "2024-03-26"
      }
    },
    {
      "type": "Feature",
      "geometry": {
        "type": "Point",
        "coordinates": [
          124.37785,
          43.16143
        ]
      },
      "properties": {
        "name": "Siping",
        "ascii_name": "Siping",
        "feature_class": "P",
        "feature_code": "PPL",
        "country_code": "CN",
        "cou_name_en": "China",
        "population": 555609,
        "dem": 176,
        "timezone": "Asia/Shanghai",
        "modification_date": "2021-09-20"
      }
    },
    {
      "type": "Feature",
      "geometry": {
        "type": "Point",
        "coordinates": [
          125.32278,
          43.88
        ]
      },
      "properties": {
        "name": "Changchun",
        "ascii_name": "Changchun",
        "feature_class": "P",
        "feature_code": "PPLA",
        "country_code": "CN",
        "cou_name_en": "China",
        "population": 4714996,
        "dem": 206,
        "timezone": "Asia/Shanghai",
        "modification_date": "2025-02-23"
      }
    },
    {
      "type": "Feature",
      "geometry": {
        "type": "Point",
        "coordinates": [
          117.28386,
          34.20442
        ]
      },
      "properties": {
        "name": "Xuzhou",
        "ascii_name": "Xuzhou",
        "feature_class": "P",
        "feature_code": "PPLA2",
        "country_code": "CN",
        "cou_name_en": "China",
        "population": 1253991,
        "dem": 35,
        "timezone": "Asia/Shanghai",
        "modification_date": "2025-05-08"
      }
    },
    {
      "type": "Feature",
      "geometry": {
        "type": "Point",
        "coordinates": [
          -43.31167,
          -22.78556
        ]
      },
      "properties": {
        "name": "Duque de Caxias",
        "ascii_name": "Duque de Caxias",
        "feature_class": "P",
        "feature_code": "PPL",
        "country_code": "BR",
        "cou_name_en": "Brazil",
        "population": 818329,
        "dem": 15,
        "timezone": "America/Sao_Paulo",
        "modification_date": "2014-11-03"
      }
    },
    {
      "type": "Feature",
      "geometry": {
        "type": "Point",
        "coordinates": [
          -97.14704,
          49.8844
        ]
      },
      "properties": {
        "name": "Winnipeg",
        "ascii_name": "Winnipeg",
        "feature_class": "P",
        "feature_code": "PPLA",
        "country_code": "CA",
        "cou_name_en": "Canada",
        "population": 749607,
        "dem": 245,
        "timezone": "America/Winnipeg",
        "modification_date": "2022-08-11"
      }
    },
    {
      "type": "Feature",
      "geometry": {
        "type": "Point",
        "coordinates": [
          26.7384,
          -10.98303
        ]
      },
      "properties": {
        "name": "Likasi",
        "ascii_name": "Likasi",
        "feature_class": "P",
        "feature_code": "PPL",
        "country_code": "CD",
        "cou_name_en": "Congo, Democratic Republic of the",
        "population": 635768,
        "dem": 1288,
        "timezone": "Africa/Lubumbashi",
        "modification_date": "2023-11-29"
      }
    },
    {
      "type": "Feature",
      "geometry": {
        "type": "Point",
        "coordinates": [
          12.19476,
          -5.56198
        ]
      },
      "properties": {
        "name": "Cabinda",
        "ascii_name": "Cabinda",
        "feature_class": "P",
        "feature_code": "PPLA",
        "country_code": "AO",
        "cou_name_en": "Angola",
        "population": 550000,
        "dem": 1,
        "timezone": "Africa/Luanda",
        "modification_date": "2025-04-02"
      }
    },
    {
      "type": "Feature",
      "geometry": {
        "type": "Point",
        "coordinates": [
          135.183,
          34.6913
        ]
      },
      "properties": {
        "name": "Kobe",
        "ascii_name": "Kobe",
        "feature_class": "P",
        "feature_code": "PPLA",
        "country_code": "JP",
        "cou_name_en": "Japan",
        "population": 1525152,
        "dem": 35,
        "timezone": "Asia/Tokyo",
        "modification_date": "2024-12-04"
      }
    },
    {
      "type": "Feature",
      "geometry": {
        "type": "Point",
        "coordinates": [
          126.835,
          37.65639
        ]
      },
      "properties": {
        "name": "Goyang-si",
        "ascii_name": "Goyang-si",
        "feature_class": "P",
        "feature_code": "PPLA2",
        "country_code": "KR",
        "cou_name_en": "Korea, Republic of",
        "population": 1061752,
        "dem": 19,
        "timezone": "Asia/Seoul",
        "modification_date": "2025-09-30"
      }
    },
    {
      "type": "Feature",
      "geometry": {
        "type": "Point",
        "coordinates": [
          126.8169,
          37.20682
        ]
      },
      "properties": {
        "name": "Hwaseong-si",
        "ascii_name": "Hwaseong-si",
        "feature_class": "P",
        "feature_code": "PPL",
        "country_code": "KR",
        "cou_name_en": "Korea, Republic of",
        "population": 640890,
        "dem": 19,
        "timezone": "Asia/Seoul",
        "modification_date": "2023-06-28"
      }
    },
    {
      "type": "Feature",
      "geometry": {
        "type": "Point",
        "coordinates": [
          109.325,
          -0.03194
        ]
      },
      "properties": {
        "name": "Pontianak",
        "ascii_name": "Pontianak",
        "feature_class": "P",
        "feature_code": "PPLA",
        "country_code": "ID",
        "cou_name_en": "Indonesia",
        "population": 658685,
        "dem": 2,
        "timezone": "Asia/Pontianak",
        "modification_date": "2025-05-08"
      }
    },
    {
      "type": "Feature",
      "geometry": {
        "type": "Point",
        "coordinates": [
          79.58333,
          18
        ]
      },
      "properties": {
        "name": "Warangal",
        "ascii_name": "Warangal",
        "feature_class": "P",
        "feature_code": "PPLA2",
        "country_code": "IN",
        "cou_name_en": "India",
        "population": 704570,
        "dem": 258,
        "timezone": "Asia/Kolkata",
        "modification_date": "2025-08-05"
      }
    },
    {
      "type": "Feature",
      "geometry": {
        "type": "Point",
        "coordinates": [
          73.80696,
          18.62292
        ]
      },
      "properties": {
        "name": "Pimpri",
        "ascii_name": "Pimpri",
        "feature_class": "P",
        "feature_code": "PPL",
        "country_code": "IN",
        "cou_name_en": "India",
        "population": 1284606,
        "dem": 571,
        "timezone": "Asia/Kolkata",
        "modification_date": "2024-01-06"
      }
    },
    {
      "type": "Feature",
      "geometry": {
        "type": "Point",
        "coordinates": [
          77.31497,
          19.16023
        ]
      },
      "properties": {
        "name": "Nanded",
        "ascii_name": "Nanded",
        "feature_class": "P",
        "feature_code": "PPL",
        "country_code": "IN",
        "cou_name_en": "India",
        "population": 550564,
        "dem": 363,
        "timezone": "Asia/Kolkata",
        "modification_date": "2024-01-06"
      }
    },
    {
      "type": "Feature",
      "geometry": {
        "type": "Point",
        "coordinates": [
          74.86167,
          32.73528
        ]
      },
      "properties": {
        "name": "Jammu",
        "ascii_name": "Jammu",
        "feature_class": "P",
        "feature_code": "PPLA",
        "country_code": "IN",
        "cou_name_en": "India",
        "population": 576198,
        "dem": 357,
        "timezone": "Asia/Kolkata",
        "modification_date": "2025-05-24"
      }
    },
    {
      "type": "Feature",
      "geometry": {
        "type": "Point",
        "coordinates": [
          72.15331,
          21.76287
        ]
      },
      "properties": {
        "name": "Bhavnagar",
        "ascii_name": "Bhavnagar",
        "feature_class": "P",
        "feature_code": "PPL",
        "country_code": "IN",
        "cou_name_en": "India",
        "population": 605882,
        "dem": 24,
        "timezone": "Asia/Kolkata",
        "modification_date": "2024-01-06"
      }
    },
    {
      "type": "Feature",
      "geometry": {
        "type": "Point",
        "coordinates": [
          73.80375,
          18.61867
        ]
      },
      "properties": {
        "name": "Pimpri-Chinchwad",
        "ascii_name": "Pimpri-Chinchwad",
        "feature_class": "P",
        "feature_code": "PPL",
        "country_code": "IN",
        "cou_name_en": "India",
        "population": 1727692,
        "dem": 568,
        "timezone": "Asia/Kolkata",
        "modification_date": "2025-05-25"
      }
    },
    {
      "type": "Feature",
      "geometry": {
        "type": "Point",
        "coordinates": [
          78.95925,
          11.73379
        ]
      },
      "properties": {
        "geoname_id": "12165956",
        "name": "Kallakurichi",
        "ascii_name": "Kallakurichi",
        "alternate_names": null,
        "feature_class": "P",
        "feature_code": "PPLA2",
        "country_code": "IN",
        "cou_name_en": "India",
        "country_code_2": null,
        "admin1_code": "25",
        "admin2_code": "729",
        "admin3_code": 5734,
        "admin4_code": null,
        "population": 1682687,
        "elevation": null,
        "dem": 124,
        "timezone": "Asia/Kolkata",
        "modification_date": "2024-01-06",
        "label_en": "India"
      }
    },
    {
      "type": "Feature",
      "geometry": {
        "type": "Point",
        "coordinates": [
          103.66667,
          1.53333
        ]
      },
      "properties": {
        "name": "Mukim Pulai",
        "ascii_name": "Mukim Pulai",
        "feature_class": "P",
        "feature_code": "PPL",
        "country_code": "MY",
        "cou_name_en": "Malaysia",
        "population": 505661,
        "dem": 9,
        "timezone": "Asia/Kuala_Lumpur",
        "modification_date": "2024-04-23"
      }
    },
    {
      "type": "Feature",
      "geometry": {
        "type": "Point",
        "coordinates": [
          34.83889,
          -19.84361
        ]
      },
      "properties": {
        "name": "Beira",
        "ascii_name": "Beira",
        "feature_class": "P",
        "feature_code": "PPLA",
        "country_code": "MZ",
        "cou_name_en": "Mozambique",
        "population": 687764,
        "dem": 6,
        "timezone": "Africa/Maputo",
        "modification_date": "2024-01-18"
      }
    },
    {
      "type": "Feature",
      "geometry": {
        "type": "Point",
        "coordinates": [
          -87.90647,
          43.0389
        ]
      },
      "properties": {
        "name": "Milwaukee",
        "ascii_name": "Milwaukee",
        "feature_class": "P",
        "feature_code": "PPLA2",
        "country_code": "US",
        "cou_name_en": "United States",
        "population": 563531,
        "dem": 203,
        "timezone": "America/Chicago",
        "modification_date": "2025-06-25"
      }
    },
    {
      "type": "Feature",
      "geometry": {
        "type": "Point",
        "coordinates": [
          -97.74306,
          30.26715
        ]
      },
      "properties": {
        "name": "Austin",
        "ascii_name": "Austin",
        "feature_class": "P",
        "feature_code": "PPLA",
        "country_code": "US",
        "cou_name_en": "United States",
        "population": 974447,
        "dem": 165,
        "timezone": "America/Chicago",
        "modification_date": "2025-04-14"
      }
    },
    {
      "type": "Feature",
      "geometry": {
        "type": "Point",
        "coordinates": [
          60.61529,
          56.85733
        ]
      },
      "properties": {
        "name": "Yekaterinburg",
        "ascii_name": "Yekaterinburg",
        "feature_class": "P",
        "feature_code": "PPLA",
        "country_code": "RU",
        "cou_name_en": "Russian Federation",
        "population": 1495066,
        "dem": 278,
        "timezone": "Asia/Yekaterinburg",
        "modification_date": "2025-09-09"
      }
    },
    {
      "type": "Feature",
      "geometry": {
        "type": "Point",
        "coordinates": [
          73.36859,
          54.99244
        ]
      },
      "properties": {
        "name": "Omsk",
        "ascii_name": "Omsk",
        "feature_class": "P",
        "feature_code": "PPLA",
        "country_code": "RU",
        "cou_name_en": "Russian Federation",
        "population": 1172070,
        "dem": 90,
        "timezone": "Asia/Omsk",
        "modification_date": "2022-09-17"
      }
    },
    {
      "type": "Feature",
      "geometry": {
        "type": "Point",
        "coordinates": [
          26.10626,
          44.43225
        ]
      },
      "properties": {
        "name": "Bucharest",
        "ascii_name": "Bucharest",
        "feature_class": "P",
        "feature_code": "PPLC",
        "country_code": "RO",
        "cou_name_en": "Romania",
        "population": 1877155,
        "dem": 83,
        "timezone": "Europe/Bucharest",
        "modification_date": "2016-02-07"
      }
    },
    {
      "type": "Feature",
      "geometry": {
        "type": "Point",
        "coordinates": [
          67.00141,
          30.18414
        ]
      },
      "properties": {
        "name": "Quetta",
        "ascii_name": "Quetta",
        "feature_class": "P",
        "feature_code": "PPLA",
        "country_code": "PK",
        "cou_name_en": "Pakistan",
        "population": 1565546,
        "dem": 1683,
        "timezone": "Asia/Karachi",
        "modification_date": "2025-02-04"
      }
    },
    {
      "type": "Feature",
      "geometry": {
        "type": "Point",
        "coordinates": [
          69.21627,
          41.26465
        ]
      },
      "properties": {
        "name": "Tashkent",
        "ascii_name": "Tashkent",
        "feature_class": "P",
        "feature_code": "PPLC",
        "country_code": "UZ",
        "cou_name_en": "Uzbekistan",
        "population": 1978028,
        "dem": 424,
        "timezone": "Asia/Tashkent",
        "modification_date": "2024-06-22"
      }
    },
    {
      "type": "Feature",
      "geometry": {
        "type": "Point",
        "coordinates": [
          44.18333,
          13.96667
        ]
      },
      "properties": {
        "name": "Ibb",
        "ascii_name": "Ibb",
        "feature_class": "P",
        "feature_code": "PPLA",
        "country_code": "YE",
        "cou_name_en": "Yemen",
        "population": 771514,
        "dem": 1931,
        "timezone": "Asia/Aden",
        "modification_date": "2025-06-20"
      }
    },
    {
      "type": "Feature",
      "geometry": {
        "type": "Point",
        "coordinates": [
          27.85,
          -26.53333
        ]
      },
      "properties": {
        "name": "Evaton",
        "ascii_name": "Evaton",
        "feature_class": "P",
        "feature_code": "PPL",
        "country_code": "ZA",
        "cou_name_en": "South Africa",
        "population": 725468,
        "dem": 1513,
        "timezone": "Africa/Johannesburg",
        "modification_date": "2024-12-02"
      }
    },
    {
      "type": "Feature",
      "geometry": {
        "type": "Point",
        "coordinates": [
          117.17667,
          39.14222
        ]
      },
      "properties": {
        "name": "Tianjin",
        "ascii_name": "Tianjin",
        "feature_class": "P",
        "feature_code": "PPLA",
        "country_code": "CN",
        "cou_name_en": "China",
        "population": 11090314,
        "dem": 11,
        "timezone": "Asia/Shanghai",
        "modification_date": "2024-03-27"
      }
    },
    {
      "type": "Feature",
      "geometry": {
        "type": "Point",
        "coordinates": [
          117.64694,
          39.02111
        ]
      },
      "properties": {
        "name": "Tanggu",
        "ascii_name": "Tanggu",
        "feature_class": "P",
        "feature_code": "PPL",
        "country_code": "CN",
        "cou_name_en": "China",
        "population": 535298,
        "dem": 6,
        "timezone": "Asia/Shanghai",
        "modification_date": "2021-09-20"
      }
    },
    {
      "type": "Feature",
      "geometry": {
        "type": "Point",
        "coordinates": [
          103.83987,
          36.05701
        ]
      },
      "properties": {
        "name": "Lanzhou",
        "ascii_name": "Lanzhou",
        "feature_class": "P",
        "feature_code": "PPLA",
        "country_code": "CN",
        "cou_name_en": "China",
        "population": 3000000,
        "dem": 1521,
        "timezone": "Asia/Shanghai",
        "modification_date": "2025-03-09"
      }
    },
    {
      "type": "Feature",
      "geometry": {
        "type": "Point",
        "coordinates": [
          113.74866,
          23.01797
        ]
      },
      "properties": {
        "name": "Dongguan",
        "ascii_name": "Dongguan",
        "feature_class": "P",
        "feature_code": "PPLA2",
        "country_code": "CN",
        "cou_name_en": "China",
        "population": 9644871,
        "dem": 1,
        "timezone": "Asia/Shanghai",
        "modification_date": "2024-03-26"
      }
    },
    {
      "type": "Feature",
      "geometry": {
        "type": "Point",
        "coordinates": [
          111.73861,
          35.20889
        ]
      },
      "properties": {
        "name": "Changzhi",
        "ascii_name": "Changzhi",
        "feature_class": "P",
        "feature_code": "PPL",
        "country_code": "CN",
        "cou_name_en": "China",
        "population": 699514,
        "dem": 381,
        "timezone": "Asia/Shanghai",
        "modification_date": "2021-09-20"
      }
    },
    {
      "type": "Feature",
      "geometry": {
        "type": "Point",
        "coordinates": [
          113.37912,
          22.52306
        ]
      },
      "properties": {
        "name": "Zhongshan",
        "ascii_name": "Zhongshan",
        "feature_class": "P",
        "feature_code": "PPLA2",
        "country_code": "CN",
        "cou_name_en": "China",
        "population": 3841873,
        "dem": 9,
        "timezone": "Asia/Shanghai",
        "modification_date": "2024-10-08"
      }
    },
    {
      "type": "Feature",
      "geometry": {
        "type": "Point",
        "coordinates": [
          109.78157,
          39.6086
        ]
      },
      "properties": {
        "name": "Ordos",
        "ascii_name": "Ordos",
        "feature_class": "P",
        "feature_code": "PPL",
        "country_code": "CN",
        "cou_name_en": "China",
        "population": 1940653,
        "dem": 1310,
        "timezone": "Asia/Shanghai",
        "modification_date": "2021-09-20"
      }
    },
    {
      "type": "Feature",
      "geometry": {
        "type": "Point",
        "coordinates": [
          115.04363,
          35.75641
        ]
      },
      "properties": {
        "name": "Puyang",
        "ascii_name": "Puyang",
        "feature_class": "P",
        "feature_code": "PPLA2",
        "country_code": "CN",
        "cou_name_en": "China",
        "population": 655674,
        "dem": 60,
        "timezone": "Asia/Shanghai",
        "modification_date": "2025-05-15"
      }
    },
    {
      "type": "Feature",
      "geometry": {
        "type": "Point",
        "coordinates": [
          -48.27722,
          -18.91861
        ]
      },
      "properties": {
        "name": "Uberlândia",
        "ascii_name": "Uberlandia",
        "feature_class": "P",
        "feature_code": "PPL",
        "country_code": "BR",
        "cou_name_en": "Brazil",
        "population": 563536,
        "dem": 867,
        "timezone": "America/Sao_Paulo",
        "modification_date": "2015-08-15"
      }
    },
    {
      "type": "Feature",
      "geometry": {
        "type": "Point",
        "coordinates": [
          -46.63611,
          -23.5475
        ]
      },
      "properties": {
        "name": "São Paulo",
        "ascii_name": "Sao Paulo",
        "feature_class": "P",
        "feature_code": "PPLA",
        "country_code": "BR",
        "cou_name_en": "Brazil",
        "population": 12400232,
        "dem": 769,
        "timezone": "America/Sao_Paulo",
        "modification_date": "2025-04-07"
      }
    },
    {
      "type": "Feature",
      "geometry": {
        "type": "Point",
        "coordinates": [
          -37.07167,
          -10.91111
        ]
      },
      "properties": {
        "name": "Aracaju",
        "ascii_name": "Aracaju",
        "feature_class": "P",
        "feature_code": "PPLA",
        "country_code": "BR",
        "cou_name_en": "Brazil",
        "population": 664908,
        "dem": 11,
        "timezone": "America/Maceio",
        "modification_date": "2023-02-21"
      }
    },
    {
      "type": "Feature",
      "geometry": {
        "type": "Point",
        "coordinates": [
          69.17233,
          34.52813
        ]
      },
      "properties": {
        "name": "Kabul",
        "ascii_name": "Kabul",
        "feature_class": "P",
        "feature_code": "PPLC",
        "country_code": "AF",
        "cou_name_en": "Afghanistan",
        "population": 4434550,
        "dem": 1798,
        "timezone": "Asia/Kabul",
        "modification_date": "2024-11-12"
      }
    },
    {
      "type": "Feature",
      "geometry": {
        "type": "Point",
        "coordinates": [
          151.7801,
          -32.92953
        ]
      },
      "properties": {
        "name": "Newcastle",
        "ascii_name": "Newcastle",
        "feature_class": "P",
        "feature_code": "PPLA2",
        "country_code": "AU",
        "cou_name_en": "Australia",
        "population": 508437,
        "dem": 48,
        "timezone": "Australia/Sydney",
        "modification_date": "2025-06-10"
      }
    },
    {
      "type": "Feature",
      "geometry": {
        "type": "Point",
        "coordinates": [
          15.28318,
          -4.26613
        ]
      },
      "properties": {
        "name": "Brazzaville",
        "ascii_name": "Brazzaville",
        "feature_class": "P",
        "feature_code": "PPLC",
        "country_code": "CG",
        "cou_name_en": "Congo",
        "population": 1982000,
        "dem": 284,
        "timezone": "Africa/Brazzaville",
        "modification_date": "2025-10-31"
      }
    },
    {
      "type": "Feature",
      "geometry": {
        "type": "Point",
        "coordinates": [
          9.70428,
          4.04827
        ]
      },
      "properties": {
        "name": "Douala",
        "ascii_name": "Douala",
        "feature_class": "P",
        "feature_code": "PPLA",
        "country_code": "CM",
        "cou_name_en": "Cameroon",
        "population": 1338082,
        "dem": 19,
        "timezone": "Africa/Douala",
        "modification_date": "2024-07-20"
      }
    },
    {
      "type": "Feature",
      "geometry": {
        "type": "Point",
        "coordinates": [
          111.61306,
          26.42389
        ]
      },
      "properties": {
        "name": "Yongzhou",
        "ascii_name": "Yongzhou",
        "feature_class": "P",
        "feature_code": "PPLA2",
        "country_code": "CN",
        "cou_name_en": "China",
        "population": 1020715,
        "dem": 101,
        "timezone": "Asia/Shanghai",
        "modification_date": "2024-07-13"
      }
    },
    {
      "type": "Feature",
      "geometry": {
        "type": "Point",
        "coordinates": [
          111.28472,
          30.71444
        ]
      },
      "properties": {
        "name": "Yichang",
        "ascii_name": "Yichang",
        "feature_class": "P",
        "feature_code": "PPLA2",
        "country_code": "CN",
        "cou_name_en": "China",
        "population": 1350150,
        "dem": 63,
        "timezone": "Asia/Shanghai",
        "modification_date": "2021-10-12"
      }
    },
    {
      "type": "Feature",
      "geometry": {
        "type": "Point",
        "coordinates": [
          113.80151,
          35.19033
        ]
      },
      "properties": {
        "name": "Xinxiang",
        "ascii_name": "Xinxiang",
        "feature_class": "P",
        "feature_code": "PPLA2",
        "country_code": "CN",
        "cou_name_en": "China",
        "population": 1047088,
        "dem": 82,
        "timezone": "Asia/Shanghai",
        "modification_date": "2025-08-19"
      }
    },
    {
      "type": "Feature",
      "geometry": {
        "type": "Point",
        "coordinates": [
          114.32201,
          29.84347
        ]
      },
      "properties": {
        "name": "Xianning",
        "ascii_name": "Xianning",
        "feature_class": "P",
        "feature_code": "PPLA2",
        "country_code": "CN",
        "cou_name_en": "China",
        "population": 512517,
        "dem": 30,
        "timezone": "Asia/Shanghai",
        "modification_date": "2025-08-19"
      }
    },
    {
      "type": "Feature",
      "geometry": {
        "type": "Point",
        "coordinates": [
          111.69844,
          29.03205
        ]
      },
      "properties": {
        "name": "Changde",
        "ascii_name": "Changde",
        "feature_class": "P",
        "feature_code": "PPLA3",
        "country_code": "CN",
        "cou_name_en": "China",
        "population": 1457419,
        "dem": 38,
        "timezone": "Asia/Shanghai",
        "modification_date": "2025-03-18"
      }
    },
    {
      "type": "Feature",
      "geometry": {
        "type": "Point",
        "coordinates": [
          117.61861,
          26.24861
        ]
      },
      "properties": {
        "name": "Sanming",
        "ascii_name": "Sanming",
        "feature_class": "P",
        "feature_code": "PPLA2",
        "country_code": "CN",
        "cou_name_en": "China",
        "population": 602166,
        "dem": 126,
        "timezone": "Asia/Shanghai",
        "modification_date": "2021-10-08"
      }
    },
    {
      "type": "Feature",
      "geometry": {
        "type": "Point",
        "coordinates": [
          112.68492,
          22.38124
        ]
      },
      "properties": {
        "name": "Changsha",
        "ascii_name": "Changsha",
        "feature_class": "P",
        "feature_code": "PPLA3",
        "country_code": "CN",
        "cou_name_en": "China",
        "population": 688242,
        "dem": 6,
        "timezone": "Asia/Shanghai",
        "modification_date": "2024-07-12"
      }
    },
    {
      "type": "Feature",
      "geometry": {
        "type": "Point",
        "coordinates": [
          106.68611,
          35.53917
        ]
      },
      "properties": {
        "name": "Pingliang",
        "ascii_name": "Pingliang",
        "feature_class": "P",
        "feature_code": "PPLA2",
        "country_code": "CN",
        "cou_name_en": "China",
        "population": 504848,
        "dem": 1354,
        "timezone": "Asia/Shanghai",
        "modification_date": "2021-11-11"
      }
    },
    {
      "type": "Feature",
      "geometry": {
        "type": "Point",
        "coordinates": [
          113.30119,
          33.73847
        ]
      },
      "properties": {
        "name": "Pingdingshan",
        "ascii_name": "Pingdingshan",
        "feature_class": "P",
        "feature_code": "PPL",
        "country_code": "CN",
        "cou_name_en": "China",
        "population": 979130,
        "dem": 88,
        "timezone": "Asia/Shanghai",
        "modification_date": "2021-10-20"
      }
    },
    {
      "type": "Feature",
      "geometry": {
        "type": "Point",
        "coordinates": [
          113.08333,
          22.58333
        ]
      },
      "properties": {
        "name": "Jiangmen",
        "ascii_name": "Jiangmen",
        "feature_class": "P",
        "feature_code": "PPLA2",
        "country_code": "CN",
        "cou_name_en": "China",
        "population": 1795459,
        "dem": 11,
        "timezone": "Asia/Shanghai",
        "modification_date": "2021-12-13"
      }
    },
    {
      "type": "Feature",
      "geometry": {
        "type": "Point",
        "coordinates": [
          115.46246,
          38.87288
        ]
      },
      "properties": {
        "name": "Baoding",
        "ascii_name": "Baoding",
        "feature_class": "P",
        "feature_code": "PPLA2",
        "country_code": "CN",
        "cou_name_en": "China",
        "population": 2739887,
        "dem": 15,
        "timezone": "Asia/Shanghai",
        "modification_date": "2025-11-04"
      }
    },
    {
      "type": "Feature",
      "geometry": {
        "type": "Point",
        "coordinates": [
          126.65,
          45.75
        ]
      },
      "properties": {
        "name": "Harbin",
        "ascii_name": "Harbin",
        "feature_class": "P",
        "feature_code": "PPLA",
        "country_code": "CN",
        "cou_name_en": "China",
        "population": 5242897,
        "dem": 140,
        "timezone": "Asia/Shanghai",
        "modification_date": "2024-07-13"
      }
    },
    {
      "type": "Feature",
      "geometry": {
        "type": "Point",
        "coordinates": [
          121.43312,
          28.66266
        ]
      },
      "properties": {
        "name": "Taizhou",
        "ascii_name": "Taizhou",
        "feature_class": "P",
        "feature_code": "PPLA2",
        "country_code": "CN",
        "cou_name_en": "China",
        "population": 1485502,
        "dem": 15,
        "timezone": "Asia/Shanghai",
        "modification_date": "2021-12-13"
      }
    },
    {
      "type": "Feature",
      "geometry": {
        "type": "Point",
        "coordinates": [
          -44.30278,
          -2.52972
        ]
      },
      "properties": {
        "name": "São Luís",
        "ascii_name": "Sao Luis",
        "feature_class": "P",
        "feature_code": "PPLA",
        "country_code": "BR",
        "cou_name_en": "Brazil",
        "population": 917237,
        "dem": 29,
        "timezone": "America/Fortaleza",
        "modification_date": "2017-12-27"
      }
    },
    {
      "type": "Feature",
      "geometry": {
        "type": "Point",
        "coordinates": [
          -48.54917,
          -27.59667
        ]
      },
      "properties": {
        "name": "Florianópolis",
        "ascii_name": "Florianopolis",
        "feature_class": "P",
        "feature_code": "PPLA",
        "country_code": "BR",
        "cou_name_en": "Brazil",
        "population": 508826,
        "dem": 26,
        "timezone": "America/Sao_Paulo",
        "modification_date": "2023-02-21"
      }
    },
    {
      "type": "Feature",
      "geometry": {
        "type": "Point",
        "coordinates": [
          140.86667,
          38.26667
        ]
      },
      "properties": {
        "name": "Sendai",
        "ascii_name": "Sendai",
        "feature_class": "P",
        "feature_code": "PPLA",
        "country_code": "JP",
        "cou_name_en": "Japan",
        "population": 1096704,
        "dem": 53,
        "timezone": "Asia/Tokyo",
        "modification_date": "2022-08-15"
      }
    },
    {
      "type": "Feature",
      "geometry": {
        "type": "Point",
        "coordinates": [
          -99.12766,
          19.42847
        ]
      },
      "properties": {
        "name": "Mexico City",
        "ascii_name": "Mexico City",
        "feature_class": "P",
        "feature_code": "PPLC",
        "country_code": "MX",
        "cou_name_en": "Mexico",
        "population": 12294193,
        "dem": 2240,
        "timezone": "America/Mexico_City",
        "modification_date": "2024-03-26"
      }
    },
    {
      "type": "Feature",
      "geometry": {
        "type": "Point",
        "coordinates": [
          82.54826,
          19.23114
        ]
      },
      "properties": {
        "name": "Nowrangapur",
        "ascii_name": "Nowrangapur",
        "feature_class": "P",
        "feature_code": "PPLA2",
        "country_code": "IN",
        "cou_name_en": "India",
        "population": 1220946,
        "dem": 578,
        "timezone": "Asia/Kolkata",
        "modification_date": "2024-01-06"
      }
    },
    {
      "type": "Feature",
      "geometry": {
        "type": "Point",
        "coordinates": [
          73.00594,
          26.26841
        ]
      },
      "properties": {
        "name": "Jodhpur",
        "ascii_name": "Jodhpur",
        "feature_class": "P",
        "feature_code": "PPL",
        "country_code": "IN",
        "cou_name_en": "India",
        "population": 1056191,
        "dem": 237,
        "timezone": "Asia/Kolkata",
        "modification_date": "2025-08-05"
      }
    },
    {
      "type": "Feature",
      "geometry": {
        "type": "Point",
        "coordinates": [
          77.72741,
          11.3428
        ]
      },
      "properties": {
        "name": "Erode",
        "ascii_name": "Erode",
        "feature_class": "P",
        "feature_code": "PPL",
        "country_code": "IN",
        "cou_name_en": "India",
        "population": 521891,
        "dem": 170,
        "timezone": "Asia/Kolkata",
        "modification_date": "2024-01-06"
      }
    },
    {
      "type": "Feature",
      "geometry": {
        "type": "Point",
        "coordinates": [
          73.08333,
          19.21667
        ]
      },
      "properties": {
        "name": "Dombivali",
        "ascii_name": "Dombivali",
        "feature_class": "P",
        "feature_code": "PPL",
        "country_code": "IN",
        "cou_name_en": "India",
        "population": 1247327,
        "dem": 11,
        "timezone": "Asia/Kolkata",
        "modification_date": "2025-05-25"
      }
    },
    {
      "type": "Feature",
      "geometry": {
        "type": "Point",
        "coordinates": [
          -0.63588,
          35.69906
        ]
      },
      "properties": {
        "name": "Oran",
        "ascii_name": "Oran",
        "feature_class": "P",
        "feature_code": "PPLA",
        "country_code": "DZ",
        "cou_name_en": "Algeria",
        "population": 803329,
        "dem": 118,
        "timezone": "Africa/Algiers",
        "modification_date": "2024-08-05"
      }
    },
    {
      "type": "Feature",
      "geometry": {
        "type": "Point",
        "coordinates": [
          -0.1969,
          5.55602
        ]
      },
      "properties": {
        "name": "Accra",
        "ascii_name": "Accra",
        "feature_class": "P",
        "feature_code": "PPLC",
        "country_code": "GH",
        "cou_name_en": "Ghana",
        "population": 1963264,
        "dem": 33,
        "timezone": "Africa/Accra",
        "modification_date": "2025-10-18"
      }
    },
    {
      "type": "Feature",
      "geometry": {
        "type": "Point",
        "coordinates": [
          114.14417,
          22.2875
        ]
      },
      "properties": {
        "name": "Victoria",
        "ascii_name": "Victoria",
        "feature_class": "P",
        "feature_code": "PPL",
        "country_code": "HK",
        "cou_name_en": "Hong Kong, China",
        "population": 956800,
        "dem": 31,
        "timezone": "Asia/Hong_Kong",
        "modification_date": "2023-12-12"
      }
    },
    {
      "type": "Feature",
      "geometry": {
        "type": "Point",
        "coordinates": [
          105.26111,
          -5.42917
        ]
      },
      "properties": {
        "name": "Bandar Lampung",
        "ascii_name": "Bandar Lampung",
        "feature_class": "P",
        "feature_code": "PPLA",
        "country_code": "ID",
        "cou_name_en": "Indonesia",
        "population": 1166066,
        "dem": 95,
        "timezone": "Asia/Jakarta",
        "modification_date": "2022-12-30"
      }
    },
    {
      "type": "Feature",
      "geometry": {
        "type": "Point",
        "coordinates": [
          114.00976,
          -7.70623
        ]
      },
      "properties": {
        "name": "Situbondo",
        "ascii_name": "Situbondo",
        "feature_class": "P",
        "feature_code": "PPLA2",
        "country_code": "ID",
        "cou_name_en": "Indonesia",
        "population": 685967,
        "dem": 36,
        "timezone": "Asia/Jakarta",
        "modification_date": "2023-02-08"
      }
    },
    {
      "type": "Feature",
      "geometry": {
        "type": "Point",
        "coordinates": [
          106.15417,
          -6.11528
        ]
      },
      "properties": {
        "name": "Serang",
        "ascii_name": "Serang",
        "feature_class": "P",
        "feature_code": "PPLA",
        "country_code": "ID",
        "cou_name_en": "Indonesia",
        "population": 692101,
        "dem": 29,
        "timezone": "Asia/Jakarta",
        "modification_date": "2022-12-30"
      }
    },
    {
      "type": "Feature",
      "geometry": {
        "type": "Point",
        "coordinates": [
          101.58062,
          3.04384
        ]
      },
      "properties": {
        "name": "Subang Jaya",
        "ascii_name": "Subang Jaya",
        "feature_class": "P",
        "feature_code": "PPLX",
        "country_code": "MY",
        "cou_name_en": "Malaysia",
        "population": 708296,
        "dem": 41,
        "timezone": "Asia/Kuala_Lumpur",
        "modification_date": "2025-04-16"
      }
    },
    {
      "type": "Feature",
      "geometry": {
        "type": "Point",
        "coordinates": [
          7.49883,
          6.44132
        ]
      },
      "properties": {
        "name": "Enugu",
        "ascii_name": "Enugu",
        "feature_class": "P",
        "feature_code": "PPLA",
        "country_code": "NG",
        "cou_name_en": "Nigeria",
        "population": 950000,
        "dem": 192,
        "timezone": "Africa/Lagos",
        "modification_date": "2024-01-18"
      }
    },
    {
      "type": "Feature",
      "geometry": {
        "type": "Point",
        "coordinates": [
          3.33115,
          6.45197
        ]
      },
      "properties": {
        "name": "Ajegunle",
        "ascii_name": "Ajegunle",
        "feature_class": "P",
        "feature_code": "PPLA2",
        "country_code": "NG",
        "cou_name_en": "Nigeria",
        "population": 550000,
        "dem": 2,
        "timezone": "Africa/Lagos",
        "modification_date": "2024-04-16"
      }
    },
    {
      "type": "Feature",
      "geometry": {
        "type": "Point",
        "coordinates": [
          -103.38742,
          20.72111
        ]
      },
      "properties": {
        "name": "Zapopan",
        "ascii_name": "Zapopan",
        "feature_class": "P",
        "feature_code": "PPLA2",
        "country_code": "MX",
        "cou_name_en": "Mexico",
        "population": 1476491,
        "dem": 1565,
        "timezone": "America/Mexico_City",
        "modification_date": "2025-06-12"
      }
    },
    {
      "type": "Feature",
      "geometry": {
        "type": "Point",
        "coordinates": [
          -110.92648,
          32.22174
        ]
      },
      "properties": {
        "name": "Tucson",
        "ascii_name": "Tucson",
        "feature_class": "P",
        "feature_code": "PPLA2",
        "country_code": "US",
        "cou_name_en": "United States",
        "population": 542629,
        "dem": 757,
        "timezone": "America/Phoenix",
        "modification_date": "2025-06-25"
      }
    },
    {
      "type": "Feature",
      "geometry": {
        "type": "Point",
        "coordinates": [
          -119.77237,
          36.74773
        ]
      },
      "properties": {
        "name": "Fresno",
        "ascii_name": "Fresno",
        "feature_class": "P",
        "feature_code": "PPLA2",
        "country_code": "US",
        "cou_name_en": "United States",
        "population": 542107,
        "dem": 99,
        "timezone": "America/Los_Angeles",
        "modification_date": "2025-06-25"
      }
    },
    {
      "type": "Feature",
      "geometry": {
        "type": "Point",
        "coordinates": [
          104.29076,
          52.29566
        ]
      },
      "properties": {
        "name": "Irkutsk",
        "ascii_name": "Irkutsk",
        "feature_class": "P",
        "feature_code": "PPLA",
        "country_code": "RU",
        "cou_name_en": "Russian Federation",
        "population": 623869,
        "dem": 415,
        "timezone": "Asia/Irkutsk",
        "modification_date": "2025-09-09"
      }
    },
    {
      "type": "Feature",
      "geometry": {
        "type": "Point",
        "coordinates": [
          124.475,
          7.16083
        ]
      },
      "properties": {
        "name": "Malingao",
        "ascii_name": "Malingao",
        "feature_class": "P",
        "feature_code": "PPL",
        "country_code": "PH",
        "cou_name_en": "Philippines",
        "population": 1121974,
        "dem": 5,
        "timezone": "Asia/Manila",
        "modification_date": "2017-12-13"
      }
    },
    {
      "type": "Feature",
      "geometry": {
        "type": "Point",
        "coordinates": [
          74.07542,
          32.5742
        ]
      },
      "properties": {
        "name": "Gujrat",
        "ascii_name": "Gujrat",
        "feature_class": "P",
        "feature_code": "PPLA2",
        "country_code": "PK",
        "cou_name_en": "Pakistan",
        "population": 574240,
        "dem": 237,
        "timezone": "Asia/Karachi",
        "modification_date": "2025-05-08"
      }
    },
    {
      "type": "Feature",
      "geometry": {
        "type": "Point",
        "coordinates": [
          105.84117,
          21.0245
        ]
      },
      "properties": {
        "name": "Hanoi",
        "ascii_name": "Hanoi",
        "feature_class": "P",
        "feature_code": "PPLC",
        "country_code": "VN",
        "cou_name_en": "Viet Nam",
        "population": 8053663,
        "dem": 10,
        "timezone": "Asia/Bangkok",
        "modification_date": "2025-07-29"
      }
    },
    {
      "type": "Feature",
      "geometry": {
        "type": "Point",
        "coordinates": [
          105.78825,
          10.03711
        ]
      },
      "properties": {
        "name": "Cần Thơ",
        "ascii_name": "Can Tho",
        "feature_class": "P",
        "feature_code": "PPLA",
        "country_code": "VN",
        "cou_name_en": "Viet Nam",
        "population": 1507187,
        "dem": 3,
        "timezone": "Asia/Ho_Chi_Minh",
        "modification_date": "2025-07-29"
      }
    },
    {
      "type": "Feature",
      "geometry": {
        "type": "Point",
        "coordinates": [
          25.61494,
          -33.96109
        ]
      },
      "properties": {
        "name": "Gqeberha",
        "ascii_name": "Gqeberha",
        "feature_class": "P",
        "feature_code": "PPLA2",
        "country_code": "ZA",
        "cou_name_en": "South Africa",
        "population": 1050078,
        "dem": 61,
        "timezone": "Africa/Johannesburg",
        "modification_date": "2025-12-03"
      }
    },
    {
      "type": "Feature",
      "geometry": {
        "type": "Point",
        "coordinates": [
          -106.65114,
          35.08449
        ]
      },
      "properties": {
        "name": "Albuquerque",
        "ascii_name": "Albuquerque",
        "feature_class": "P",
        "feature_code": "PPLA2",
        "country_code": "US",
        "cou_name_en": "United States",
        "population": 564559,
        "dem": 1513,
        "timezone": "America/Denver",
        "modification_date": "2025-06-25"
      }
    },
    {
      "type": "Feature",
      "geometry": {
        "type": "Point",
        "coordinates": [
          -13.2356,
          8.48714
        ]
      },
      "properties": {
        "name": "Freetown",
        "ascii_name": "Freetown",
        "feature_class": "P",
        "feature_code": "PPLC",
        "country_code": "SL",
        "cou_name_en": "Sierra Leone",
        "population": 802639,
        "dem": 38,
        "timezone": "Africa/Freetown",
        "modification_date": "2024-01-18"
      }
    },
    {
      "type": "Feature",
      "geometry": {
        "type": "Point",
        "coordinates": [
          58.38333,
          37.95
        ]
      },
      "properties": {
        "name": "Ashgabat",
        "ascii_name": "Ashgabat",
        "feature_class": "P",
        "feature_code": "PPLC",
        "country_code": "TM",
        "cou_name_en": "Turkmenistan",
        "population": 727700,
        "dem": 219,
        "timezone": "Asia/Ashgabat",
        "modification_date": "2019-09-05"
      }
    },
    {
      "type": "Feature",
      "geometry": {
        "type": "Point",
        "coordinates": [
          38.31667,
          38.35018
        ]
      },
      "properties": {
        "name": "Malatya",
        "ascii_name": "Malatya",
        "feature_class": "P",
        "feature_code": "PPLA",
        "country_code": "TR",
        "cou_name_en": "Turkey",
        "population": 806156,
        "dem": 963,
        "timezone": "Europe/Istanbul",
        "modification_date": "2025-06-04"
      }
    },
    {
      "type": "Feature",
      "geometry": {
        "type": "Point",
        "coordinates": [
          120.21333,
          22.99083
        ]
      },
      "properties": {
        "name": "Tainan",
        "ascii_name": "Tainan",
        "feature_class": "P",
        "feature_code": "PPLA2",
        "country_code": "TW",
        "cou_name_en": "Taiwan, China",
        "population": 1856642,
        "dem": 26,
        "timezone": "Asia/Taipei",
        "modification_date": "2025-11-06"
      }
    },
    {
      "type": "Feature",
      "geometry": {
        "type": "Point",
        "coordinates": [
          13.73832,
          51.05089
        ]
      },
      "properties": {
        "name": "Dresden",
        "ascii_name": "Dresden",
        "feature_class": "P",
        "feature_code": "PPLA",
        "country_code": "DE",
        "cou_name_en": "Germany",
        "population": 556227,
        "dem": 116,
        "timezone": "Europe/Berlin",
        "modification_date": "2023-11-20"
      }
    },
    {
      "type": "Feature",
      "geometry": {
        "type": "Point",
        "coordinates": [
          -1.53388,
          12.36566
        ]
      },
      "properties": {
        "name": "Ouagadougou",
        "ascii_name": "Ouagadougou",
        "feature_class": "P",
        "feature_code": "PPLC",
        "country_code": "BF",
        "cou_name_en": "Burkina Faso",
        "population": 2415266,
        "dem": 299,
        "timezone": "Africa/Ouagadougou",
        "modification_date": "2025-06-20"
      }
    },
    {
      "type": "Feature",
      "geometry": {
        "type": "Point",
        "coordinates": [
          -51.06639,
          0.03889
        ]
      },
      "properties": {
        "name": "Macapá",
        "ascii_name": "Macapa",
        "feature_class": "P",
        "feature_code": "PPLA",
        "country_code": "BR",
        "cou_name_en": "Brazil",
        "population": 512902,
        "dem": 17,
        "timezone": "America/Belem",
        "modification_date": "2023-02-21"
      }
    },
    {
      "type": "Feature",
      "geometry": {
        "type": "Point",
        "coordinates": [
          22.41659,
          -5.89624
        ]
      },
      "properties": {
        "name": "Kananga",
        "ascii_name": "Kananga",
        "feature_class": "P",
        "feature_code": "PPLA",
        "country_code": "CD",
        "cou_name_en": "Congo, Democratic Republic of the",
        "population": 1247168,
        "dem": 643,
        "timezone": "Africa/Lubumbashi",
        "modification_date": "2023-11-29"
      }
    },
    {
      "type": "Feature",
      "geometry": {
        "type": "Point",
        "coordinates": [
          18.81619,
          -5.04098
        ]
      },
      "properties": {
        "name": "Kikwit",
        "ascii_name": "Kikwit",
        "feature_class": "P",
        "feature_code": "PPL",
        "country_code": "CD",
        "cou_name_en": "Congo, Democratic Republic of the",
        "population": 509367,
        "dem": 466,
        "timezone": "Africa/Kinshasa",
        "modification_date": "2023-11-29"
      }
    },
    {
      "type": "Feature",
      "geometry": {
        "type": "Point",
        "coordinates": [
          87.60046,
          43.80096
        ]
      },
      "properties": {
        "name": "Ürümqi",
        "ascii_name": "UEruemqi",
        "feature_class": "P",
        "feature_code": "PPLA",
        "country_code": "CN",
        "cou_name_en": "China",
        "population": 3029372,
        "dem": 862,
        "timezone": "Asia/Urumqi",
        "modification_date": "2025-02-27"
      }
    },
    {
      "type": "Feature",
      "geometry": {
        "type": "Point",
        "coordinates": [
          114.63333,
          33.63333
        ]
      },
      "properties": {
        "name": "Zhoukou",
        "ascii_name": "Zhoukou",
        "feature_class": "P",
        "feature_code": "PPLA2",
        "country_code": "CN",
        "cou_name_en": "China",
        "population": 505171,
        "dem": 54,
        "timezone": "Asia/Shanghai",
        "modification_date": "2021-10-18"
      }
    },
    {
      "type": "Feature",
      "geometry": {
        "type": "Point",
        "coordinates": [
          118.75528,
          30.9525
        ]
      },
      "properties": {
        "name": "Xuancheng",
        "ascii_name": "Xuancheng",
        "feature_class": "P",
        "feature_code": "PPLA2",
        "country_code": "CN",
        "cou_name_en": "China",
        "population": 774332,
        "dem": 25,
        "timezone": "Asia/Shanghai",
        "modification_date": "2025-08-30"
      }
    },
    {
      "type": "Feature",
      "geometry": {
        "type": "Point",
        "coordinates": [
          110.3841,
          18.79931
        ]
      },
      "properties": {
        "name": "Wanning",
        "ascii_name": "Wanning",
        "feature_class": "P",
        "feature_code": "PPLA2",
        "country_code": "CN",
        "cou_name_en": "China",
        "population": 545992,
        "dem": 15,
        "timezone": "Asia/Shanghai",
        "modification_date": "2021-12-06"
      }
    },
    {
      "type": "Feature",
      "geometry": {
        "type": "Point",
        "coordinates": [
          123.96154,
          47.33922
        ]
      },
      "properties": {
        "name": "Qiqihar",
        "ascii_name": "Qiqihar",
        "feature_class": "P",
        "feature_code": "PPLA2",
        "country_code": "CN",
        "cou_name_en": "China",
        "population": 882364,
        "dem": 146,
        "timezone": "Asia/Shanghai",
        "modification_date": "2024-05-07"
      }
    },
    {
      "type": "Feature",
      "geometry": {
        "type": "Point",
        "coordinates": [
          24.93545,
          60.16952
        ]
      },
      "properties": {
        "name": "Helsinki",
        "ascii_name": "Helsinki",
        "feature_class": "P",
        "feature_code": "PPLC",
        "country_code": "FI",
        "cou_name_en": "Finland",
        "population": 658864,
        "dem": 26,
        "timezone": "Europe/Helsinki",
        "modification_date": "2023-02-13"
      }
    },
    {
      "type": "Feature",
      "geometry": {
        "type": "Point",
        "coordinates": [
          16.37208,
          48.20849
        ]
      },
      "properties": {
        "name": "Vienna",
        "ascii_name": "Vienna",
        "feature_class": "P",
        "feature_code": "PPLC",
        "country_code": "AT",
        "cou_name_en": "Austria",
        "population": 1691468,
        "dem": 193,
        "timezone": "Europe/Vienna",
        "modification_date": "2025-11-01"
      }
    },
    {
      "type": "Feature",
      "geometry": {
        "type": "Point",
        "coordinates": [
          -2.23743,
          53.48095
        ]
      },
      "properties": {
        "name": "Manchester",
        "ascii_name": "Manchester",
        "feature_class": "P",
        "feature_code": "PPLA2",
        "country_code": "GB",
        "cou_name_en": "United Kingdom",
        "population": 568996,
        "dem": 51,
        "timezone": "Europe/London",
        "modification_date": "2025-02-24"
      }
    },
    {
      "type": "Feature",
      "geometry": {
        "type": "Point",
        "coordinates": [
          -87.20681,
          14.0818
        ]
      },
      "properties": {
        "name": "Tegucigalpa",
        "ascii_name": "Tegucigalpa",
        "feature_class": "P",
        "feature_code": "PPLC",
        "country_code": "HN",
        "cou_name_en": "Honduras",
        "population": 850848,
        "dem": 944,
        "timezone": "America/Tegucigalpa",
        "modification_date": "2024-09-12"
      }
    },
    {
      "type": "Feature",
      "geometry": {
        "type": "Point",
        "coordinates": [
          19.04045,
          47.49835
        ]
      },
      "properties": {
        "name": "Budapest",
        "ascii_name": "Budapest",
        "feature_class": "P",
        "feature_code": "PPLC",
        "country_code": "HU",
        "cou_name_en": "Hungary",
        "population": 1741041,
        "dem": 104,
        "timezone": "Europe/Budapest",
        "modification_date": "2022-02-21"
      }
    },
    {
      "type": "Feature",
      "geometry": {
        "type": "Point",
        "coordinates": [
          108.2207,
          -7.3274
        ]
      },
      "properties": {
        "name": "Tasikmalaya",
        "ascii_name": "Tasikmalaya",
        "feature_class": "P",
        "feature_code": "PPL",
        "country_code": "ID",
        "cou_name_en": "Indonesia",
        "population": 741760,
        "dem": 354,
        "timezone": "Asia/Jakarta",
        "modification_date": "2024-05-23"
      }
    },
    {
      "type": "Feature",
      "geometry": {
        "type": "Point",
        "coordinates": [
          139.04125,
          37.92259
        ]
      },
      "properties": {
        "name": "Niigata",
        "ascii_name": "Niigata",
        "feature_class": "P",
        "feature_code": "PPLA",
        "country_code": "JP",
        "cou_name_en": "Japan",
        "population": 797591,
        "dem": 1,
        "timezone": "Asia/Tokyo",
        "modification_date": "2024-01-18"
      }
    },
    {
      "type": "Feature",
      "geometry": {
        "type": "Point",
        "coordinates": [
          -6.83255,
          34.01325
        ]
      },
      "properties": {
        "name": "Rabat",
        "ascii_name": "Rabat",
        "feature_class": "P",
        "feature_code": "PPLC",
        "country_code": "MA",
        "cou_name_en": "Morocco",
        "population": 1655753,
        "dem": 46,
        "timezone": "Africa/Casablanca",
        "modification_date": "2019-09-05"
      }
    },
    {
      "type": "Feature",
      "geometry": {
        "type": "Point",
        "coordinates": [
          28.85938,
          47.00902
        ]
      },
      "properties": {
        "name": "Chisinau",
        "ascii_name": "Chisinau",
        "feature_class": "P",
        "feature_code": "PPLC",
        "country_code": "MD",
        "cou_name_en": "Moldova, Republic of",
        "population": 635994,
        "dem": 24,
        "timezone": "Europe/Chisinau",
        "modification_date": "2025-06-12"
      }
    },
    {
      "type": "Feature",
      "geometry": {
        "type": "Point",
        "coordinates": [
          35.00854,
          -15.78499
        ]
      },
      "properties": {
        "name": "Blantyre",
        "ascii_name": "Blantyre",
        "feature_class": "P",
        "feature_code": "PPLA",
        "country_code": "MW",
        "cou_name_en": "Malawi",
        "population": 902588,
        "dem": 1041,
        "timezone": "Africa/Blantyre",
        "modification_date": "2024-01-18"
      }
    },
    {
      "type": "Feature",
      "geometry": {
        "type": "Point",
        "coordinates": [
          -86.84656,
          21.17429
        ]
      },
      "properties": {
        "name": "Cancún",
        "ascii_name": "Cancun",
        "feature_class": "P",
        "feature_code": "PPL",
        "country_code": "MX",
        "cou_name_en": "Mexico",
        "population": 888797,
        "dem": 11,
        "timezone": "America/Cancun",
        "modification_date": "2025-10-23"
      }
    },
    {
      "type": "Feature",
      "geometry": {
        "type": "Point",
        "coordinates": [
          73.0479,
          33.59733
        ]
      },
      "properties": {
        "name": "Rawalpindi",
        "ascii_name": "Rawalpindi",
        "feature_class": "P",
        "feature_code": "PPLA2",
        "country_code": "PK",
        "cou_name_en": "Pakistan",
        "population": 3357612,
        "dem": 501,
        "timezone": "Asia/Karachi",
        "modification_date": "2025-05-15"
      }
    },
    {
      "type": "Feature",
      "geometry": {
        "type": "Point",
        "coordinates": [
          130.85034,
          33.85181
        ]
      },
      "properties": {
        "name": "Kitakyushu",
        "ascii_name": "Kitakyushu",
        "feature_class": "P",
        "feature_code": "PPLA2",
        "country_code": "JP",
        "cou_name_en": "Japan",
        "population": 940978,
        "dem": 57,
        "timezone": "Asia/Tokyo",
        "modification_date": "2022-09-02"
      }
    },
    {
      "type": "Feature",
      "geometry": {
        "type": "Point",
        "coordinates": [
          139.31667,
          35.6
        ]
      },
      "properties": {
        "name": "Aihara",
        "ascii_name": "Aihara",
        "feature_class": "P",
        "feature_code": "PPL",
        "country_code": "JP",
        "cou_name_en": "Japan",
        "population": 725493,
        "dem": 157,
        "timezone": "Asia/Tokyo",
        "modification_date": "2024-12-29"
      }
    },
    {
      "type": "Feature",
      "geometry": {
        "type": "Point",
        "coordinates": [
          74.59,
          42.87
        ]
      },
      "properties": {
        "name": "Bishkek",
        "ascii_name": "Bishkek",
        "feature_class": "P",
        "feature_code": "PPLC",
        "country_code": "KG",
        "cou_name_en": "Kyrgyzstan",
        "population": 900000,
        "dem": 767,
        "timezone": "Asia/Bishkek",
        "modification_date": "2025-08-22"
      }
    },
    {
      "type": "Feature",
      "geometry": {
        "type": "Point",
        "coordinates": [
          125.75432,
          39.03385
        ]
      },
      "properties": {
        "name": "Pyongyang",
        "ascii_name": "Pyongyang",
        "feature_class": "P",
        "feature_code": "PPLC",
        "country_code": "KP",
        "cou_name_en": "Korea, Dem. People's Rep. of",
        "population": 3222000,
        "dem": 43,
        "timezone": "Asia/Pyongyang",
        "modification_date": "2024-06-19"
      }
    },
    {
      "type": "Feature",
      "geometry": {
        "type": "Point",
        "coordinates": [
          44.83412,
          41.69143
        ]
      },
      "properties": {
        "name": "Tbilisi",
        "ascii_name": "Tbilisi",
        "feature_class": "P",
        "feature_code": "PPLC",
        "country_code": "GE",
        "cou_name_en": "Georgia",
        "population": 1049498,
        "dem": 433,
        "timezone": "Asia/Tbilisi",
        "modification_date": "2025-07-16"
      }
    },
    {
      "type": "Feature",
      "geometry": {
        "type": "Point",
        "coordinates": [
          -64.68769,
          10.1384
        ]
      },
      "properties": {
        "name": "Barcelona",
        "ascii_name": "Barcelona",
        "feature_class": "P",
        "feature_code": "PPLA",
        "country_code": "VE",
        "cou_name_en": "Venezuela, Bolivarian Rep. of",
        "population": 815141,
        "dem": 3,
        "timezone": "America/Caracas",
        "modification_date": "2025-05-15"
      }
    },
    {
      "type": "Feature",
      "geometry": {
        "type": "Point",
        "coordinates": [
          -100.97963,
          25.42595
        ]
      },
      "properties": {
        "name": "Saltillo",
        "ascii_name": "Saltillo",
        "feature_class": "P",
        "feature_code": "PPLA",
        "country_code": "MX",
        "cou_name_en": "Mexico",
        "population": 709671,
        "dem": 1578,
        "timezone": "America/Monterrey",
        "modification_date": "2025-05-15"
      }
    },
    {
      "type": "Feature",
      "geometry": {
        "type": "Point",
        "coordinates": [
          -100.25646,
          25.67678
        ]
      },
      "properties": {
        "name": "Guadalupe",
        "ascii_name": "Guadalupe",
        "feature_class": "P",
        "feature_code": "PPLA2",
        "country_code": "MX",
        "cou_name_en": "Mexico",
        "population": 673616,
        "dem": 497,
        "timezone": "America/Monterrey",
        "modification_date": "2018-11-03"
      }
    },
    {
      "type": "Feature",
      "geometry": {
        "type": "Point",
        "coordinates": [
          -102.2843,
          21.88262
        ]
      },
      "properties": {
        "name": "Aguascalientes",
        "ascii_name": "Aguascalientes",
        "feature_class": "P",
        "feature_code": "PPLA",
        "country_code": "MX",
        "cou_name_en": "Mexico",
        "population": 722250,
        "dem": 1885,
        "timezone": "America/Mexico_City",
        "modification_date": "2025-05-15"
      }
    },
    {
      "type": "Feature",
      "geometry": {
        "type": "Point",
        "coordinates": [
          103.61667,
          -1.6
        ]
      },
      "properties": {
        "name": "Jambi City",
        "ascii_name": "Jambi City",
        "feature_class": "P",
        "feature_code": "PPLA",
        "country_code": "ID",
        "cou_name_en": "Indonesia",
        "population": 606200,
        "dem": 21,
        "timezone": "Asia/Jakarta",
        "modification_date": "2022-12-30"
      }
    },
    {
      "type": "Feature",
      "geometry": {
        "type": "Point",
        "coordinates": [
          72.96355,
          19.19704
        ]
      },
      "properties": {
        "name": "Thāne",
        "ascii_name": "Thane",
        "feature_class": "P",
        "feature_code": "PPL",
        "country_code": "IN",
        "cou_name_en": "India",
        "population": 1841488,
        "dem": 23,
        "timezone": "Asia/Kolkata",
        "modification_date": "2025-05-25"
      }
    },
    {
      "type": "Feature",
      "geometry": {
        "type": "Point",
        "coordinates": [
          77.47772,
          10.01115
        ]
      },
      "properties": {
        "name": "Teni",
        "ascii_name": "Teni",
        "feature_class": "P",
        "feature_code": "PPLX",
        "country_code": "IN",
        "cou_name_en": "India",
        "population": 1034724,
        "dem": 300,
        "timezone": "Asia/Kolkata",
        "modification_date": "2024-01-06"
      }
    },
    {
      "type": "Feature",
      "geometry": {
        "type": "Point",
        "coordinates": [
          76.83757,
          17.33583
        ]
      },
      "properties": {
        "name": "Kalaburagi",
        "ascii_name": "Kalaburagi",
        "feature_class": "P",
        "feature_code": "PPL",
        "country_code": "IN",
        "cou_name_en": "India",
        "population": 543147,
        "dem": 474,
        "timezone": "Asia/Kolkata",
        "modification_date": "2025-05-24"
      }
    },
    {
      "type": "Feature",
      "geometry": {
        "type": "Point",
        "coordinates": [
          39.70415,
          54.62696
        ]
      },
      "properties": {
        "name": "Ryazan’",
        "ascii_name": "Ryazan'",
        "feature_class": "P",
        "feature_code": "PPLA",
        "country_code": "RU",
        "cou_name_en": "Russian Federation",
        "population": 538962,
        "dem": 124,
        "timezone": "Europe/Moscow",
        "modification_date": "2025-09-09"
      }
    },
    {
      "type": "Feature",
      "geometry": {
        "type": "Point",
        "coordinates": [
          74.87534,
          31.62234
        ]
      },
      "properties": {
        "name": "Amritsar",
        "ascii_name": "Amritsar",
        "feature_class": "P",
        "feature_code": "PPL",
        "country_code": "IN",
        "cou_name_en": "India",
        "population": 1159227,
        "dem": 244,
        "timezone": "Asia/Kolkata",
        "modification_date": "2025-08-05"
      }
    },
    {
      "type": "Feature",
      "geometry": {
        "type": "Point",
        "coordinates": [
          43.10555,
          36.33271
        ]
      },
      "properties": {
        "name": "Al Mawşil al Jadīdah",
        "ascii_name": "Al Mawsil al Jadidah",
        "feature_class": "P",
        "feature_code": "PPLX",
        "country_code": "IQ",
        "cou_name_en": "Iraq",
        "population": 2065597,
        "dem": 239,
        "timezone": "Asia/Baghdad",
        "modification_date": "2016-06-22"
      }
    },
    {
      "type": "Feature",
      "geometry": {
        "type": "Point",
        "coordinates": [
          47.065,
          34.31417
        ]
      },
      "properties": {
        "name": "Kermanshah",
        "ascii_name": "Kermanshah",
        "feature_class": "P",
        "feature_code": "PPLA",
        "country_code": "IR",
        "cou_name_en": "Iran, Islamic Rep. of",
        "population": 621100,
        "dem": 1392,
        "timezone": "Asia/Tehran",
        "modification_date": "2024-07-17"
      }
    },
    {
      "type": "Feature",
      "geometry": {
        "type": "Point",
        "coordinates": [
          50.99155,
          35.83266
        ]
      },
      "properties": {
        "name": "Karaj",
        "ascii_name": "Karaj",
        "feature_class": "P",
        "feature_code": "PPLA",
        "country_code": "IR",
        "cou_name_en": "Iran, Islamic Rep. of",
        "population": 1448075,
        "dem": 1341,
        "timezone": "Asia/Tehran",
        "modification_date": "2021-08-20"
      }
    },
    {
      "type": "Feature",
      "geometry": {
        "type": "Point",
        "coordinates": [
          75.85379,
          30.91204
        ]
      },
      "properties": {
        "name": "Ludhiana",
        "ascii_name": "Ludhiana",
        "feature_class": "P",
        "feature_code": "PPL",
        "country_code": "IN",
        "cou_name_en": "India",
        "population": 1618879,
        "dem": 256,
        "timezone": "Asia/Kolkata",
        "modification_date": "2025-08-05"
      }
    },
    {
      "type": "Feature",
      "geometry": {
        "type": "Point",
        "coordinates": [
          -79.85495,
          -6.77008
        ]
      },
      "properties": {
        "name": "Chiclayo",
        "ascii_name": "Chiclayo",
        "feature_class": "P",
        "feature_code": "PPLA",
        "country_code": "PE",
        "cou_name_en": "Peru",
        "population": 552508,
        "dem": 1,
        "timezone": "America/Lima",
        "modification_date": "2025-05-15"
      }
    },
    {
      "type": "Feature",
      "geometry": {
        "type": "Point",
        "coordinates": [
          74.23167,
          16.69563
        ]
      },
      "properties": {
        "name": "Kolhāpur",
        "ascii_name": "Kolhapur",
        "feature_class": "P",
        "feature_code": "PPL",
        "country_code": "IN",
        "cou_name_en": "India",
        "population": 549236,
        "dem": 559,
        "timezone": "Asia/Kolkata",
        "modification_date": "2025-05-25"
      }
    },
    {
      "type": "Feature",
      "geometry": {
        "type": "Point",
        "coordinates": [
          79.95006,
          23.16697
        ]
      },
      "properties": {
        "name": "Jabalpur",
        "ascii_name": "Jabalpur",
        "feature_class": "P",
        "feature_code": "PPL",
        "country_code": "IN",
        "cou_name_en": "India",
        "population": 1081677,
        "dem": 416,
        "timezone": "Asia/Kolkata",
        "modification_date": "2025-05-25"
      }
    },
    {
      "type": "Feature",
      "geometry": {
        "type": "Point",
        "coordinates": [
          72.85976,
          19.23496
        ]
      },
      "properties": {
        "name": "Borivli",
        "ascii_name": "Borivli",
        "feature_class": "P",
        "feature_code": "PPL",
        "country_code": "IN",
        "cou_name_en": "India",
        "population": 609617,
        "dem": 22,
        "timezone": "Asia/Kolkata",
        "modification_date": "2024-01-06"
      }
    },
    {
      "type": "Feature",
      "geometry": {
        "type": "Point",
        "coordinates": [
          44.18477,
          33.30563
        ]
      },
      "properties": {
        "name": "Abū Ghurayb",
        "ascii_name": "Abu Ghurayb",
        "feature_class": "P",
        "feature_code": "PPLA2",
        "country_code": "IQ",
        "cou_name_en": "Iraq",
        "population": 900000,
        "dem": 42,
        "timezone": "Asia/Baghdad",
        "modification_date": "2024-09-05"
      }
    },
    {
      "type": "Feature",
      "geometry": {
        "type": "Point",
        "coordinates": [
          48.57011,
          34.79049
        ]
      },
      "properties": {
        "name": "Āzādshahr",
        "ascii_name": "Azadshahr",
        "feature_class": "P",
        "feature_code": "PPL",
        "country_code": "IR",
        "cou_name_en": "Iran, Islamic Rep. of",
        "population": 514102,
        "dem": 1853,
        "timezone": "Asia/Tehran",
        "modification_date": "2024-07-22"
      }
    },
    {
      "type": "Feature",
      "geometry": {
        "type": "Point",
        "coordinates": [
          5.24322,
          13.06269
        ]
      },
      "properties": {
        "name": "Sokoto",
        "ascii_name": "Sokoto",
        "feature_class": "P",
        "feature_code": "PPLA",
        "country_code": "NG",
        "cou_name_en": "Nigeria",
        "population": 1040000,
        "dem": 296,
        "timezone": "Africa/Lagos",
        "modification_date": "2024-01-18"
      }
    },
    {
      "type": "Feature",
      "geometry": {
        "type": "Point",
        "coordinates": [
          8.89212,
          9.92849
        ]
      },
      "properties": {
        "name": "Jos",
        "ascii_name": "Jos",
        "feature_class": "P",
        "feature_code": "PPLA",
        "country_code": "NG",
        "cou_name_en": "Nigeria",
        "population": 1040000,
        "dem": 1186,
        "timezone": "Africa/Lagos",
        "modification_date": "2024-01-18"
      }
    },
    {
      "type": "Feature",
      "geometry": {
        "type": "Point",
        "coordinates": [
          -98.49363,
          29.42412
        ]
      },
      "properties": {
        "name": "San Antonio",
        "ascii_name": "San Antonio",
        "feature_class": "P",
        "feature_code": "PPLA2",
        "country_code": "US",
        "cou_name_en": "United States",
        "population": 1526656,
        "dem": 202,
        "timezone": "America/Chicago",
        "modification_date": "2025-06-25"
      }
    },
    {
      "type": "Feature",
      "geometry": {
        "type": "Point",
        "coordinates": [
          41.27694,
          39.90861
        ]
      },
      "properties": {
        "name": "Erzurum",
        "ascii_name": "Erzurum",
        "feature_class": "P",
        "feature_code": "PPLA",
        "country_code": "TR",
        "cou_name_en": "Turkey",
        "population": 767848,
        "dem": 1914,
        "timezone": "Europe/Istanbul",
        "modification_date": "2025-12-09"
      }
    },
    {
      "type": "Feature",
      "geometry": {
        "type": "Point",
        "coordinates": [
          39.19793,
          -6.16394
        ]
      },
      "properties": {
        "name": "Zanzibar",
        "ascii_name": "Zanzibar",
        "feature_class": "P",
        "feature_code": "PPLA",
        "country_code": "TZ",
        "cou_name_en": "Tanzania, United Republic of",
        "population": 709809,
        "dem": 14,
        "timezone": "Africa/Dar_es_Salaam",
        "modification_date": "2024-12-02"
      }
    },
    {
      "type": "Feature",
      "geometry": {
        "type": "Point",
        "coordinates": [
          121.45972,
          31.25861
        ]
      },
      "properties": {
        "name": "Zhabei",
        "ascii_name": "Zhabei",
        "feature_class": "P",
        "feature_code": "PPLX",
        "country_code": "CN",
        "cou_name_en": "China",
        "population": 840000,
        "dem": 10,
        "timezone": "Asia/Shanghai",
        "modification_date": "2021-09-20"
      }
    },
    {
      "type": "Feature",
      "geometry": {
        "type": "Point",
        "coordinates": [
          110.80279,
          19.55158
        ]
      },
      "properties": {
        "name": "Wenchang",
        "ascii_name": "Wenchang",
        "feature_class": "P",
        "feature_code": "PPLA3",
        "country_code": "CN",
        "cou_name_en": "China",
        "population": 560894,
        "dem": 17,
        "timezone": "Asia/Shanghai",
        "modification_date": "2022-11-11"
      }
    },
    {
      "type": "Feature",
      "geometry": {
        "type": "Point",
        "coordinates": [
          113.85353,
          27.61672
        ]
      },
      "properties": {
        "name": "Pingxiang",
        "ascii_name": "Pingxiang",
        "feature_class": "P",
        "feature_code": "PPLA2",
        "country_code": "CN",
        "cou_name_en": "China",
        "population": 893550,
        "dem": 167,
        "timezone": "Asia/Shanghai",
        "modification_date": "2021-10-20"
      }
    },
    {
      "type": "Feature",
      "geometry": {
        "type": "Point",
        "coordinates": [
          105.06216,
          29.58354
        ]
      },
      "properties": {
        "name": "Neijiang",
        "ascii_name": "Neijiang",
        "feature_class": "P",
        "feature_code": "PPLA3",
        "country_code": "CN",
        "cou_name_en": "China",
        "population": 1251095,
        "dem": 349,
        "timezone": "Asia/Shanghai",
        "modification_date": "2021-10-19"
      }
    },
    {
      "type": "Feature",
      "geometry": {
        "type": "Point",
        "coordinates": [
          104.68168,
          31.46784
        ]
      },
      "properties": {
        "name": "Mianyang",
        "ascii_name": "Mianyang",
        "feature_class": "P",
        "feature_code": "PPLA3",
        "country_code": "CN",
        "cou_name_en": "China",
        "population": 1550000,
        "dem": 471,
        "timezone": "Asia/Shanghai",
        "modification_date": "2021-12-13"
      }
    },
    {
      "type": "Feature",
      "geometry": {
        "type": "Point",
        "coordinates": [
          112.43684,
          34.67345
        ]
      },
      "properties": {
        "name": "Luoyang",
        "ascii_name": "Luoyang",
        "feature_class": "P",
        "feature_code": "PPLA2",
        "country_code": "CN",
        "cou_name_en": "China",
        "population": 1390581,
        "dem": 128,
        "timezone": "Asia/Shanghai",
        "modification_date": "2025-11-15"
      }
    },
    {
      "type": "Feature",
      "geometry": {
        "type": "Point",
        "coordinates": [
          116.51688,
          31.73561
        ]
      },
      "properties": {
        "name": "Lu’an",
        "ascii_name": "Lu'an",
        "feature_class": "P",
        "feature_code": "PPLA2",
        "country_code": "CN",
        "cou_name_en": "China",
        "population": 1644344,
        "dem": 81,
        "timezone": "Asia/Shanghai",
        "modification_date": "2021-10-18"
      }
    },
    {
      "type": "Feature",
      "geometry": {
        "type": "Point",
        "coordinates": [
          110.46417,
          19.2425
        ]
      },
      "properties": {
        "name": "Qionghai",
        "ascii_name": "Qionghai",
        "feature_class": "P",
        "feature_code": "PPLA2",
        "country_code": "CN",
        "cou_name_en": "China",
        "population": 528238,
        "dem": 24,
        "timezone": "Asia/Shanghai",
        "modification_date": "2021-12-06"
      }
    },
    {
      "type": "Feature",
      "geometry": {
        "type": "Point",
        "coordinates": [
          131.13273,
          46.67686
        ]
      },
      "properties": {
        "name": "Shuangyashan",
        "ascii_name": "Shuangyashan",
        "feature_class": "P",
        "feature_code": "PPLA2",
        "country_code": "CN",
        "cou_name_en": "China",
        "population": 600000,
        "dem": 153,
        "timezone": "Asia/Shanghai",
        "modification_date": "2021-11-11"
      }
    },
    {
      "type": "Feature",
      "geometry": {
        "type": "Point",
        "coordinates": [
          123.17306,
          41.27194
        ]
      },
      "properties": {
        "name": "Liaoyang",
        "ascii_name": "Liaoyang",
        "feature_class": "P",
        "feature_code": "PPL",
        "country_code": "CN",
        "cou_name_en": "China",
        "population": 687890,
        "dem": 33,
        "timezone": "Asia/Shanghai",
        "modification_date": "2021-09-20"
      }
    },
    {
      "type": "Feature",
      "geometry": {
        "type": "Point",
        "coordinates": [
          109.84389,
          40.6516
        ]
      },
      "properties": {
        "name": "Baotou",
        "ascii_name": "Baotou",
        "feature_class": "P",
        "feature_code": "PPL",
        "country_code": "CN",
        "cou_name_en": "China",
        "population": 2150000,
        "dem": 1064,
        "timezone": "Asia/Shanghai",
        "modification_date": "2025-10-31"
      }
    },
    {
      "type": "Feature",
      "geometry": {
        "type": "Point",
        "coordinates": [
          -46.79167,
          -23.5325
        ]
      },
      "properties": {
        "name": "Osasco",
        "ascii_name": "Osasco",
        "feature_class": "P",
        "feature_code": "PPL",
        "country_code": "BR",
        "cou_name_en": "Brazil",
        "population": 728615,
        "dem": 750,
        "timezone": "America/Sao_Paulo",
        "modification_date": "2025-05-31"
      }
    },
    {
      "type": "Feature",
      "geometry": {
        "type": "Point",
        "coordinates": [
          -38.96667,
          -12.26667
        ]
      },
      "properties": {
        "name": "Feira de Santana",
        "ascii_name": "Feira de Santana",
        "feature_class": "P",
        "feature_code": "PPL",
        "country_code": "BR",
        "cou_name_en": "Brazil",
        "population": 619609,
        "dem": 223,
        "timezone": "America/Bahia",
        "modification_date": "2021-11-01"
      }
    },
    {
      "type": "Feature",
      "geometry": {
        "type": "Point",
        "coordinates": [
          -49.24389,
          -16.82333
        ]
      },
      "properties": {
        "name": "Aparecida de Goiânia",
        "ascii_name": "Aparecida de Goiania",
        "feature_class": "P",
        "feature_code": "PPL",
        "country_code": "BR",
        "cou_name_en": "Brazil",
        "population": 510770,
        "dem": 829,
        "timezone": "America/Sao_Paulo",
        "modification_date": "2012-08-03"
      }
    },
    {
      "type": "Feature",
      "geometry": {
        "type": "Point",
        "coordinates": [
          88.52844,
          24.89843
        ]
      },
      "properties": {
        "name": "Mohāmmadpur",
        "ascii_name": "Mohammadpur",
        "feature_class": "P",
        "feature_code": "PPL",
        "country_code": "BD",
        "cou_name_en": "Bangladesh",
        "population": 527571,
        "dem": 40,
        "timezone": "Asia/Dhaka",
        "modification_date": "2024-04-08"
      }
    },
    {
      "type": "Feature",
      "geometry": {
        "type": "Point",
        "coordinates": [
          -60.63932,
          -32.94682
        ]
      },
      "properties": {
        "name": "Rosario",
        "ascii_name": "Rosario",
        "feature_class": "P",
        "feature_code": "PPLA2",
        "country_code": "AR",
        "cou_name_en": "Argentina",
        "population": 948312,
        "dem": 38,
        "timezone": "America/Argentina/Cordoba",
        "modification_date": "2022-12-14"
      }
    },
    {
      "type": "Feature",
      "geometry": {
        "type": "Point",
        "coordinates": [
          151.20732,
          -33.86785
        ]
      },
      "properties": {
        "name": "Sydney",
        "ascii_name": "Sydney",
        "feature_class": "P",
        "feature_code": "PPLA",
        "country_code": "AU",
        "cou_name_en": "Australia",
        "population": 5557233,
        "dem": 58,
        "timezone": "Australia/Sydney",
        "modification_date": "2025-06-10"
      }
    },
    {
      "type": "Feature",
      "geometry": {
        "type": "Point",
        "coordinates": [
          30.74383,
          46.48572
        ]
      },
      "properties": {
        "name": "Odesa",
        "ascii_name": "Odesa",
        "feature_class": "P",
        "feature_code": "PPLA",
        "country_code": "UA",
        "cou_name_en": "Ukraine",
        "population": 1015826,
        "dem": 34,
        "timezone": "Europe/Kyiv",
        "modification_date": "2023-10-21"
      }
    },
    {
      "type": "Feature",
      "geometry": {
        "type": "Point",
        "coordinates": [
          -97.32085,
          32.72541
        ]
      },
      "properties": {
        "name": "Fort Worth",
        "ascii_name": "Fort Worth",
        "feature_class": "P",
        "feature_code": "PPLA2",
        "country_code": "US",
        "cou_name_en": "United States",
        "population": 1008106,
        "dem": 203,
        "timezone": "America/Chicago",
        "modification_date": "2025-06-25"
      }
    },
    {
      "type": "Feature",
      "geometry": {
        "type": "Point",
        "coordinates": [
          82.93175,
          55.02259
        ]
      },
      "properties": {
        "name": "Novosibirsk",
        "ascii_name": "Novosibirsk",
        "feature_class": "P",
        "feature_code": "PPLA",
        "country_code": "RU",
        "cou_name_en": "Russian Federation",
        "population": 1612833,
        "dem": 113,
        "timezone": "Asia/Novosibirsk",
        "modification_date": "2025-09-09"
      }
    },
    {
      "type": "Feature",
      "geometry": {
        "type": "Point",
        "coordinates": [
          135.12994,
          48.43787
        ]
      },
      "properties": {
        "name": "Khabarovsk Vtoroy",
        "ascii_name": "Khabarovsk Vtoroy",
        "feature_class": "P",
        "feature_code": "PPLX",
        "country_code": "RU",
        "cou_name_en": "Russian Federation",
        "population": 578303,
        "dem": 57,
        "timezone": "Asia/Vladivostok",
        "modification_date": "2025-01-10"
      }
    },
    {
      "type": "Feature",
      "geometry": {
        "type": "Point",
        "coordinates": [
          -17.44406,
          14.6937
        ]
      },
      "properties": {
        "name": "Dakar",
        "ascii_name": "Dakar",
        "feature_class": "P",
        "feature_code": "PPLC",
        "country_code": "SN",
        "cou_name_en": "Senegal",
        "population": 2646503,
        "dem": 12,
        "timezone": "Africa/Dakar",
        "modification_date": "2024-07-27"
      }
    },
    {
      "type": "Feature",
      "geometry": {
        "type": "Point",
        "coordinates": [
          43.18278,
          9.93611
        ]
      },
      "properties": {
        "name": "Borama",
        "ascii_name": "Borama",
        "feature_class": "P",
        "feature_code": "PPL",
        "country_code": "SO",
        "cou_name_en": "Somalia",
        "population": 597842,
        "dem": 1468,
        "timezone": "Africa/Mogadishu",
        "modification_date": "2023-11-30"
      }
    },
    {
      "type": "Feature",
      "geometry": {
        "type": "Point",
        "coordinates": [
          36.29128,
          33.5102
        ]
      },
      "properties": {
        "name": "Damascus",
        "ascii_name": "Damascus",
        "feature_class": "P",
        "feature_code": "PPLC",
        "country_code": "SY",
        "cou_name_en": "Syrian Arab Republic",
        "population": 1569394,
        "dem": 701,
        "timezone": "Asia/Damascus",
        "modification_date": "2019-09-05"
      }
    },
    {
      "type": "Feature",
      "geometry": {
        "type": "Point",
        "coordinates": [
          127.14889,
          35.82194
        ]
      },
      "properties": {
        "name": "Jeonju",
        "ascii_name": "Jeonju",
        "feature_class": "P",
        "feature_code": "PPLA",
        "country_code": "KR",
        "cou_name_en": "Korea, Republic of",
        "population": 629618,
        "dem": 44,
        "timezone": "Asia/Seoul",
        "modification_date": "2025-09-30"
      }
    },
    {
      "type": "Feature",
      "geometry": {
        "type": "Point",
        "coordinates": [
          83.01041,
          25.31668
        ]
      },
      "properties": {
        "name": "Varanasi",
        "ascii_name": "Varanasi",
        "feature_class": "P",
        "feature_code": "PPL",
        "country_code": "IN",
        "cou_name_en": "India",
        "population": 1164404,
        "dem": 86,
        "timezone": "Asia/Kolkata",
        "modification_date": "2024-01-07"
      }
    },
    {
      "type": "Feature",
      "geometry": {
        "type": "Point",
        "coordinates": [
          75.83907,
          25.18254
        ]
      },
      "properties": {
        "name": "Kota",
        "ascii_name": "Kota",
        "feature_class": "P",
        "feature_code": "PPL",
        "country_code": "IN",
        "cou_name_en": "India",
        "population": 1001694,
        "dem": 267,
        "timezone": "Asia/Kolkata",
        "modification_date": "2025-08-05"
      }
    },
    {
      "type": "Feature",
      "geometry": {
        "type": "Point",
        "coordinates": [
          74.63867,
          26.4521
        ]
      },
      "properties": {
        "name": "Ajmer",
        "ascii_name": "Ajmer",
        "feature_class": "P",
        "feature_code": "PPL",
        "country_code": "IN",
        "cou_name_en": "India",
        "population": 542321,
        "dem": 475,
        "timezone": "Asia/Kolkata",
        "modification_date": "2025-08-05"
      }
    },
    {
      "type": "Feature",
      "geometry": {
        "type": "Point",
        "coordinates": [
          77.06778,
          28.74322
        ]
      },
      "properties": {
        "geoname_id": "12069922",
        "name": "Rohini",
        "ascii_name": "Rohini",
        "alternate_names": null,
        "feature_class": "P",
        "feature_code": "PPLX",
        "country_code": "IN",
        "cou_name_en": "India",
        "country_code_2": null,
        "admin1_code": "07",
        "admin2_code": "091",
        "admin3_code": 430,
        "admin4_code": null,
        "population": 860000,
        "elevation": null,
        "dem": 216,
        "timezone": "Asia/Kolkata",
        "modification_date": "2024-01-06",
        "label_en": "India"
      }
    },
    {
      "type": "Feature",
      "geometry": {
        "type": "Point",
        "coordinates": [
          45.4329,
          35.56496
        ]
      },
      "properties": {
        "name": "As Sulaymānīyah",
        "ascii_name": "As Sulaymaniyah",
        "feature_class": "P",
        "feature_code": "PPLA",
        "country_code": "IQ",
        "cou_name_en": "Iraq",
        "population": 878146,
        "dem": 847,
        "timezone": "Asia/Baghdad",
        "modification_date": "2024-02-14"
      }
    },
    {
      "type": "Feature",
      "geometry": {
        "type": "Point",
        "coordinates": [
          -1.62443,
          6.68848
        ]
      },
      "properties": {
        "name": "Kumasi",
        "ascii_name": "Kumasi",
        "feature_class": "P",
        "feature_code": "PPLA",
        "country_code": "GH",
        "cou_name_en": "Ghana",
        "population": 2544530,
        "dem": 270,
        "timezone": "Africa/Accra",
        "modification_date": "2024-06-22"
      }
    },
    {
      "type": "Feature",
      "geometry": {
        "type": "Point",
        "coordinates": [
          -13.68778,
          9.535
        ]
      },
      "properties": {
        "name": "Camayenne",
        "ascii_name": "Camayenne",
        "feature_class": "P",
        "feature_code": "PPL",
        "country_code": "GN",
        "cou_name_en": "Guinea",
        "population": 1871242,
        "dem": 6,
        "timezone": "Africa/Conakry",
        "modification_date": "2012-01-18"
      }
    },
    {
      "type": "Feature",
      "geometry": {
        "type": "Point",
        "coordinates": [
          110.42083,
          -6.99306
        ]
      },
      "properties": {
        "name": "Semarang",
        "ascii_name": "Semarang",
        "feature_class": "P",
        "feature_code": "PPLA",
        "country_code": "ID",
        "cou_name_en": "Indonesia",
        "population": 1653524,
        "dem": 18,
        "timezone": "Asia/Jakarta",
        "modification_date": "2022-12-31"
      }
    },
    {
      "type": "Feature",
      "geometry": {
        "type": "Point",
        "coordinates": [
          73.04329,
          33.72148
        ]
      },
      "properties": {
        "name": "Islamabad",
        "ascii_name": "Islamabad",
        "feature_class": "P",
        "feature_code": "PPLC",
        "country_code": "PK",
        "cou_name_en": "Pakistan",
        "population": 601600,
        "dem": 579,
        "timezone": "Asia/Karachi",
        "modification_date": "2019-09-05"
      }
    },
    {
      "type": "Feature",
      "geometry": {
        "type": "Point",
        "coordinates": [
          103.7578,
          1.4655
        ]
      },
      "properties": {
        "name": "Johor Bahru",
        "ascii_name": "Johor Bahru",
        "feature_class": "P",
        "feature_code": "PPLA",
        "country_code": "MY",
        "cou_name_en": "Malaysia",
        "population": 858118,
        "dem": 32,
        "timezone": "Asia/Kuala_Lumpur",
        "modification_date": "2024-11-13"
      }
    },
    {
      "type": "Feature",
      "geometry": {
        "type": "Point",
        "coordinates": [
          100.37085,
          5.58822
        ]
      },
      "properties": {
        "name": "Kota Kuala Muda",
        "ascii_name": "Kota Kuala Muda",
        "feature_class": "P",
        "feature_code": "PPL",
        "country_code": "MY",
        "cou_name_en": "Malaysia",
        "population": 544984,
        "dem": 4,
        "timezone": "Asia/Kuala_Lumpur",
        "modification_date": "2024-10-23"
      }
    },
    {
      "type": "Feature",
      "geometry": {
        "type": "Point",
        "coordinates": [
          32.58322,
          -25.96553
        ]
      },
      "properties": {
        "name": "Maputo",
        "ascii_name": "Maputo",
        "feature_class": "P",
        "feature_code": "PPLC",
        "country_code": "MZ",
        "cou_name_en": "Mozambique",
        "population": 1254837,
        "dem": 70,
        "timezone": "Africa/Maputo",
        "modification_date": "2024-01-18"
      }
    },
    {
      "type": "Feature",
      "geometry": {
        "type": "Point",
        "coordinates": [
          -118.24368,
          34.05223
        ]
      },
      "properties": {
        "name": "Los Angeles",
        "ascii_name": "Los Angeles",
        "feature_class": "P",
        "feature_code": "PPLA2",
        "country_code": "US",
        "cou_name_en": "United States",
        "population": 3820914,
        "dem": 96,
        "timezone": "America/Los_Angeles",
        "modification_date": "2025-07-22"
      }
    },
    {
      "type": "Feature",
      "geometry": {
        "type": "Point",
        "coordinates": [
          -56.18816,
          -34.90328
        ]
      },
      "properties": {
        "name": "Montevideo",
        "ascii_name": "Montevideo",
        "feature_class": "P",
        "feature_code": "PPLC",
        "country_code": "UY",
        "cou_name_en": "Uruguay",
        "population": 1270737,
        "dem": 34,
        "timezone": "America/Montevideo",
        "modification_date": "2024-09-05"
      }
    },
    {
      "type": "Feature",
      "geometry": {
        "type": "Point",
        "coordinates": [
          108.22083,
          16.06778
        ]
      },
      "properties": {
        "name": "Da Nang",
        "ascii_name": "Da Nang",
        "feature_class": "P",
        "feature_code": "PPLA",
        "country_code": "VN",
        "cou_name_en": "Viet Nam",
        "population": 1276000,
        "dem": 11,
        "timezone": "Asia/Ho_Chi_Minh",
        "modification_date": "2025-09-25"
      }
    },
    {
      "type": "Feature",
      "geometry": {
        "type": "Point",
        "coordinates": [
          28.18783,
          -25.74486
        ]
      },
      "properties": {
        "name": "Pretoria",
        "ascii_name": "Pretoria",
        "feature_class": "P",
        "feature_code": "PPLC",
        "country_code": "ZA",
        "cou_name_en": "South Africa",
        "population": 2112693,
        "dem": 1332,
        "timezone": "Africa/Johannesburg",
        "modification_date": "2024-12-02"
      }
    },
    {
      "type": "Feature",
      "geometry": {
        "type": "Point",
        "coordinates": [
          45.34375,
          2.03711
        ]
      },
      "properties": {
        "name": "Mogadishu",
        "ascii_name": "Mogadishu",
        "feature_class": "P",
        "feature_code": "PPLC",
        "country_code": "SO",
        "cou_name_en": "Somalia",
        "population": 2587183,
        "dem": 12,
        "timezone": "Africa/Mogadishu",
        "modification_date": "2025-10-18"
      }
    },
    {
      "type": "Feature",
      "geometry": {
        "type": "Point",
        "coordinates": [
          121.46719,
          25.01427
        ]
      },
      "properties": {
        "name": "Banqiao",
        "ascii_name": "Banqiao",
        "feature_class": "P",
        "feature_code": "PPLA2",
        "country_code": "TW",
        "cou_name_en": "Taiwan, China",
        "population": 551221,
        "dem": 12,
        "timezone": "Asia/Taipei",
        "modification_date": "2025-06-14"
      }
    },
    {
      "type": "Feature",
      "geometry": {
        "type": "Point",
        "coordinates": [
          36.08796,
          32.07275
        ]
      },
      "properties": {
        "name": "Zarqa",
        "ascii_name": "Zarqa",
        "feature_class": "P",
        "feature_code": "PPLA",
        "country_code": "JO",
        "cou_name_en": "Jordan",
        "population": 792665,
        "dem": 625,
        "timezone": "Asia/Amman",
        "modification_date": "2013-04-21"
      }
    },
    {
      "type": "Feature",
      "geometry": {
        "type": "Point",
        "coordinates": [
          132.76574,
          33.83916
        ]
      },
      "properties": {
        "name": "Matsuyama",
        "ascii_name": "Matsuyama",
        "feature_class": "P",
        "feature_code": "PPLA",
        "country_code": "JP",
        "cou_name_en": "Japan",
        "population": 511192,
        "dem": 28,
        "timezone": "Asia/Tokyo",
        "modification_date": "2024-12-02"
      }
    },
    {
      "type": "Feature",
      "geometry": {
        "type": "Point",
        "coordinates": [
          140.11667,
          35.6
        ]
      },
      "properties": {
        "name": "Chiba",
        "ascii_name": "Chiba",
        "feature_class": "P",
        "feature_code": "PPLA",
        "country_code": "JP",
        "cou_name_en": "Japan",
        "population": 979768,
        "dem": 5,
        "timezone": "Asia/Tokyo",
        "modification_date": "2025-06-21"
      }
    },
    {
      "type": "Feature",
      "geometry": {
        "type": "Point",
        "coordinates": [
          126.70515,
          37.45646
        ]
      },
      "properties": {
        "name": "Incheon",
        "ascii_name": "Incheon",
        "feature_class": "P",
        "feature_code": "PPLA",
        "country_code": "KR",
        "cou_name_en": "Korea, Republic of",
        "population": 3039450,
        "dem": 43,
        "timezone": "Asia/Seoul",
        "modification_date": "2025-09-30"
      }
    },
    {
      "type": "Feature",
      "geometry": {
        "type": "Point",
        "coordinates": [
          127.48972,
          36.63722
        ]
      },
      "properties": {
        "name": "Cheongju-si",
        "ascii_name": "Cheongju-si",
        "feature_class": "P",
        "feature_code": "PPLA",
        "country_code": "KR",
        "cou_name_en": "Korea, Republic of",
        "population": 853938,
        "dem": 49,
        "timezone": "Asia/Seoul",
        "modification_date": "2025-06-11"
      }
    },
    {
      "type": "Feature",
      "geometry": {
        "type": "Point",
        "coordinates": [
          -99.21598,
          19.64388
        ]
      },
      "properties": {
        "name": "Cuautitlán Izcalli",
        "ascii_name": "Cuautitlan Izcalli",
        "feature_class": "P",
        "feature_code": "PPL",
        "country_code": "MX",
        "cou_name_en": "Mexico",
        "population": 555163,
        "dem": 2288,
        "timezone": "America/Mexico_City",
        "modification_date": "2025-10-23"
      }
    },
    {
      "type": "Feature",
      "geometry": {
        "type": "Point",
        "coordinates": [
          19.47395,
          51.77058
        ]
      },
      "properties": {
        "name": "Łódź",
        "ascii_name": "Lodz",
        "feature_class": "P",
        "feature_code": "PPLA",
        "country_code": "PL",
        "cou_name_en": "Poland",
        "population": 768755,
        "dem": 214,
        "timezone": "Europe/Warsaw",
        "modification_date": "2024-02-24"
      }
    },
    {
      "type": "Feature",
      "geometry": {
        "type": "Point",
        "coordinates": [
          83.20161,
          17.68009
        ]
      },
      "properties": {
        "name": "Visakhapatnam",
        "ascii_name": "Visakhapatnam",
        "feature_class": "P",
        "feature_code": "PPLA2",
        "country_code": "IN",
        "cou_name_en": "India",
        "population": 1063178,
        "dem": 24,
        "timezone": "Asia/Kolkata",
        "modification_date": "2024-07-15"
      }
    },
    {
      "type": "Feature",
      "geometry": {
        "type": "Point",
        "coordinates": [
          86.42992,
          23.79759
        ]
      },
      "properties": {
        "name": "Dhanbad",
        "ascii_name": "Dhanbad",
        "feature_class": "P",
        "feature_code": "PPLA2",
        "country_code": "IN",
        "cou_name_en": "India",
        "population": 1196214,
        "dem": 247,
        "timezone": "Asia/Kolkata",
        "modification_date": "2024-01-07"
      }
    },
    {
      "type": "Feature",
      "geometry": {
        "type": "Point",
        "coordinates": [
          78.07464,
          27.88145
        ]
      },
      "properties": {
        "name": "Alīgarh",
        "ascii_name": "Aligarh",
        "feature_class": "P",
        "feature_code": "PPL",
        "country_code": "IN",
        "cou_name_en": "India",
        "population": 753207,
        "dem": 189,
        "timezone": "Asia/Kolkata",
        "modification_date": "2024-03-13"
      }
    },
    {
      "type": "Feature",
      "geometry": {
        "type": "Point",
        "coordinates": [
          109.22222,
          23.74743
        ]
      },
      "properties": {
        "name": "Laibin",
        "ascii_name": "Laibin",
        "feature_class": "P",
        "feature_code": "PPLA2",
        "country_code": "CN",
        "cou_name_en": "China",
        "population": 910282,
        "dem": 72,
        "timezone": "Asia/Shanghai",
        "modification_date": "2021-10-14"
      }
    },
    {
      "type": "Feature",
      "geometry": {
        "type": "Point",
        "coordinates": [
          102.71833,
          25.03889
        ]
      },
      "properties": {
        "name": "Kunming",
        "ascii_name": "Kunming",
        "feature_class": "P",
        "feature_code": "PPLA",
        "country_code": "CN",
        "cou_name_en": "China",
        "population": 3855346,
        "dem": 1895,
        "timezone": "Asia/Shanghai",
        "modification_date": "2025-02-22"
      }
    },
    {
      "type": "Feature",
      "geometry": {
        "type": "Point",
        "coordinates": [
          114.28616,
          35.73231
        ]
      },
      "properties": {
        "name": "Hebi",
        "ascii_name": "Hebi",
        "feature_class": "P",
        "feature_code": "PPLA2",
        "country_code": "CN",
        "cou_name_en": "China",
        "population": 634721,
        "dem": 84,
        "timezone": "Asia/Shanghai",
        "modification_date": "2025-03-11"
      }
    },
    {
      "type": "Feature",
      "geometry": {
        "type": "Point",
        "coordinates": [
          113.13148,
          23.02677
        ]
      },
      "properties": {
        "name": "Foshan",
        "ascii_name": "Foshan",
        "feature_class": "P",
        "feature_code": "PPLA2",
        "country_code": "CN",
        "cou_name_en": "China",
        "population": 9042509,
        "dem": 5,
        "timezone": "Asia/Shanghai",
        "modification_date": "2025-10-22"
      }
    },
    {
      "type": "Feature",
      "geometry": {
        "type": "Point",
        "coordinates": [
          120.87111,
          30.01556
        ]
      },
      "properties": {
        "name": "Shangyu",
        "ascii_name": "Shangyu",
        "feature_class": "P",
        "feature_code": "PPL",
        "country_code": "CN",
        "cou_name_en": "China",
        "population": 770000,
        "dem": 13,
        "timezone": "Asia/Shanghai",
        "modification_date": "2021-09-19"
      }
    },
    {
      "type": "Feature",
      "geometry": {
        "type": "Point",
        "coordinates": [
          120.83552,
          40.75243
        ]
      },
      "properties": {
        "name": "Huludao",
        "ascii_name": "Huludao",
        "feature_class": "P",
        "feature_code": "PPLA2",
        "country_code": "CN",
        "cou_name_en": "China",
        "population": 944495,
        "dem": 17,
        "timezone": "Asia/Shanghai",
        "modification_date": "2025-09-16"
      }
    },
    {
      "type": "Feature",
      "geometry": {
        "type": "Point",
        "coordinates": [
          124.39472,
          40.12917
        ]
      },
      "properties": {
        "name": "Dandong",
        "ascii_name": "Dandong",
        "feature_class": "P",
        "feature_code": "PPL",
        "country_code": "CN",
        "cou_name_en": "China",
        "population": 631973,
        "dem": 10,
        "timezone": "Asia/Shanghai",
        "modification_date": "2024-09-05"
      }
    },
    {
      "type": "Feature",
      "geometry": {
        "type": "Point",
        "coordinates": [
          -90.58544,
          14.52512
        ]
      },
      "properties": {
        "name": "Villa Nueva",
        "ascii_name": "Villa Nueva",
        "feature_class": "P",
        "feature_code": "PPLA2",
        "country_code": "GT",
        "cou_name_en": "Guatemala",
        "population": 618397,
        "dem": 1331,
        "timezone": "America/Guatemala",
        "modification_date": "2023-02-09"
      }
    },
    {
      "type": "Feature",
      "geometry": {
        "type": "Point",
        "coordinates": [
          -45.88694,
          -23.17944
        ]
      },
      "properties": {
        "name": "São José dos Campos",
        "ascii_name": "Sao Jose dos Campos",
        "feature_class": "P",
        "feature_code": "PPLA2",
        "country_code": "BR",
        "cou_name_en": "Brazil",
        "population": 729737,
        "dem": 596,
        "timezone": "America/Sao_Paulo",
        "modification_date": "2023-02-21"
      }
    },
    {
      "type": "Feature",
      "geometry": {
        "type": "Point",
        "coordinates": [
          -47.81028,
          -21.1775
        ]
      },
      "properties": {
        "name": "Ribeirão Preto",
        "ascii_name": "Ribeirao Preto",
        "feature_class": "P",
        "feature_code": "PPLA2",
        "country_code": "BR",
        "cou_name_en": "Brazil",
        "population": 711825,
        "dem": 554,
        "timezone": "America/Sao_Paulo",
        "modification_date": "2025-06-24"
      }
    },
    {
      "type": "Feature",
      "geometry": {
        "type": "Point",
        "coordinates": [
          -46.53333,
          -23.46278
        ]
      },
      "properties": {
        "name": "Guarulhos",
        "ascii_name": "Guarulhos",
        "feature_class": "P",
        "feature_code": "PPL",
        "country_code": "BR",
        "cou_name_en": "Brazil",
        "population": 1169577,
        "dem": 774,
        "timezone": "America/Sao_Paulo",
        "modification_date": "2017-12-12"
      }
    },
    {
      "type": "Feature",
      "geometry": {
        "type": "Point",
        "coordinates": [
          -43.93778,
          -19.92083
        ]
      },
      "properties": {
        "name": "Belo Horizonte",
        "ascii_name": "Belo Horizonte",
        "feature_class": "P",
        "feature_code": "PPLA",
        "country_code": "BR",
        "cou_name_en": "Brazil",
        "population": 2721564,
        "dem": 872,
        "timezone": "America/Sao_Paulo",
        "modification_date": "2025-10-18"
      }
    },
    {
      "type": "Feature",
      "geometry": {
        "type": "Point",
        "coordinates": [
          25.46674,
          -10.71484
        ]
      },
      "properties": {
        "name": "Kolwezi",
        "ascii_name": "Kolwezi",
        "feature_class": "P",
        "feature_code": "PPLA2",
        "country_code": "CD",
        "cou_name_en": "Congo, Democratic Republic of the",
        "population": 790248,
        "dem": 1485,
        "timezone": "Africa/Lubumbashi",
        "modification_date": "2025-05-08"
      }
    },
    {
      "type": "Feature",
      "geometry": {
        "type": "Point",
        "coordinates": [
          101.68653,
          3.1412
        ]
      },
      "properties": {
        "name": "Kuala Lumpur",
        "ascii_name": "Kuala Lumpur",
        "feature_class": "P",
        "feature_code": "PPLC",
        "country_code": "MY",
        "cou_name_en": "Malaysia",
        "population": 1453975,
        "dem": 56,
        "timezone": "Asia/Kuala_Lumpur",
        "modification_date": "2025-11-03"
      }
    },
    {
      "type": "Feature",
      "geometry": {
        "type": "Point",
        "coordinates": [
          101.58022,
          3.15454
        ]
      },
      "properties": {
        "name": "Kota Damansara",
        "ascii_name": "Kota Damansara",
        "feature_class": "P",
        "feature_code": "PPL",
        "country_code": "MY",
        "cou_name_en": "Malaysia",
        "population": 500000,
        "dem": 70,
        "timezone": "Asia/Kuala_Lumpur",
        "modification_date": "2024-04-21"
      }
    },
    {
      "type": "Feature",
      "geometry": {
        "type": "Point",
        "coordinates": [
          7.0134,
          4.77742
        ]
      },
      "properties": {
        "name": "Port Harcourt",
        "ascii_name": "Port Harcourt",
        "feature_class": "P",
        "feature_code": "PPLA",
        "country_code": "NG",
        "cou_name_en": "Nigeria",
        "population": 2120000,
        "dem": 16,
        "timezone": "Africa/Lagos",
        "modification_date": "2024-04-26"
      }
    },
    {
      "type": "Feature",
      "geometry": {
        "type": "Point",
        "coordinates": [
          -86.2504,
          12.13282
        ]
      },
      "properties": {
        "name": "Managua",
        "ascii_name": "Managua",
        "feature_class": "P",
        "feature_code": "PPLC",
        "country_code": "NI",
        "cou_name_en": "Nicaragua",
        "population": 973087,
        "dem": 108,
        "timezone": "America/Managua",
        "modification_date": "2019-09-05"
      }
    },
    {
      "type": "Feature",
      "geometry": {
        "type": "Point",
        "coordinates": [
          124.43972,
          7.20417
        ]
      },
      "properties": {
        "name": "Budta",
        "ascii_name": "Budta",
        "feature_class": "P",
        "feature_code": "PPL",
        "country_code": "PH",
        "cou_name_en": "Philippines",
        "population": 1273715,
        "dem": 4,
        "timezone": "Asia/Manila",
        "modification_date": "2025-04-23"
      }
    },
    {
      "type": "Feature",
      "geometry": {
        "type": "Point",
        "coordinates": [
          71.57849,
          34.008
        ]
      },
      "properties": {
        "name": "Peshawar",
        "ascii_name": "Peshawar",
        "feature_class": "P",
        "feature_code": "PPLA",
        "country_code": "PK",
        "cou_name_en": "Pakistan",
        "population": 4758762,
        "dem": 340,
        "timezone": "Asia/Karachi",
        "modification_date": "2025-11-05"
      }
    },
    {
      "type": "Feature",
      "geometry": {
        "type": "Point",
        "coordinates": [
          -74.08175,
          4.60971
        ]
      },
      "properties": {
        "name": "Bogotá",
        "ascii_name": "Bogota",
        "feature_class": "P",
        "feature_code": "PPLC",
        "country_code": "CO",
        "cou_name_en": "Colombia",
        "population": 7674366,
        "dem": 2582,
        "timezone": "America/Bogota",
        "modification_date": "2024-03-26"
      }
    },
    {
      "type": "Feature",
      "geometry": {
        "type": "Point",
        "coordinates": [
          9.73322,
          52.37052
        ]
      },
      "properties": {
        "name": "Hannover",
        "ascii_name": "Hannover",
        "feature_class": "P",
        "feature_code": "PPLA",
        "country_code": "DE",
        "cou_name_en": "Germany",
        "population": 515140,
        "dem": 57,
        "timezone": "Europe/Berlin",
        "modification_date": "2019-09-12"
      }
    },
    {
      "type": "Feature",
      "geometry": {
        "type": "Point",
        "coordinates": [
          -4.0159,
          5.41613
        ]
      },
      "properties": {
        "name": "Abobo",
        "ascii_name": "Abobo",
        "feature_class": "P",
        "feature_code": "PPL",
        "country_code": "CI",
        "cou_name_en": "Côte d'Ivoire",
        "population": 1340083,
        "dem": 105,
        "timezone": "Africa/Abidjan",
        "modification_date": "2022-12-14"
      }
    },
    {
      "type": "Feature",
      "geometry": {
        "type": "Point",
        "coordinates": [
          -70.57577,
          -33.61169
        ]
      },
      "properties": {
        "name": "Puente Alto",
        "ascii_name": "Puente Alto",
        "feature_class": "P",
        "feature_code": "PPLA2",
        "country_code": "CL",
        "cou_name_en": "Chile",
        "population": 568106,
        "dem": 700,
        "timezone": "America/Santiago",
        "modification_date": "2022-08-24"
      }
    },
    {
      "type": "Feature",
      "geometry": {
        "type": "Point",
        "coordinates": [
          110.14686,
          22.6305
        ]
      },
      "properties": {
        "name": "Yulin",
        "ascii_name": "Yulin",
        "feature_class": "P",
        "feature_code": "PPLA3",
        "country_code": "CN",
        "cou_name_en": "China",
        "population": 1056743,
        "dem": 87,
        "timezone": "Asia/Shanghai",
        "modification_date": "2021-10-14"
      }
    },
    {
      "type": "Feature",
      "geometry": {
        "type": "Point",
        "coordinates": [
          113.92221,
          30.92689
        ]
      },
      "properties": {
        "name": "Xiaogan",
        "ascii_name": "Xiaogan",
        "feature_class": "P",
        "feature_code": "PPLA2",
        "country_code": "CN",
        "cou_name_en": "China",
        "population": 908266,
        "dem": 35,
        "timezone": "Asia/Shanghai",
        "modification_date": "2021-10-20"
      }
    },
    {
      "type": "Feature",
      "geometry": {
        "type": "Point",
        "coordinates": [
          113.56778,
          22.27694
        ]
      },
      "properties": {
        "name": "Zhuhai",
        "ascii_name": "Zhuhai",
        "feature_class": "P",
        "feature_code": "PPLA2",
        "country_code": "CN",
        "cou_name_en": "China",
        "population": 2207090,
        "dem": 35,
        "timezone": "Asia/Shanghai",
        "modification_date": "2025-11-15"
      }
    },
    {
      "type": "Feature",
      "geometry": {
        "type": "Point",
        "coordinates": [
          111.19287,
          34.78081
        ]
      },
      "properties": {
        "name": "Sanmenxia",
        "ascii_name": "Sanmenxia",
        "feature_class": "P",
        "feature_code": "PPLA2",
        "country_code": "CN",
        "cou_name_en": "China",
        "population": 669307,
        "dem": 385,
        "timezone": "Asia/Shanghai",
        "modification_date": "2025-01-10"
      }
    },
    {
      "type": "Feature",
      "geometry": {
        "type": "Point",
        "coordinates": [
          118.86861,
          28.95944
        ]
      },
      "properties": {
        "name": "Quzhou",
        "ascii_name": "Quzhou",
        "feature_class": "P",
        "feature_code": "PPL",
        "country_code": "CN",
        "cou_name_en": "China",
        "population": 902767,
        "dem": 77,
        "timezone": "Asia/Shanghai",
        "modification_date": "2021-10-07"
      }
    },
    {
      "type": "Feature",
      "geometry": {
        "type": "Point",
        "coordinates": [
          120.38042,
          36.06488
        ]
      },
      "properties": {
        "name": "Qingdao",
        "ascii_name": "Qingdao",
        "feature_class": "P",
        "feature_code": "PPLA2",
        "country_code": "CN",
        "cou_name_en": "China",
        "population": 7172451,
        "dem": 16,
        "timezone": "Asia/Shanghai",
        "modification_date": "2024-03-26"
      }
    },
    {
      "type": "Feature",
      "geometry": {
        "type": "Point",
        "coordinates": [
          114.30742,
          34.7986
        ]
      },
      "properties": {
        "name": "Kaifeng",
        "ascii_name": "Kaifeng",
        "feature_class": "P",
        "feature_code": "PPL",
        "country_code": "CN",
        "cou_name_en": "China",
        "population": 1451741,
        "dem": 76,
        "timezone": "Asia/Shanghai",
        "modification_date": "2021-10-20"
      }
    },
    {
      "type": "Feature",
      "geometry": {
        "type": "Point",
        "coordinates": [
          116.99722,
          36.66833
        ]
      },
      "properties": {
        "name": "Jinan",
        "ascii_name": "Jinan",
        "feature_class": "P",
        "feature_code": "PPLA",
        "country_code": "CN",
        "cou_name_en": "China",
        "population": 4335989,
        "dem": 32,
        "timezone": "Asia/Shanghai",
        "modification_date": "2025-02-22"
      }
    },
    {
      "type": "Feature",
      "geometry": {
        "type": "Point",
        "coordinates": [
          120.75,
          30.7522
        ]
      },
      "properties": {
        "name": "Jiaxing",
        "ascii_name": "Jiaxing",
        "feature_class": "P",
        "feature_code": "PPLA2",
        "country_code": "CN",
        "cou_name_en": "China",
        "population": 1180000,
        "dem": 8,
        "timezone": "Asia/Shanghai",
        "modification_date": "2025-03-18"
      }
    },
    {
      "type": "Feature",
      "geometry": {
        "type": "Point",
        "coordinates": [
          120.0933,
          30.8703
        ]
      },
      "properties": {
        "name": "Huzhou",
        "ascii_name": "Huzhou",
        "feature_class": "P",
        "feature_code": "PPLA2",
        "country_code": "CN",
        "cou_name_en": "China",
        "population": 1015937,
        "dem": 6,
        "timezone": "Asia/Shanghai",
        "modification_date": "2025-08-20"
      }
    },
    {
      "type": "Feature",
      "geometry": {
        "type": "Point",
        "coordinates": [
          114.88655,
          30.39607
        ]
      },
      "properties": {
        "name": "E’zhou",
        "ascii_name": "E'zhou",
        "feature_class": "P",
        "feature_code": "PPLA2",
        "country_code": "CN",
        "cou_name_en": "China",
        "population": 668727,
        "dem": 29,
        "timezone": "Asia/Shanghai",
        "modification_date": "2025-08-19"
      }
    },
    {
      "type": "Feature",
      "geometry": {
        "type": "Point",
        "coordinates": [
          120.74221,
          31.64615
        ]
      },
      "properties": {
        "geoname_id": "7283386",
        "name": "Changshu",
        "ascii_name": "Changshu",
        "alternate_names": null,
        "feature_class": "P",
        "feature_code": "PPLA3",
        "country_code": "CN",
        "cou_name_en": "China",
        "country_code_2": null,
        "admin1_code": "04",
        "admin2_code": "3205",
        "admin3_code": null,
        "admin4_code": null,
        "population": 1677050,
        "elevation": null,
        "dem": 9,
        "timezone": "Asia/Shanghai",
        "modification_date": "2022-04-01",
        "label_en": "China"
      }
    },
    {
      "type": "Feature",
      "geometry": {
        "type": "Point",
        "coordinates": [
          13.41053,
          52.52437
        ]
      },
      "properties": {
        "name": "Berlin",
        "ascii_name": "Berlin",
        "feature_class": "P",
        "feature_code": "PPLC",
        "country_code": "DE",
        "cou_name_en": "Germany",
        "population": 3426354,
        "dem": 43,
        "timezone": "Europe/Berlin",
        "modification_date": "2025-07-22"
      }
    },
    {
      "type": "Feature",
      "geometry": {
        "type": "Point",
        "coordinates": [
          12.56553,
          55.67594
        ]
      },
      "properties": {
        "name": "Copenhagen",
        "ascii_name": "Copenhagen",
        "feature_class": "P",
        "feature_code": "PPLC",
        "country_code": "DK",
        "cou_name_en": "Denmark",
        "population": 1153615,
        "dem": 14,
        "timezone": "Europe/Copenhagen",
        "modification_date": "2024-09-05"
      }
    },
    {
      "type": "Feature",
      "geometry": {
        "type": "Point",
        "coordinates": [
          -34.86306,
          -7.115
        ]
      },
      "properties": {
        "name": "João Pessoa",
        "ascii_name": "Joao Pessoa",
        "feature_class": "P",
        "feature_code": "PPLA",
        "country_code": "BR",
        "cou_name_en": "Brazil",
        "population": 817511,
        "dem": 45,
        "timezone": "America/Fortaleza",
        "modification_date": "2023-02-21"
      }
    },
    {
      "type": "Feature",
      "geometry": {
        "type": "Point",
        "coordinates": [
          -79.84963,
          43.25011
        ]
      },
      "properties": {
        "name": "Hamilton",
        "ascii_name": "Hamilton",
        "feature_class": "P",
        "feature_code": "PPL",
        "country_code": "CA",
        "cou_name_en": "Canada",
        "population": 569353,
        "dem": 95,
        "timezone": "America/Toronto",
        "modification_date": "2025-08-04"
      }
    },
    {
      "type": "Feature",
      "geometry": {
        "type": "Point",
        "coordinates": [
          -122.82509,
          49.10635
        ]
      },
      "properties": {
        "name": "Surrey",
        "ascii_name": "Surrey",
        "feature_class": "P",
        "feature_code": "PPL",
        "country_code": "CA",
        "cou_name_en": "Canada",
        "population": 568322,
        "dem": 82,
        "timezone": "America/Vancouver",
        "modification_date": "2025-09-17"
      }
    },
    {
      "type": "Feature",
      "geometry": {
        "type": "Point",
        "coordinates": [
          49.89201,
          40.37767
        ]
      },
      "properties": {
        "name": "Baku",
        "ascii_name": "Baku",
        "feature_class": "P",
        "feature_code": "PPLC",
        "country_code": "AZ",
        "cou_name_en": "Azerbaijan",
        "population": 1116513,
        "dem": -23,
        "timezone": "Asia/Baku",
        "modification_date": "2024-12-12"
      }
    },
    {
      "type": "Feature",
      "geometry": {
        "type": "Point",
        "coordinates": [
          38.93184,
          15.33805
        ]
      },
      "properties": {
        "name": "Asmara",
        "ascii_name": "Asmara",
        "feature_class": "P",
        "feature_code": "PPLC",
        "country_code": "ER",
        "cou_name_en": "Eritrea",
        "population": 563930,
        "dem": 2334,
        "timezone": "Africa/Asmara",
        "modification_date": "2021-03-10"
      }
    },
    {
      "type": "Feature",
      "geometry": {
        "type": "Point",
        "coordinates": [
          -75.49328,
          10.39817
        ]
      },
      "properties": {
        "name": "Cartagena",
        "ascii_name": "Cartagena",
        "feature_class": "P",
        "feature_code": "PPLA",
        "country_code": "CO",
        "cou_name_en": "Colombia",
        "population": 914552,
        "dem": 20,
        "timezone": "America/Bogota",
        "modification_date": "2025-05-15"
      }
    },
    {
      "type": "Feature",
      "geometry": {
        "type": "Point",
        "coordinates": [
          7.466,
          51.51494
        ]
      },
      "properties": {
        "name": "Dortmund",
        "ascii_name": "Dortmund",
        "feature_class": "P",
        "feature_code": "PPLA3",
        "country_code": "DE",
        "cou_name_en": "Germany",
        "population": 588462,
        "dem": 96,
        "timezone": "Europe/Berlin",
        "modification_date": "2021-07-25"
      }
    },
    {
      "type": "Feature",
      "geometry": {
        "type": "Point",
        "coordinates": [
          -51.16278,
          -23.31028
        ]
      },
      "properties": {
        "name": "Londrina",
        "ascii_name": "Londrina",
        "feature_class": "P",
        "feature_code": "PPLA2",
        "country_code": "BR",
        "cou_name_en": "Brazil",
        "population": 588125,
        "dem": 605,
        "timezone": "America/Sao_Paulo",
        "modification_date": "2023-02-21"
      }
    },
    {
      "type": "Feature",
      "geometry": {
        "type": "Point",
        "coordinates": [
          -43.35028,
          -21.76417
        ]
      },
      "properties": {
        "name": "Juiz de Fora",
        "ascii_name": "Juiz de Fora",
        "feature_class": "P",
        "feature_code": "PPLA2",
        "country_code": "BR",
        "cou_name_en": "Brazil",
        "population": 573285,
        "dem": 707,
        "timezone": "America/Sao_Paulo",
        "modification_date": "2023-02-21"
      }
    },
    {
      "type": "Feature",
      "geometry": {
        "type": "Point",
        "coordinates": [
          27.56653,
          53.90019
        ]
      },
      "properties": {
        "name": "Minsk",
        "ascii_name": "Minsk",
        "feature_class": "P",
        "feature_code": "PPLC",
        "country_code": "BY",
        "cou_name_en": "Belarus",
        "population": 1742124,
        "dem": 222,
        "timezone": "Europe/Minsk",
        "modification_date": "2025-11-01"
      }
    },
    {
      "type": "Feature",
      "geometry": {
        "type": "Point",
        "coordinates": [
          15.31357,
          -4.32758
        ]
      },
      "properties": {
        "name": "Kinshasa",
        "ascii_name": "Kinshasa",
        "feature_class": "P",
        "feature_code": "PPLC",
        "country_code": "CD",
        "cou_name_en": "Congo, Democratic Republic of the",
        "population": 16000000,
        "dem": 281,
        "timezone": "Africa/Kinshasa",
        "modification_date": "2023-11-29"
      }
    },
    {
      "type": "Feature",
      "geometry": {
        "type": "Point",
        "coordinates": [
          117.94287,
          28.45179
        ]
      },
      "properties": {
        "name": "Shangrao",
        "ascii_name": "Shangrao",
        "feature_class": "P",
        "feature_code": "PPLA2",
        "country_code": "CN",
        "cou_name_en": "China",
        "population": 1116486,
        "dem": 84,
        "timezone": "Asia/Shanghai",
        "modification_date": "2021-10-07"
      }
    },
    {
      "type": "Feature",
      "geometry": {
        "type": "Point",
        "coordinates": [
          119.90812,
          32.49069
        ]
      },
      "properties": {
        "name": "Taizhou",
        "ascii_name": "Taizhou",
        "feature_class": "P",
        "feature_code": "PPLA3",
        "country_code": "CN",
        "cou_name_en": "China",
        "population": 1607108,
        "dem": 10,
        "timezone": "Asia/Shanghai",
        "modification_date": "2021-10-07"
      }
    },
    {
      "type": "Feature",
      "geometry": {
        "type": "Point",
        "coordinates": [
          116.97889,
          33.63611
        ]
      },
      "properties": {
        "name": "Suzhou",
        "ascii_name": "Suzhou",
        "feature_class": "P",
        "feature_code": "PPLA2",
        "country_code": "CN",
        "cou_name_en": "China",
        "population": 1647642,
        "dem": 34,
        "timezone": "Asia/Shanghai",
        "modification_date": "2024-03-26"
      }
    },
    {
      "type": "Feature",
      "geometry": {
        "type": "Point",
        "coordinates": [
          119.01917,
          33.58861
        ]
      },
      "properties": {
        "name": "Huai'an",
        "ascii_name": "Huai'an",
        "feature_class": "P",
        "feature_code": "PPL",
        "country_code": "CN",
        "cou_name_en": "China",
        "population": 2494013,
        "dem": 14,
        "timezone": "Asia/Shanghai",
        "modification_date": "2025-08-20"
      }
    },
    {
      "type": "Feature",
      "geometry": {
        "type": "Point",
        "coordinates": [
          117.01775,
          25.07485
        ]
      },
      "properties": {
        "name": "Longyan",
        "ascii_name": "Longyan",
        "feature_class": "P",
        "feature_code": "PPLA2",
        "country_code": "CN",
        "cou_name_en": "China",
        "population": 1025087,
        "dem": 318,
        "timezone": "Asia/Shanghai",
        "modification_date": "2021-10-08"
      }
    },
    {
      "type": "Feature",
      "geometry": {
        "type": "Point",
        "coordinates": [
          113.62709,
          28.15861
        ]
      },
      "properties": {
        "name": "Guankou",
        "ascii_name": "Guankou",
        "feature_class": "P",
        "feature_code": "PPLA3",
        "country_code": "CN",
        "cou_name_en": "China",
        "population": 1380000,
        "dem": 79,
        "timezone": "Asia/Shanghai",
        "modification_date": "2021-09-20"
      }
    },
    {
      "type": "Feature",
      "geometry": {
        "type": "Point",
        "coordinates": [
          107.02214,
          33.07507
        ]
      },
      "properties": {
        "name": "Hanzhong",
        "ascii_name": "Hanzhong",
        "feature_class": "P",
        "feature_code": "PPLA2",
        "country_code": "CN",
        "cou_name_en": "China",
        "population": 1006557,
        "dem": 517,
        "timezone": "Asia/Shanghai",
        "modification_date": "2025-08-18"
      }
    },
    {
      "type": "Feature",
      "geometry": {
        "type": "Point",
        "coordinates": [
          114.48764,
          36.60999
        ]
      },
      "properties": {
        "name": "Handan",
        "ascii_name": "Handan",
        "feature_class": "P",
        "feature_code": "PPLA2",
        "country_code": "CN",
        "cou_name_en": "China",
        "population": 1358318,
        "dem": 61,
        "timezone": "Asia/Shanghai",
        "modification_date": "2025-11-15"
      }
    },
    {
      "type": "Feature",
      "geometry": {
        "type": "Point",
        "coordinates": [
          114.9326,
          25.84664
        ]
      },
      "properties": {
        "name": "Ganzhou",
        "ascii_name": "Ganzhou",
        "feature_class": "P",
        "feature_code": "PPLA2",
        "country_code": "CN",
        "cou_name_en": "China",
        "population": 1977253,
        "dem": 117,
        "timezone": "Asia/Shanghai",
        "modification_date": "2024-07-13"
      }
    },
    {
      "type": "Feature",
      "geometry": {
        "type": "Point",
        "coordinates": [
          122.04944,
          41.18806
        ]
      },
      "properties": {
        "name": "Panshan",
        "ascii_name": "Panshan",
        "feature_class": "P",
        "feature_code": "PPL",
        "country_code": "CN",
        "cou_name_en": "China",
        "population": 625040,
        "dem": 9,
        "timezone": "Asia/Shanghai",
        "modification_date": "2021-09-20"
      }
    },
    {
      "type": "Feature",
      "geometry": {
        "type": "Point",
        "coordinates": [
          35.11714,
          47.85167
        ]
      },
      "properties": {
        "name": "Zaporizhzhya",
        "ascii_name": "Zaporizhzhya",
        "feature_class": "P",
        "feature_code": "PPLA",
        "country_code": "UA",
        "cou_name_en": "Ukraine",
        "population": 710052,
        "dem": 63,
        "timezone": "Europe/Kyiv",
        "modification_date": "2025-12-04"
      }
    },
    {
      "type": "Feature",
      "geometry": {
        "type": "Point",
        "coordinates": [
          30.5238,
          50.45466
        ]
      },
      "properties": {
        "name": "Kyiv",
        "ascii_name": "Kyiv",
        "feature_class": "P",
        "feature_code": "PPLC",
        "country_code": "UA",
        "cou_name_en": "Ukraine",
        "population": 2797553,
        "dem": 187,
        "timezone": "Europe/Kyiv",
        "modification_date": "2025-11-30"
      }
    },
    {
      "type": "Feature",
      "geometry": {
        "type": "Point",
        "coordinates": [
          36.25475,
          49.98177
        ]
      },
      "properties": {
        "name": "Kharkiv",
        "ascii_name": "Kharkiv",
        "feature_class": "P",
        "feature_code": "PPLA",
        "country_code": "UA",
        "cou_name_en": "Ukraine",
        "population": 1433886,
        "dem": 128,
        "timezone": "Europe/Kyiv",
        "modification_date": "2025-12-04"
      }
    },
    {
      "type": "Feature",
      "geometry": {
        "type": "Point",
        "coordinates": [
          -85.75941,
          38.25424
        ]
      },
      "properties": {
        "name": "Louisville",
        "ascii_name": "Louisville",
        "feature_class": "P",
        "feature_code": "PPLA2",
        "country_code": "US",
        "cou_name_en": "United States",
        "population": 624444,
        "dem": 143,
        "timezone": "America/Kentucky/Louisville",
        "modification_date": "2025-04-14"
      }
    },
    {
      "type": "Feature",
      "geometry": {
        "type": "Point",
        "coordinates": [
          40.41583,
          21.27028
        ]
      },
      "properties": {
        "name": "Ta’if",
        "ascii_name": "Ta'if",
        "feature_class": "P",
        "feature_code": "PPL",
        "country_code": "SA",
        "cou_name_en": "Saudi Arabia",
        "population": 688693,
        "dem": 1672,
        "timezone": "Asia/Riyadh",
        "modification_date": "2022-10-23"
      }
    },
    {
      "type": "Feature",
      "geometry": {
        "type": "Point",
        "coordinates": [
          46.72185,
          24.68773
        ]
      },
      "properties": {
        "name": "Riyadh",
        "ascii_name": "Riyadh",
        "feature_class": "P",
        "feature_code": "PPLC",
        "country_code": "SA",
        "cou_name_en": "Saudi Arabia",
        "population": 4205961,
        "dem": 612,
        "timezone": "Asia/Riyadh",
        "modification_date": "2024-03-26"
      }
    },
    {
      "type": "Feature",
      "geometry": {
        "type": "Point",
        "coordinates": [
          39.61417,
          24.46861
        ]
      },
      "properties": {
        "name": "Madinah",
        "ascii_name": "Madinah",
        "feature_class": "P",
        "feature_code": "PPLA",
        "country_code": "SA",
        "cou_name_en": "Saudi Arabia",
        "population": 1300000,
        "dem": 603,
        "timezone": "Asia/Riyadh",
        "modification_date": "2025-01-03"
      }
    },
    {
      "type": "Feature",
      "geometry": {
        "type": "Point",
        "coordinates": [
          18.06871,
          59.32938
        ]
      },
      "properties": {
        "name": "Stockholm",
        "ascii_name": "Stockholm",
        "feature_class": "P",
        "feature_code": "PPLC",
        "country_code": "SE",
        "cou_name_en": "Sweden",
        "population": 1515017,
        "dem": 17,
        "timezone": "Europe/Stockholm",
        "modification_date": "2024-06-20"
      }
    },
    {
      "type": "Feature",
      "geometry": {
        "type": "Point",
        "coordinates": [
          120.31333,
          22.61626
        ]
      },
      "properties": {
        "name": "Kaohsiung",
        "ascii_name": "Kaohsiung",
        "feature_class": "P",
        "feature_code": "PPLA",
        "country_code": "TW",
        "cou_name_en": "Taiwan, China",
        "population": 2737660,
        "dem": 9,
        "timezone": "Asia/Taipei",
        "modification_date": "2025-06-14"
      }
    },
    {
      "type": "Feature",
      "geometry": {
        "type": "Point",
        "coordinates": [
          -112.07404,
          33.44838
        ]
      },
      "properties": {
        "name": "Phoenix",
        "ascii_name": "Phoenix",
        "feature_class": "P",
        "feature_code": "PPLA",
        "country_code": "US",
        "cou_name_en": "United States",
        "population": 1650070,
        "dem": 366,
        "timezone": "America/Phoenix",
        "modification_date": "2025-04-14"
      }
    },
    {
      "type": "Feature",
      "geometry": {
        "type": "Point",
        "coordinates": [
          -66.87919,
          10.48801
        ]
      },
      "properties": {
        "name": "Caracas",
        "ascii_name": "Caracas",
        "feature_class": "P",
        "feature_code": "PPLC",
        "country_code": "VE",
        "cou_name_en": "Venezuela, Bolivarian Rep. of",
        "population": 3000000,
        "dem": 887,
        "timezone": "America/Caracas",
        "modification_date": "2025-11-01"
      }
    },
    {
      "type": "Feature",
      "geometry": {
        "type": "Point",
        "coordinates": [
          44.02091,
          13.57952
        ]
      },
      "properties": {
        "name": "Taiz",
        "ascii_name": "Taiz",
        "feature_class": "P",
        "feature_code": "PPLA",
        "country_code": "YE",
        "cou_name_en": "Yemen",
        "population": 940600,
        "dem": 1316,
        "timezone": "Asia/Aden",
        "modification_date": "2025-06-20"
      }
    },
    {
      "type": "Feature",
      "geometry": {
        "type": "Point",
        "coordinates": [
          28.2268,
          -25.99636
        ]
      },
      "properties": {
        "name": "Thembisa",
        "ascii_name": "Thembisa",
        "feature_class": "P",
        "feature_code": "PPL",
        "country_code": "ZA",
        "cou_name_en": "South Africa",
        "population": 511655,
        "dem": 1577,
        "timezone": "Africa/Johannesburg",
        "modification_date": "2024-04-02"
      }
    },
    {
      "type": "Feature",
      "geometry": {
        "type": "Point",
        "coordinates": [
          27.85849,
          -26.26781
        ]
      },
      "properties": {
        "name": "Soweto",
        "ascii_name": "Soweto",
        "feature_class": "P",
        "feature_code": "PPL",
        "country_code": "ZA",
        "cou_name_en": "South Africa",
        "population": 1695047,
        "dem": 1632,
        "timezone": "Africa/Johannesburg",
        "modification_date": "2012-07-12"
      }
    },
    {
      "type": "Feature",
      "geometry": {
        "type": "Point",
        "coordinates": [
          18.42322,
          -33.92584
        ]
      },
      "properties": {
        "name": "Cape Town",
        "ascii_name": "Cape Town",
        "feature_class": "P",
        "feature_code": "PPLA",
        "country_code": "ZA",
        "cou_name_en": "South Africa",
        "population": 4772846,
        "dem": 25,
        "timezone": "Africa/Johannesburg",
        "modification_date": "2025-06-11"
      }
    },
    {
      "type": "Feature",
      "geometry": {
        "type": "Point",
        "coordinates": [
          -117.00371,
          32.5027
        ]
      },
      "properties": {
        "name": "Tijuana",
        "ascii_name": "Tijuana",
        "feature_class": "P",
        "feature_code": "PPLA2",
        "country_code": "MX",
        "cou_name_en": "Mexico",
        "population": 1922523,
        "dem": 97,
        "timezone": "America/Tijuana",
        "modification_date": "2023-02-01"
      }
    },
    {
      "type": "Feature",
      "geometry": {
        "type": "Point",
        "coordinates": [
          35.85,
          32.55556
        ]
      },
      "properties": {
        "name": "Irbid",
        "ascii_name": "Irbid",
        "feature_class": "P",
        "feature_code": "PPLA",
        "country_code": "JO",
        "cou_name_en": "Jordan",
        "population": 569068,
        "dem": 570,
        "timezone": "Asia/Amman",
        "modification_date": "2022-09-27"
      }
    },
    {
      "type": "Feature",
      "geometry": {
        "type": "Point",
        "coordinates": [
          135.75385,
          35.02107
        ]
      },
      "properties": {
        "name": "Kyoto",
        "ascii_name": "Kyoto",
        "feature_class": "P",
        "feature_code": "PPLA",
        "country_code": "JP",
        "cou_name_en": "Japan",
        "population": 1463723,
        "dem": 50,
        "timezone": "Asia/Tokyo",
        "modification_date": "2022-10-24"
      }
    },
    {
      "type": "Feature",
      "geometry": {
        "type": "Point",
        "coordinates": [
          76.97982,
          28.60922
        ]
      },
      "properties": {
        "name": "Najafgarh",
        "ascii_name": "Najafgarh",
        "feature_class": "P",
        "feature_code": "PPL",
        "country_code": "IN",
        "cou_name_en": "India",
        "population": 1365000,
        "dem": 215,
        "timezone": "Asia/Kolkata",
        "modification_date": "2024-01-06"
      }
    },
    {
      "type": "Feature",
      "geometry": {
        "type": "Point",
        "coordinates": [
          75.8333,
          22.71792
        ]
      },
      "properties": {
        "name": "Indore",
        "ascii_name": "Indore",
        "feature_class": "P",
        "feature_code": "PPL",
        "country_code": "IN",
        "cou_name_en": "India",
        "population": 1994397,
        "dem": 550,
        "timezone": "Asia/Kolkata",
        "modification_date": "2025-06-20"
      }
    },
    {
      "type": "Feature",
      "geometry": {
        "type": "Point",
        "coordinates": [
          76.96612,
          11.00555
        ]
      },
      "properties": {
        "name": "Coimbatore",
        "ascii_name": "Coimbatore",
        "feature_class": "P",
        "feature_code": "PPL",
        "country_code": "IN",
        "cou_name_en": "India",
        "population": 2136916,
        "dem": 425,
        "timezone": "Asia/Kolkata",
        "modification_date": "2024-01-06"
      }
    },
    {
      "type": "Feature",
      "geometry": {
        "type": "Point",
        "coordinates": [
          76.26667,
          9.96667
        ]
      },
      "properties": {
        "geoname_id": "12501153",
        "name": "Kanayannur",
        "ascii_name": "Kanayannur",
        "alternate_names": null,
        "feature_class": "P",
        "feature_code": "PPL",
        "country_code": "IN",
        "cou_name_en": "India",
        "country_code_2": null,
        "admin1_code": "13",
        "admin2_code": "595",
        "admin3_code": 5660,
        "admin4_code": null,
        "population": 851406,
        "elevation": null,
        "dem": 1,
        "timezone": "Asia/Kolkata",
        "modification_date": "2024-01-06",
        "label_en": "India"
      }
    },
    {
      "type": "Feature",
      "geometry": {
        "type": "Point",
        "coordinates": [
          47.7804,
          30.50852
        ]
      },
      "properties": {
        "name": "Basrah",
        "ascii_name": "Basrah",
        "feature_class": "P",
        "feature_code": "PPLA",
        "country_code": "IQ",
        "cou_name_en": "Iraq",
        "population": 1326564,
        "dem": 4,
        "timezone": "Asia/Baghdad",
        "modification_date": "2024-02-14"
      }
    },
    {
      "type": "Feature",
      "geometry": {
        "type": "Point",
        "coordinates": [
          70.60403,
          32.98527
        ]
      },
      "properties": {
        "name": "Bannu",
        "ascii_name": "Bannu",
        "feature_class": "P",
        "feature_code": "PPLA2",
        "country_code": "PK",
        "cou_name_en": "Pakistan",
        "population": 1357890,
        "dem": 379,
        "timezone": "Asia/Karachi",
        "modification_date": "2025-02-06"
      }
    },
    {
      "type": "Feature",
      "geometry": {
        "type": "Point",
        "coordinates": [
          4.56032,
          7.4824
        ]
      },
      "properties": {
        "name": "Ile-Ife",
        "ascii_name": "Ile-Ife",
        "feature_class": "P",
        "feature_code": "PPLA2",
        "country_code": "NG",
        "cou_name_en": "Nigeria",
        "population": 560000,
        "dem": 295,
        "timezone": "Africa/Lagos",
        "modification_date": "2024-01-18"
      }
    },
    {
      "type": "Feature",
      "geometry": {
        "type": "Point",
        "coordinates": [
          13.18562,
          -8.91783
        ]
      },
      "properties": {
        "name": "Talatona",
        "ascii_name": "Talatona",
        "feature_class": "P",
        "feature_code": "PPL",
        "country_code": "AO",
        "cou_name_en": "Angola",
        "population": 500000,
        "dem": 56,
        "timezone": "Africa/Luanda",
        "modification_date": "2025-12-08"
      }
    },
    {
      "type": "Feature",
      "geometry": {
        "type": "Point",
        "coordinates": [
          -5.03031,
          7.69385
        ]
      },
      "properties": {
        "name": "Bouaké",
        "ascii_name": "Bouake",
        "feature_class": "P",
        "feature_code": "PPLA",
        "country_code": "CI",
        "cou_name_en": "Côte d'Ivoire",
        "population": 832371,
        "dem": 339,
        "timezone": "Africa/Abidjan",
        "modification_date": "2022-12-14"
      }
    },
    {
      "type": "Feature",
      "geometry": {
        "type": "Point",
        "coordinates": [
          108.70261,
          34.33778
        ]
      },
      "properties": {
        "name": "Xianyang",
        "ascii_name": "Xianyang",
        "feature_class": "P",
        "feature_code": "PPLA3",
        "country_code": "CN",
        "cou_name_en": "China",
        "population": 1034081,
        "dem": 387,
        "timezone": "Asia/Shanghai",
        "modification_date": "2021-09-20"
      }
    },
    {
      "type": "Feature",
      "geometry": {
        "type": "Point",
        "coordinates": [
          118.08187,
          24.47979
        ]
      },
      "properties": {
        "name": "Xiamen",
        "ascii_name": "Xiamen",
        "feature_class": "P",
        "feature_code": "PPLA2",
        "country_code": "CN",
        "cou_name_en": "China",
        "population": 4617251,
        "dem": 12,
        "timezone": "Asia/Shanghai",
        "modification_date": "2024-09-05"
      }
    },
    {
      "type": "Feature",
      "geometry": {
        "type": "Point",
        "coordinates": [
          116.67876,
          23.35489
        ]
      },
      "properties": {
        "name": "Shantou",
        "ascii_name": "Shantou",
        "feature_class": "P",
        "feature_code": "PPLA2",
        "country_code": "CN",
        "cou_name_en": "China",
        "population": 3838900,
        "dem": 3,
        "timezone": "Asia/Shanghai",
        "modification_date": "2025-10-26"
      }
    },
    {
      "type": "Feature",
      "geometry": {
        "type": "Point",
        "coordinates": [
          119.88872,
          29.45679
        ]
      },
      "properties": {
        "name": "Puyang",
        "ascii_name": "Puyang",
        "feature_class": "P",
        "feature_code": "PPLA3",
        "country_code": "CN",
        "cou_name_en": "China",
        "population": 3590000,
        "dem": 76,
        "timezone": "Asia/Shanghai",
        "modification_date": "2024-05-23"
      }
    },
    {
      "type": "Feature",
      "geometry": {
        "type": "Point",
        "coordinates": [
          110.91364,
          21.66625
        ]
      },
      "properties": {
        "name": "Maoming",
        "ascii_name": "Maoming",
        "feature_class": "P",
        "feature_code": "PPLA2",
        "country_code": "CN",
        "cou_name_en": "China",
        "population": 1307802,
        "dem": 31,
        "timezone": "Asia/Shanghai",
        "modification_date": "2022-01-16"
      }
    },
    {
      "type": "Feature",
      "geometry": {
        "type": "Point",
        "coordinates": [
          116.00247,
          36.45064
        ]
      },
      "properties": {
        "name": "Liaocheng",
        "ascii_name": "Liaocheng",
        "feature_class": "P",
        "feature_code": "PPLA2",
        "country_code": "CN",
        "cou_name_en": "China",
        "population": 1229768,
        "dem": 32,
        "timezone": "Asia/Shanghai",
        "modification_date": "2021-10-20"
      }
    },
    {
      "type": "Feature",
      "geometry": {
        "type": "Point",
        "coordinates": [
          105.823,
          32.44201
        ]
      },
      "properties": {
        "name": "Guangyuan",
        "ascii_name": "Guangyuan",
        "feature_class": "P",
        "feature_code": "PPLA2",
        "country_code": "CN",
        "cou_name_en": "China",
        "population": 516424,
        "dem": 525,
        "timezone": "Asia/Shanghai",
        "modification_date": "2024-07-13"
      }
    },
    {
      "type": "Feature",
      "geometry": {
        "type": "Point",
        "coordinates": [
          120.07676,
          29.31506
        ]
      },
      "properties": {
        "name": "Yiwu",
        "ascii_name": "Yiwu",
        "feature_class": "P",
        "feature_code": "PPLA3",
        "country_code": "CN",
        "cou_name_en": "China",
        "population": 1481384,
        "dem": 84,
        "timezone": "Asia/Shanghai",
        "modification_date": "2021-12-13"
      }
    },
    {
      "type": "Feature",
      "geometry": {
        "type": "Point",
        "coordinates": [
          122.23176,
          40.66472
        ]
      },
      "properties": {
        "name": "Yingkou",
        "ascii_name": "Yingkou",
        "feature_class": "P",
        "feature_code": "PPLA2",
        "country_code": "CN",
        "cou_name_en": "China",
        "population": 591159,
        "dem": 4,
        "timezone": "Asia/Shanghai",
        "modification_date": "2025-08-20"
      }
    },
    {
      "type": "Feature",
      "geometry": {
        "type": "Point",
        "coordinates": [
          104.83333,
          26.59444
        ]
      },
      "properties": {
        "name": "Liupanshui",
        "ascii_name": "Liupanshui",
        "feature_class": "P",
        "feature_code": "PPL",
        "country_code": "CN",
        "cou_name_en": "China",
        "population": 1320825,
        "dem": 1799,
        "timezone": "Asia/Shanghai",
        "modification_date": "2021-10-14"
      }
    },
    {
      "type": "Feature",
      "geometry": {
        "type": "Point",
        "coordinates": [
          -73.96625,
          40.78343
        ]
      },
      "properties": {
        "name": "Manhattan",
        "ascii_name": "Manhattan",
        "feature_class": "P",
        "feature_code": "PPLA2",
        "country_code": "US",
        "cou_name_en": "United States",
        "population": 1487536,
        "dem": 38,
        "timezone": "America/New_York",
        "modification_date": "2021-08-20"
      }
    },
    {
      "type": "Feature",
      "geometry": {
        "type": "Point",
        "coordinates": [
          39.19204,
          51.66833
        ]
      },
      "properties": {
        "name": "Voronezh",
        "ascii_name": "Voronezh",
        "feature_class": "P",
        "feature_code": "PPLA",
        "country_code": "RU",
        "cou_name_en": "Russian Federation",
        "population": 1047549,
        "dem": 148,
        "timezone": "Europe/Moscow",
        "modification_date": "2025-09-09"
      }
    },
    {
      "type": "Feature",
      "geometry": {
        "type": "Point",
        "coordinates": [
          56.25017,
          58.01046
        ]
      },
      "properties": {
        "name": "Perm",
        "ascii_name": "Perm",
        "feature_class": "P",
        "feature_code": "PPLA",
        "country_code": "RU",
        "cou_name_en": "Russian Federation",
        "population": 982419,
        "dem": 149,
        "timezone": "Asia/Yekaterinburg",
        "modification_date": "2022-09-17"
      }
    },
    {
      "type": "Feature",
      "geometry": {
        "type": "Point",
        "coordinates": [
          35.94503,
          31.95522
        ]
      },
      "properties": {
        "name": "Amman",
        "ascii_name": "Amman",
        "feature_class": "P",
        "feature_code": "PPLC",
        "country_code": "JO",
        "cou_name_en": "Jordan",
        "population": 1275857,
        "dem": 757,
        "timezone": "Asia/Amman",
        "modification_date": "2019-09-05"
      }
    },
    {
      "type": "Feature",
      "geometry": {
        "type": "Point",
        "coordinates": [
          139.32389,
          35.65583
        ]
      },
      "properties": {
        "name": "Hachiōji",
        "ascii_name": "Hachioji",
        "feature_class": "P",
        "feature_code": "PPLA2",
        "country_code": "JP",
        "cou_name_en": "Japan",
        "population": 579355,
        "dem": 127,
        "timezone": "Asia/Tokyo",
        "modification_date": "2024-12-29"
      }
    },
    {
      "type": "Feature",
      "geometry": {
        "type": "Point",
        "coordinates": [
          126.78306,
          37.49889
        ]
      },
      "properties": {
        "name": "Bucheon-si",
        "ascii_name": "Bucheon-si",
        "feature_class": "P",
        "feature_code": "PPL",
        "country_code": "KR",
        "cou_name_en": "Korea, Republic of",
        "population": 850731,
        "dem": 14,
        "timezone": "Asia/Seoul",
        "modification_date": "2023-06-29"
      }
    },
    {
      "type": "Feature",
      "geometry": {
        "type": "Point",
        "coordinates": [
          126.82194,
          37.32361
        ]
      },
      "properties": {
        "name": "Ansan-si",
        "ascii_name": "Ansan-si",
        "feature_class": "P",
        "feature_code": "PPL",
        "country_code": "KR",
        "cou_name_en": "Korea, Republic of",
        "population": 623256,
        "dem": 15,
        "timezone": "Asia/Seoul",
        "modification_date": "2025-04-01"
      }
    },
    {
      "type": "Feature",
      "geometry": {
        "type": "Point",
        "coordinates": [
          -6.79846,
          34.0531
        ]
      },
      "properties": {
        "name": "Salé",
        "ascii_name": "Sale",
        "feature_class": "P",
        "feature_code": "PPL",
        "country_code": "MA",
        "cou_name_en": "Morocco",
        "population": 972299,
        "dem": 34,
        "timezone": "Africa/Casablanca",
        "modification_date": "2024-01-18"
      }
    },
    {
      "type": "Feature",
      "geometry": {
        "type": "Point",
        "coordinates": [
          28.85671,
          41.03903
        ]
      },
      "properties": {
        "name": "Bağcılar",
        "ascii_name": "Bagcilar",
        "feature_class": "P",
        "feature_code": "PPL",
        "country_code": "TR",
        "cou_name_en": "Turkey",
        "population": 749024,
        "dem": 105,
        "timezone": "Europe/Istanbul",
        "modification_date": "2025-05-11"
      }
    },
    {
      "type": "Feature",
      "geometry": {
        "type": "Point",
        "coordinates": [
          28.8598,
          41.00231
        ]
      },
      "properties": {
        "geoname_id": "7627067",
        "name": "Bahçelievler",
        "ascii_name": "Bahcelievler",
        "alternate_names": null,
        "feature_class": "P",
        "feature_code": "PPL",
        "country_code": "TR",
        "cou_name_en": "Turkey",
        "country_code_2": null,
        "admin1_code": "34",
        "admin2_code": "7732457",
        "admin3_code": null,
        "admin4_code": null,
        "population": 576799,
        "elevation": null,
        "dem": 73,
        "timezone": "Europe/Istanbul",
        "modification_date": "2025-05-11",
        "label_en": "Turkey"
      }
    },
    {
      "type": "Feature",
      "geometry": {
        "type": "Point",
        "coordinates": [
          106.9896,
          -6.2349
        ]
      },
      "properties": {
        "name": "Bekasi",
        "ascii_name": "Bekasi",
        "feature_class": "P",
        "feature_code": "PPL",
        "country_code": "ID",
        "cou_name_en": "Indonesia",
        "population": 2564940,
        "dem": 18,
        "timezone": "Asia/Jakarta",
        "modification_date": "2025-06-20"
      }
    },
    {
      "type": "Feature",
      "geometry": {
        "type": "Point",
        "coordinates": [
          72.81136,
          19.45591
        ]
      },
      "properties": {
        "name": "Virār",
        "ascii_name": "Virar",
        "feature_class": "P",
        "feature_code": "PPL",
        "country_code": "IN",
        "cou_name_en": "India",
        "population": 1222390,
        "dem": 9,
        "timezone": "Asia/Kolkata",
        "modification_date": "2025-05-25"
      }
    },
    {
      "type": "Feature",
      "geometry": {
        "type": "Point",
        "coordinates": [
          78.45636,
          17.38405
        ]
      },
      "properties": {
        "name": "Hyderabad",
        "ascii_name": "Hyderabad",
        "feature_class": "P",
        "feature_code": "PPLA",
        "country_code": "IN",
        "cou_name_en": "India",
        "population": 6993262,
        "dem": 515,
        "timezone": "Asia/Kolkata",
        "modification_date": "2025-08-05"
      }
    },
    {
      "type": "Feature",
      "geometry": {
        "type": "Point",
        "coordinates": [
          91.7458,
          26.1844
        ]
      },
      "properties": {
        "name": "Guwahati",
        "ascii_name": "Guwahati",
        "feature_class": "P",
        "feature_code": "PPL",
        "country_code": "IN",
        "cou_name_en": "India",
        "population": 962334,
        "dem": 59,
        "timezone": "Asia/Kolkata",
        "modification_date": "2025-02-25"
      }
    },
    {
      "type": "Feature",
      "geometry": {
        "type": "Point",
        "coordinates": [
          77.31316,
          28.41124
        ]
      },
      "properties": {
        "name": "Faridabad",
        "ascii_name": "Faridabad",
        "feature_class": "P",
        "feature_code": "PPLA2",
        "country_code": "IN",
        "cou_name_en": "India",
        "population": 1414050,
        "dem": 209,
        "timezone": "Asia/Kolkata",
        "modification_date": "2025-11-04"
      }
    },
    {
      "type": "Feature",
      "geometry": {
        "type": "Point",
        "coordinates": [
          72.88261,
          19.07283
        ]
      },
      "properties": {
        "name": "Mumbai",
        "ascii_name": "Mumbai",
        "feature_class": "P",
        "feature_code": "PPLA",
        "country_code": "IN",
        "cou_name_en": "India",
        "population": 12691836,
        "dem": 8,
        "timezone": "Asia/Kolkata",
        "modification_date": "2024-09-05"
      }
    },
    {
      "type": "Feature",
      "geometry": {
        "type": "Point",
        "coordinates": [
          77.40289,
          23.25469
        ]
      },
      "properties": {
        "name": "Bhopal",
        "ascii_name": "Bhopal",
        "feature_class": "P",
        "feature_code": "PPLA",
        "country_code": "IN",
        "cou_name_en": "India",
        "population": 1798218,
        "dem": 523,
        "timezone": "Asia/Kolkata",
        "modification_date": "2025-10-12"
      }
    },
    {
      "type": "Feature",
      "geometry": {
        "type": "Point",
        "coordinates": [
          -100.38806,
          20.58806
        ]
      },
      "properties": {
        "name": "Santiago de Querétaro",
        "ascii_name": "Santiago de Queretaro",
        "feature_class": "P",
        "feature_code": "PPLA",
        "country_code": "MX",
        "cou_name_en": "Mexico",
        "population": 1594212,
        "dem": 1826,
        "timezone": "America/Mexico_City",
        "modification_date": "2023-07-22"
      }
    },
    {
      "type": "Feature",
      "geometry": {
        "type": "Point",
        "coordinates": [
          -110.96677,
          29.08874
        ]
      },
      "properties": {
        "name": "Hermosillo",
        "ascii_name": "Hermosillo",
        "feature_class": "P",
        "feature_code": "PPLA",
        "country_code": "MX",
        "cou_name_en": "Mexico",
        "population": 812229,
        "dem": 202,
        "timezone": "America/Hermosillo",
        "modification_date": "2025-05-15"
      }
    },
    {
      "type": "Feature",
      "geometry": {
        "type": "Point",
        "coordinates": [
          -106.08889,
          28.63528
        ]
      },
      "properties": {
        "name": "Chihuahua",
        "ascii_name": "Chihuahua",
        "feature_class": "P",
        "feature_code": "PPLA",
        "country_code": "MX",
        "cou_name_en": "Mexico",
        "population": 925762,
        "dem": 1437,
        "timezone": "America/Chihuahua",
        "modification_date": "2022-09-25"
      }
    },
    {
      "type": "Feature",
      "geometry": {
        "type": "Point",
        "coordinates": [
          101.0829,
          4.5841
        ]
      },
      "properties": {
        "name": "Ipoh",
        "ascii_name": "Ipoh",
        "feature_class": "P",
        "feature_code": "PPLA",
        "country_code": "MY",
        "cou_name_en": "Malaysia",
        "population": 759952,
        "dem": 45,
        "timezone": "Asia/Kuala_Lumpur",
        "modification_date": "2025-06-26"
      }
    },
    {
      "type": "Feature",
      "geometry": {
        "type": "Point",
        "coordinates": [
          100.48772,
          5.647
        ]
      },
      "properties": {
        "name": "Sungai Petani",
        "ascii_name": "Sungai Petani",
        "feature_class": "P",
        "feature_code": "PPL",
        "country_code": "MY",
        "cou_name_en": "Malaysia",
        "population": 544851,
        "dem": 17,
        "timezone": "Asia/Kuala_Lumpur",
        "modification_date": "2025-11-03"
      }
    },
    {
      "type": "Feature",
      "geometry": {
        "type": "Point",
        "coordinates": [
          4.40026,
          51.22047
        ]
      },
      "properties": {
        "name": "Antwerpen",
        "ascii_name": "Antwerpen",
        "feature_class": "P",
        "feature_code": "PPL",
        "country_code": "BE",
        "cou_name_en": "Belgium",
        "population": 529247,
        "dem": 13,
        "timezone": "Europe/Brussels",
        "modification_date": "2023-02-19"
      }
    },
    {
      "type": "Feature",
      "geometry": {
        "type": "Point",
        "coordinates": [
          -71.21454,
          46.81228
        ]
      },
      "properties": {
        "name": "Québec",
        "ascii_name": "Quebec",
        "feature_class": "P",
        "feature_code": "PPLA",
        "country_code": "CA",
        "cou_name_en": "Canada",
        "population": 531902,
        "dem": 54,
        "timezone": "America/Toronto",
        "modification_date": "2022-08-11"
      }
    },
    {
      "type": "Feature",
      "geometry": {
        "type": "Point",
        "coordinates": [
          121.03269,
          14.55027
        ]
      },
      "properties": {
        "name": "Makati City",
        "ascii_name": "Makati City",
        "feature_class": "P",
        "feature_code": "PPLA2",
        "country_code": "PH",
        "cou_name_en": "Philippines",
        "population": 510383,
        "dem": 25,
        "timezone": "Asia/Manila",
        "modification_date": "2017-12-13"
      }
    },
    {
      "type": "Feature",
      "geometry": {
        "type": "Point",
        "coordinates": [
          67.0104,
          24.8608
        ]
      },
      "properties": {
        "name": "Karachi",
        "ascii_name": "Karachi",
        "feature_class": "P",
        "feature_code": "PPLA",
        "country_code": "PK",
        "cou_name_en": "Pakistan",
        "population": 11624219,
        "dem": 8,
        "timezone": "Asia/Karachi",
        "modification_date": "2024-09-05"
      }
    },
    {
      "type": "Feature",
      "geometry": {
        "type": "Point",
        "coordinates": [
          90.40744,
          23.7104
        ]
      },
      "properties": {
        "name": "Dhaka",
        "ascii_name": "Dhaka",
        "feature_class": "P",
        "feature_code": "PPLC",
        "country_code": "BD",
        "cou_name_en": "Bangladesh",
        "population": 10356500,
        "dem": 23,
        "timezone": "Asia/Dhaka",
        "modification_date": "2024-09-05"
      }
    },
    {
      "type": "Feature",
      "geometry": {
        "type": "Point",
        "coordinates": [
          136.90641,
          35.18147
        ]
      },
      "properties": {
        "name": "Nagoya",
        "ascii_name": "Nagoya",
        "feature_class": "P",
        "feature_code": "PPLA",
        "country_code": "JP",
        "cou_name_en": "Japan",
        "population": 2332176,
        "dem": 23,
        "timezone": "Asia/Tokyo",
        "modification_date": "2025-10-18"
      }
    },
    {
      "type": "Feature",
      "geometry": {
        "type": "Point",
        "coordinates": [
          139.87308,
          35.69225
        ]
      },
      "properties": {
        "name": "Edogawe",
        "ascii_name": "Edogawe",
        "feature_class": "P",
        "feature_code": "PPLX",
        "country_code": "JP",
        "cou_name_en": "Japan",
        "population": 697932,
        "dem": 1,
        "timezone": "Asia/Tokyo",
        "modification_date": "2025-09-17"
      }
    },
    {
      "type": "Feature",
      "geometry": {
        "type": "Point",
        "coordinates": [
          139.24167,
          35.56707
        ]
      },
      "properties": {
        "name": "Sagamihara",
        "ascii_name": "Sagamihara",
        "feature_class": "P",
        "feature_code": "PPLA2",
        "country_code": "JP",
        "cou_name_en": "Japan",
        "population": 720780,
        "dem": 237,
        "timezone": "Asia/Tokyo",
        "modification_date": "2025-02-18"
      }
    },
    {
      "type": "Feature",
      "geometry": {
        "type": "Point",
        "coordinates": [
          36.81667,
          -1.28333
        ]
      },
      "properties": {
        "name": "Nairobi",
        "ascii_name": "Nairobi",
        "feature_class": "P",
        "feature_code": "PPLC",
        "country_code": "KE",
        "cou_name_en": "Kenya",
        "population": 4397073,
        "dem": 1684,
        "timezone": "Africa/Nairobi",
        "modification_date": "2023-12-21"
      }
    },
    {
      "type": "Feature",
      "geometry": {
        "type": "Point",
        "coordinates": [
          126.9784,
          37.566
        ]
      },
      "properties": {
        "name": "Seoul",
        "ascii_name": "Seoul",
        "feature_class": "P",
        "feature_code": "PPLC",
        "country_code": "KR",
        "cou_name_en": "Korea, Republic of",
        "population": 10349312,
        "dem": 38,
        "timezone": "Asia/Seoul",
        "modification_date": "2024-12-01"
      }
    },
    {
      "type": "Feature",
      "geometry": {
        "type": "Point",
        "coordinates": [
          -5.00028,
          34.03313
        ]
      },
      "properties": {
        "name": "Fes",
        "ascii_name": "Fes",
        "feature_class": "P",
        "feature_code": "PPLA",
        "country_code": "MA",
        "cou_name_en": "Morocco",
        "population": 1191905,
        "dem": 406,
        "timezone": "Africa/Casablanca",
        "modification_date": "2024-01-18"
      }
    },
    {
      "type": "Feature",
      "geometry": {
        "type": "Point",
        "coordinates": [
          -98.28456,
          26.08005
        ]
      },
      "properties": {
        "name": "Reynosa",
        "ascii_name": "Reynosa",
        "feature_class": "P",
        "feature_code": "PPLA2",
        "country_code": "MX",
        "cou_name_en": "Mexico",
        "population": 589466,
        "dem": 38,
        "timezone": "America/Matamoros",
        "modification_date": "2025-05-15"
      }
    },
    {
      "type": "Feature",
      "geometry": {
        "type": "Point",
        "coordinates": [
          30.3899,
          59.99675
        ]
      },
      "properties": {
        "name": "Kalininskiy",
        "ascii_name": "Kalininskiy",
        "feature_class": "P",
        "feature_code": "PPLX",
        "country_code": "RU",
        "cou_name_en": "Russian Federation",
        "population": 504641,
        "dem": 34,
        "timezone": "Europe/Moscow",
        "modification_date": "2020-02-25"
      }
    },
    {
      "type": "Feature",
      "geometry": {
        "type": "Point",
        "coordinates": [
          44.12766,
          17.49326
        ]
      },
      "properties": {
        "name": "Najrān",
        "ascii_name": "Najran",
        "feature_class": "P",
        "feature_code": "PPLA",
        "country_code": "SA",
        "cou_name_en": "Saudi Arabia",
        "population": 505652,
        "dem": 1310,
        "timezone": "Asia/Riyadh",
        "modification_date": "2022-08-17"
      }
    },
    {
      "type": "Feature",
      "geometry": {
        "type": "Point",
        "coordinates": [
          30.69556,
          36.90812
        ]
      },
      "properties": {
        "name": "Antalya",
        "ascii_name": "Antalya",
        "feature_class": "P",
        "feature_code": "PPLA",
        "country_code": "TR",
        "cou_name_en": "Turkey",
        "population": 1344000,
        "dem": 61,
        "timezone": "Europe/Istanbul",
        "modification_date": "2025-06-02"
      }
    },
    {
      "type": "Feature",
      "geometry": {
        "type": "Point",
        "coordinates": [
          32.86268,
          39.9179
        ]
      },
      "properties": {
        "name": "Çankaya",
        "ascii_name": "Cankaya",
        "feature_class": "P",
        "feature_code": "PPL",
        "country_code": "TR",
        "cou_name_en": "Turkey",
        "population": 792189,
        "dem": 889,
        "timezone": "Europe/Istanbul",
        "modification_date": "2025-05-11"
      }
    },
    {
      "type": "Feature",
      "geometry": {
        "type": "Point",
        "coordinates": [
          112.6304,
          -7.9797
        ]
      },
      "properties": {
        "name": "Malang",
        "ascii_name": "Malang",
        "feature_class": "P",
        "feature_code": "PPL",
        "country_code": "ID",
        "cou_name_en": "Indonesia",
        "population": 847182,
        "dem": 452,
        "timezone": "Asia/Jakarta",
        "modification_date": "2024-05-23"
      }
    },
    {
      "type": "Feature",
      "geometry": {
        "type": "Point",
        "coordinates": [
          106.78917,
          -6.59444
        ]
      },
      "properties": {
        "name": "Bogor",
        "ascii_name": "Bogor",
        "feature_class": "P",
        "feature_code": "PPL",
        "country_code": "ID",
        "cou_name_en": "Indonesia",
        "population": 1127408,
        "dem": 245,
        "timezone": "Asia/Jakarta",
        "modification_date": "2024-05-23"
      }
    },
    {
      "type": "Feature",
      "geometry": {
        "type": "Point",
        "coordinates": [
          76.63925,
          12.29791
        ]
      },
      "properties": {
        "name": "Mysuru",
        "ascii_name": "Mysuru",
        "feature_class": "P",
        "feature_code": "PPLA2",
        "country_code": "IN",
        "cou_name_en": "India",
        "population": 920550,
        "dem": 757,
        "timezone": "Asia/Kolkata",
        "modification_date": "2025-05-24"
      }
    },
    {
      "type": "Feature",
      "geometry": {
        "type": "Point",
        "coordinates": [
          73.13554,
          19.2437
        ]
      },
      "properties": {
        "name": "Kalyān",
        "ascii_name": "Kalyan",
        "feature_class": "P",
        "feature_code": "PPL",
        "country_code": "IN",
        "cou_name_en": "India",
        "population": 1262255,
        "dem": 10,
        "timezone": "Asia/Kolkata",
        "modification_date": "2024-01-06"
      }
    },
    {
      "type": "Feature",
      "geometry": {
        "type": "Point",
        "coordinates": [
          44.40088,
          33.34058
        ]
      },
      "properties": {
        "name": "Baghdad",
        "ascii_name": "Baghdad",
        "feature_class": "P",
        "feature_code": "PPLC",
        "country_code": "IQ",
        "cou_name_en": "Iraq",
        "population": 7216000,
        "dem": 41,
        "timezone": "Asia/Baghdad",
        "modification_date": "2024-02-14"
      }
    },
    {
      "type": "Feature",
      "geometry": {
        "type": "Point",
        "coordinates": [
          20.46513,
          44.80401
        ]
      },
      "properties": {
        "name": "Belgrade",
        "ascii_name": "Belgrade",
        "feature_class": "P",
        "feature_code": "PPLC",
        "country_code": "RS",
        "cou_name_en": "Serbia",
        "population": 1273651,
        "dem": 120,
        "timezone": "Europe/Belgrade",
        "modification_date": "2020-01-31"
      }
    },
    {
      "type": "Feature",
      "geometry": {
        "type": "Point",
        "coordinates": [
          8.94439,
          44.40478
        ]
      },
      "properties": {
        "name": "Genoa",
        "ascii_name": "Genoa",
        "feature_class": "P",
        "feature_code": "PPLA",
        "country_code": "IT",
        "cou_name_en": "Italy",
        "population": 580097,
        "dem": 17,
        "timezone": "Europe/Rome",
        "modification_date": "2025-03-17"
      }
    },
    {
      "type": "Feature",
      "geometry": {
        "type": "Point",
        "coordinates": [
          85.3206,
          27.70169
        ]
      },
      "properties": {
        "name": "Kathmandu",
        "ascii_name": "Kathmandu",
        "feature_class": "P",
        "feature_code": "PPLC",
        "country_code": "NP",
        "cou_name_en": "Nepal",
        "population": 1442271,
        "dem": 1296,
        "timezone": "Asia/Kathmandu",
        "modification_date": "2019-10-18"
      }
    },
    {
      "type": "Feature",
      "geometry": {
        "type": "Point",
        "coordinates": [
          4.84789,
          45.74906
        ]
      },
      "properties": {
        "name": "Lyon",
        "ascii_name": "Lyon",
        "feature_class": "P",
        "feature_code": "PPLA",
        "country_code": "FR",
        "cou_name_en": "France",
        "population": 520774,
        "dem": 173,
        "timezone": "Europe/Paris",
        "modification_date": "2025-12-09"
      }
    },
    {
      "type": "Feature",
      "geometry": {
        "type": "Point",
        "coordinates": [
          -82.38304,
          23.13302
        ]
      },
      "properties": {
        "name": "Havana",
        "ascii_name": "Havana",
        "feature_class": "P",
        "feature_code": "PPLC",
        "country_code": "CU",
        "cou_name_en": "Cuba",
        "population": 2163824,
        "dem": 41,
        "timezone": "America/Havana",
        "modification_date": "2025-10-31"
      }
    },
    {
      "type": "Feature",
      "geometry": {
        "type": "Point",
        "coordinates": [
          103.71667,
          27.31667
        ]
      },
      "properties": {
        "name": "Zhaotong",
        "ascii_name": "Zhaotong",
        "feature_class": "P",
        "feature_code": "PPL",
        "country_code": "CN",
        "cou_name_en": "China",
        "population": 787845,
        "dem": 1974,
        "timezone": "Asia/Shanghai",
        "modification_date": "2021-10-19"
      }
    },
    {
      "type": "Feature",
      "geometry": {
        "type": "Point",
        "coordinates": [
          104.63994,
          28.7593
        ]
      },
      "properties": {
        "name": "Yibin",
        "ascii_name": "Yibin",
        "feature_class": "P",
        "feature_code": "PPLA3",
        "country_code": "CN",
        "cou_name_en": "China",
        "population": 836340,
        "dem": 323,
        "timezone": "Asia/Shanghai",
        "modification_date": "2021-10-19"
      }
    },
    {
      "type": "Feature",
      "geometry": {
        "type": "Point",
        "coordinates": [
          109.50947,
          18.25435
        ]
      },
      "properties": {
        "name": "Sanya",
        "ascii_name": "Sanya",
        "feature_class": "P",
        "feature_code": "PPLA2",
        "country_code": "CN",
        "cou_name_en": "China",
        "population": 1031396,
        "dem": 1,
        "timezone": "Asia/Shanghai",
        "modification_date": "2024-02-08"
      }
    },
    {
      "type": "Feature",
      "geometry": {
        "type": "Point",
        "coordinates": [
          113.03333,
          23.7
        ]
      },
      "properties": {
        "name": "Qingyuan",
        "ascii_name": "Qingyuan",
        "feature_class": "P",
        "feature_code": "PPLA2",
        "country_code": "CN",
        "cou_name_en": "China",
        "population": 1738424,
        "dem": 11,
        "timezone": "Asia/Shanghai",
        "modification_date": "2021-10-14"
      }
    },
    {
      "type": "Feature",
      "geometry": {
        "type": "Point",
        "coordinates": [
          116.00206,
          29.70475
        ]
      },
      "properties": {
        "name": "Jiujiang",
        "ascii_name": "Jiujiang",
        "feature_class": "P",
        "feature_code": "PPLA2",
        "country_code": "CN",
        "cou_name_en": "China",
        "population": 1164268,
        "dem": 41,
        "timezone": "Asia/Shanghai",
        "modification_date": "2021-10-11"
      }
    },
    {
      "type": "Feature",
      "geometry": {
        "type": "Point",
        "coordinates": [
          118.29778,
          32.32194
        ]
      },
      "properties": {
        "name": "Chuzhou",
        "ascii_name": "Chuzhou",
        "feature_class": "P",
        "feature_code": "PPLA2",
        "country_code": "CN",
        "cou_name_en": "China",
        "population": 782671,
        "dem": 24,
        "timezone": "Asia/Shanghai",
        "modification_date": "2021-10-18"
      }
    },
    {
      "type": "Feature",
      "geometry": {
        "type": "Point",
        "coordinates": [
          23.32415,
          42.69751
        ]
      },
      "properties": {
        "name": "Sofia",
        "ascii_name": "Sofia",
        "feature_class": "P",
        "feature_code": "PPLC",
        "country_code": "BG",
        "cou_name_en": "Bulgaria",
        "population": 1152556,
        "dem": 562,
        "timezone": "Europe/Sofia",
        "modification_date": "2023-09-08"
      }
    },
    {
      "type": "Feature",
      "geometry": {
        "type": "Point",
        "coordinates": [
          -56.09667,
          -15.59611
        ]
      },
      "properties": {
        "name": "Cuiabá",
        "ascii_name": "Cuiaba",
        "feature_class": "P",
        "feature_code": "PPLA",
        "country_code": "BR",
        "cou_name_en": "Brazil",
        "population": 618124,
        "dem": 193,
        "timezone": "America/Cuiaba",
        "modification_date": "2025-10-01"
      }
    },
    {
      "type": "Feature",
      "geometry": {
        "type": "Point",
        "coordinates": [
          -79.39864,
          43.70643
        ]
      },
      "properties": {
        "name": "Toronto",
        "ascii_name": "Toronto",
        "feature_class": "P",
        "feature_code": "PPLA",
        "country_code": "CA",
        "cou_name_en": "Canada",
        "population": 2794356,
        "dem": 161,
        "timezone": "America/Toronto",
        "modification_date": "2025-08-04"
      }
    },
    {
      "type": "Feature",
      "geometry": {
        "type": "Point",
        "coordinates": [
          -71.04949,
          42.33343
        ]
      },
      "properties": {
        "name": "South Boston",
        "ascii_name": "South Boston",
        "feature_class": "P",
        "feature_code": "PPLX",
        "country_code": "US",
        "cou_name_en": "United States",
        "population": 571281,
        "dem": 20,
        "timezone": "America/New_York",
        "modification_date": "2017-05-23"
      }
    },
    {
      "type": "Feature",
      "geometry": {
        "type": "Point",
        "coordinates": [
          -115.13722,
          36.17497
        ]
      },
      "properties": {
        "name": "Las Vegas",
        "ascii_name": "Las Vegas",
        "feature_class": "P",
        "feature_code": "PPLA2",
        "country_code": "US",
        "cou_name_en": "United States",
        "population": 641903,
        "dem": 613,
        "timezone": "America/Los_Angeles",
        "modification_date": "2025-06-25"
      }
    },
    {
      "type": "Feature",
      "geometry": {
        "type": "Point",
        "coordinates": [
          -84.38798,
          33.749
        ]
      },
      "properties": {
        "name": "Atlanta",
        "ascii_name": "Atlanta",
        "feature_class": "P",
        "feature_code": "PPLA",
        "country_code": "US",
        "cou_name_en": "United States",
        "population": 510823,
        "dem": 336,
        "timezone": "America/New_York",
        "modification_date": "2025-04-14"
      }
    },
    {
      "type": "Feature",
      "geometry": {
        "type": "Point",
        "coordinates": [
          -72.5049,
          7.90745
        ]
      },
      "properties": {
        "name": "Cúcuta",
        "ascii_name": "Cucuta",
        "feature_class": "P",
        "feature_code": "PPLA",
        "country_code": "CO",
        "cou_name_en": "Colombia",
        "population": 777106,
        "dem": 298,
        "timezone": "America/Bogota",
        "modification_date": "2025-05-15"
      }
    },
    {
      "type": "Feature",
      "geometry": {
        "type": "Point",
        "coordinates": [
          8.68417,
          50.11552
        ]
      },
      "properties": {
        "name": "Frankfurt am Main",
        "ascii_name": "Frankfurt am Main",
        "feature_class": "P",
        "feature_code": "PPLA3",
        "country_code": "DE",
        "cou_name_en": "Germany",
        "population": 650000,
        "dem": 113,
        "timezone": "Europe/Berlin",
        "modification_date": "2024-09-05"
      }
    },
    {
      "type": "Feature",
      "geometry": {
        "type": "Point",
        "coordinates": [
          4.34878,
          50.85045
        ]
      },
      "properties": {
        "name": "Brussels",
        "ascii_name": "Brussels",
        "feature_class": "P",
        "feature_code": "PPLC",
        "country_code": "BE",
        "cou_name_en": "Belgium",
        "population": 1019022,
        "dem": 28,
        "timezone": "Europe/Brussels",
        "modification_date": "2024-05-03"
      }
    },
    {
      "type": "Feature",
      "geometry": {
        "type": "Point",
        "coordinates": [
          -68.15,
          -16.5
        ]
      },
      "properties": {
        "name": "La Paz",
        "ascii_name": "La Paz",
        "feature_class": "P",
        "feature_code": "PPLG",
        "country_code": "BO",
        "cou_name_en": "Bolivia",
        "population": 2004652,
        "dem": 3782,
        "timezone": "America/La_Paz",
        "modification_date": "2025-07-19"
      }
    },
    {
      "type": "Feature",
      "geometry": {
        "type": "Point",
        "coordinates": [
          -42.80194,
          -5.08917
        ]
      },
      "properties": {
        "name": "Teresina",
        "ascii_name": "Teresina",
        "feature_class": "P",
        "feature_code": "PPLA",
        "country_code": "BR",
        "cou_name_en": "Brazil",
        "population": 871126,
        "dem": 87,
        "timezone": "America/Fortaleza",
        "modification_date": "2023-02-21"
      }
    },
    {
      "type": "Feature",
      "geometry": {
        "type": "Point",
        "coordinates": [
          31.1669,
          30.97063
        ]
      },
      "properties": {
        "name": "Al Maḩallah al Kubrá",
        "ascii_name": "Al Mahallah al Kubra",
        "feature_class": "P",
        "feature_code": "PPL",
        "country_code": "EG",
        "cou_name_en": "Egypt",
        "population": 592573,
        "dem": 17,
        "timezone": "Africa/Cairo",
        "modification_date": "2023-11-29"
      }
    },
    {
      "type": "Feature",
      "geometry": {
        "type": "Point",
        "coordinates": [
          120.53889,
          31.865
        ]
      },
      "properties": {
        "name": "Zhangjiagang",
        "ascii_name": "Zhangjiagang",
        "feature_class": "P",
        "feature_code": "PPLA3",
        "country_code": "CN",
        "cou_name_en": "China",
        "population": 1432044,
        "dem": 13,
        "timezone": "Asia/Shanghai",
        "modification_date": "2022-04-01"
      }
    },
    {
      "type": "Feature",
      "geometry": {
        "type": "Point",
        "coordinates": [
          111.28848,
          23.48054
        ]
      },
      "properties": {
        "name": "Wuzhou",
        "ascii_name": "Wuzhou",
        "feature_class": "P",
        "feature_code": "PPLA2",
        "country_code": "CN",
        "cou_name_en": "China",
        "population": 761948,
        "dem": 51,
        "timezone": "Asia/Shanghai",
        "modification_date": "2021-10-14"
      }
    },
    {
      "type": "Feature",
      "geometry": {
        "type": "Point",
        "coordinates": [
          119.95401,
          31.77359
        ]
      },
      "properties": {
        "name": "Changzhou",
        "ascii_name": "Changzhou",
        "feature_class": "P",
        "feature_code": "PPLA2",
        "country_code": "CN",
        "cou_name_en": "China",
        "population": 3290918,
        "dem": 9,
        "timezone": "Asia/Shanghai",
        "modification_date": "2025-03-09"
      }
    },
    {
      "type": "Feature",
      "geometry": {
        "type": "Point",
        "coordinates": [
          125.92639,
          41.71972
        ]
      },
      "properties": {
        "name": "Tonghua",
        "ascii_name": "Tonghua",
        "feature_class": "P",
        "feature_code": "PPLA2",
        "country_code": "CN",
        "cou_name_en": "China",
        "population": 510000,
        "dem": 375,
        "timezone": "Asia/Shanghai",
        "modification_date": "2018-12-06"
      }
    },
    {
      "type": "Feature",
      "geometry": {
        "type": "Point",
        "coordinates": [
          122.99,
          41.12361
        ]
      },
      "properties": {
        "name": "Anshan",
        "ascii_name": "Anshan",
        "feature_class": "P",
        "feature_code": "PPL",
        "country_code": "CN",
        "cou_name_en": "China",
        "population": 1450000,
        "dem": 55,
        "timezone": "Asia/Shanghai",
        "modification_date": "2021-12-13"
      }
    },
    {
      "type": "Feature",
      "geometry": {
        "type": "Point",
        "coordinates": [
          55.41221,
          25.3342
        ]
      },
      "properties": {
        "name": "Sharjah",
        "ascii_name": "Sharjah",
        "feature_class": "P",
        "feature_code": "PPLA",
        "country_code": "AE",
        "cou_name_en": "United Arab Emirates",
        "population": 1800000,
        "dem": 15,
        "timezone": "Asia/Dubai",
        "modification_date": "2025-11-13"
      }
    },
    {
      "type": "Feature",
      "geometry": {
        "type": "Point",
        "coordinates": [
          107.5425,
          -6.87222
        ]
      },
      "properties": {
        "name": "Cimahi",
        "ascii_name": "Cimahi",
        "feature_class": "P",
        "feature_code": "PPL",
        "country_code": "ID",
        "cou_name_en": "Indonesia",
        "population": 590782,
        "dem": 764,
        "timezone": "Asia/Jakarta",
        "modification_date": "2024-05-23"
      }
    },
    {
      "type": "Feature",
      "geometry": {
        "type": "Point",
        "coordinates": [
          76.94924,
          8.4855
        ]
      },
      "properties": {
        "name": "Thiruvananthapuram",
        "ascii_name": "Thiruvananthapuram",
        "feature_class": "P",
        "feature_code": "PPLA",
        "country_code": "IN",
        "cou_name_en": "India",
        "population": 788271,
        "dem": 18,
        "timezone": "Asia/Kolkata",
        "modification_date": "2025-05-24"
      }
    },
    {
      "type": "Feature",
      "geometry": {
        "type": "Point",
        "coordinates": [
          78.15538,
          11.65376
        ]
      },
      "properties": {
        "name": "Salem",
        "ascii_name": "Salem",
        "feature_class": "P",
        "feature_code": "PPL",
        "country_code": "IN",
        "cou_name_en": "India",
        "population": 917414,
        "dem": 283,
        "timezone": "Asia/Kolkata",
        "modification_date": "2024-01-06"
      }
    },
    {
      "type": "Feature",
      "geometry": {
        "type": "Point",
        "coordinates": [
          81.63333,
          21.23333
        ]
      },
      "properties": {
        "name": "Raipur",
        "ascii_name": "Raipur",
        "feature_class": "P",
        "feature_code": "PPLA",
        "country_code": "IN",
        "cou_name_en": "India",
        "population": 1027264,
        "dem": 296,
        "timezone": "Asia/Kolkata",
        "modification_date": "2024-12-31"
      }
    },
    {
      "type": "Feature",
      "geometry": {
        "type": "Point",
        "coordinates": [
          80.92313,
          26.83928
        ]
      },
      "properties": {
        "name": "Lucknow",
        "ascii_name": "Lucknow",
        "feature_class": "P",
        "feature_code": "PPLA",
        "country_code": "IN",
        "cou_name_en": "India",
        "population": 2472011,
        "dem": 126,
        "timezone": "Asia/Kolkata",
        "modification_date": "2025-02-27"
      }
    },
    {
      "type": "Feature",
      "geometry": {
        "type": "Point",
        "coordinates": [
          86.18545,
          22.80278
        ]
      },
      "properties": {
        "name": "Jamshedpur",
        "ascii_name": "Jamshedpur",
        "feature_class": "P",
        "feature_code": "PPL",
        "country_code": "IN",
        "cou_name_en": "India",
        "population": 1339438,
        "dem": 171,
        "timezone": "Asia/Kolkata",
        "modification_date": "2024-01-07"
      }
    },
    {
      "type": "Feature",
      "geometry": {
        "type": "Point",
        "coordinates": [
          77.02635,
          28.4601
        ]
      },
      "properties": {
        "name": "Gurugram",
        "ascii_name": "Gurugram",
        "feature_class": "P",
        "feature_code": "PPLA2",
        "country_code": "IN",
        "cou_name_en": "India",
        "population": 886519,
        "dem": 228,
        "timezone": "Asia/Kolkata",
        "modification_date": "2025-01-02"
      }
    },
    {
      "type": "Feature",
      "geometry": {
        "type": "Point",
        "coordinates": [
          80.45729,
          16.29974
        ]
      },
      "properties": {
        "name": "Guntur",
        "ascii_name": "Guntur",
        "feature_class": "P",
        "feature_code": "PPL",
        "country_code": "IN",
        "cou_name_en": "India",
        "population": 670073,
        "dem": 31,
        "timezone": "Asia/Kolkata",
        "modification_date": "2024-12-30"
      }
    },
    {
      "type": "Feature",
      "geometry": {
        "type": "Point",
        "coordinates": [
          77.75,
          20.93333
        ]
      },
      "properties": {
        "name": "Amravati",
        "ascii_name": "Amravati",
        "feature_class": "P",
        "feature_code": "PPLA2",
        "country_code": "IN",
        "cou_name_en": "India",
        "population": 647057,
        "dem": 341,
        "timezone": "Asia/Kolkata",
        "modification_date": "2025-05-25"
      }
    },
    {
      "type": "Feature",
      "geometry": {
        "type": "Point",
        "coordinates": [
          81.84322,
          25.44478
        ]
      },
      "properties": {
        "name": "Prayagraj",
        "ascii_name": "Prayagraj",
        "feature_class": "P",
        "feature_code": "PPL",
        "country_code": "IN",
        "cou_name_en": "India",
        "population": 1073438,
        "dem": 99,
        "timezone": "Asia/Kolkata",
        "modification_date": "2024-09-05"
      }
    },
    {
      "type": "Feature",
      "geometry": {
        "type": "Point",
        "coordinates": [
          73.01582,
          19.03681
        ]
      },
      "properties": {
        "name": "Navi Mumbai",
        "ascii_name": "Navi Mumbai",
        "feature_class": "P",
        "feature_code": "PPLX",
        "country_code": "IN",
        "cou_name_en": "India",
        "population": 2600000,
        "dem": 14,
        "timezone": "Asia/Kolkata",
        "modification_date": "2024-03-27"
      }
    },
    {
      "type": "Feature",
      "geometry": {
        "type": "Point",
        "coordinates": [
          46.2919,
          38.08
        ]
      },
      "properties": {
        "name": "Tabriz",
        "ascii_name": "Tabriz",
        "feature_class": "P",
        "feature_code": "PPLA",
        "country_code": "IR",
        "cou_name_en": "Iran, Islamic Rep. of",
        "population": 1424641,
        "dem": 1396,
        "timezone": "Asia/Tehran",
        "modification_date": "2024-07-24"
      }
    },
    {
      "type": "Feature",
      "geometry": {
        "type": "Point",
        "coordinates": [
          33.52134,
          44.60795
        ]
      },
      "properties": {
        "name": "Sevastopol",
        "ascii_name": "Sevastopol",
        "feature_class": "P",
        "feature_code": "PPLA",
        "country_code": "UA",
        "cou_name_en": "Ukraine",
        "population": 547820,
        "dem": 35,
        "timezone": "Europe/Simferopol",
        "modification_date": "2024-09-17"
      }
    },
    {
      "type": "Feature",
      "geometry": {
        "type": "Point",
        "coordinates": [
          24.02324,
          49.83826
        ]
      },
      "properties": {
        "name": "Lviv",
        "ascii_name": "Lviv",
        "feature_class": "P",
        "feature_code": "PPLA",
        "country_code": "UA",
        "cou_name_en": "Ukraine",
        "population": 717273,
        "dem": 284,
        "timezone": "Europe/Kyiv",
        "modification_date": "2025-12-04"
      }
    },
    {
      "type": "Feature",
      "geometry": {
        "type": "Point",
        "coordinates": [
          32.52861,
          0.36389
        ]
      },
      "properties": {
        "geoname_id": "10943053",
        "name": "Nansana",
        "ascii_name": "Nansana",
        "alternate_names": null,
        "feature_class": "P",
        "feature_code": "PPL",
        "country_code": "UG",
        "cou_name_en": "Uganda",
        "country_code_2": null,
        "admin1_code": "C",
        "admin2_code": "96",
        "admin3_code": 7732385,
        "admin4_code": "8658059",
        "population": 532800,
        "elevation": null,
        "dem": 1218,
        "timezone": "Africa/Kampala",
        "modification_date": "2024-12-02",
        "label_en": "Uganda"
      }
    },
    {
      "type": "Feature",
      "geometry": {
        "type": "Point",
        "coordinates": [
          39.00788,
          35.95283
        ]
      },
      "properties": {
        "name": "Ar Raqqah",
        "ascii_name": "Ar Raqqah",
        "feature_class": "P",
        "feature_code": "PPLA",
        "country_code": "SY",
        "cou_name_en": "Syrian Arab Republic",
        "population": 531952,
        "dem": 259,
        "timezone": "Asia/Damascus",
        "modification_date": "2025-11-29"
      }
    },
    {
      "type": "Feature",
      "geometry": {
        "type": "Point",
        "coordinates": [
          35.79088,
          35.53125
        ]
      },
      "properties": {
        "name": "Latakia",
        "ascii_name": "Latakia",
        "feature_class": "P",
        "feature_code": "PPLA",
        "country_code": "SY",
        "cou_name_en": "Syrian Arab Republic",
        "population": 709000,
        "dem": 29,
        "timezone": "Asia/Damascus",
        "modification_date": "2025-08-13"
      }
    },
    {
      "type": "Feature",
      "geometry": {
        "type": "Point",
        "coordinates": [
          34.63886,
          36.81196
        ]
      },
      "properties": {
        "name": "Mersin",
        "ascii_name": "Mersin",
        "feature_class": "P",
        "feature_code": "PPLA",
        "country_code": "TR",
        "cou_name_en": "Turkey",
        "population": 537842,
        "dem": 10,
        "timezone": "Europe/Istanbul",
        "modification_date": "2025-06-04"
      }
    },
    {
      "type": "Feature",
      "geometry": {
        "type": "Point",
        "coordinates": [
          32.9,
          -2.51667
        ]
      },
      "properties": {
        "name": "Mwanza",
        "ascii_name": "Mwanza",
        "feature_class": "P",
        "feature_code": "PPLA",
        "country_code": "TZ",
        "cou_name_en": "Tanzania, United Republic of",
        "population": 1104521,
        "dem": 1144,
        "timezone": "Africa/Dar_es_Salaam",
        "modification_date": "2023-12-10"
      }
    },
    {
      "type": "Feature",
      "geometry": {
        "type": "Point",
        "coordinates": [
          132.45,
          34.4
        ]
      },
      "properties": {
        "name": "Hiroshima",
        "ascii_name": "Hiroshima",
        "feature_class": "P",
        "feature_code": "PPLA",
        "country_code": "JP",
        "cou_name_en": "Japan",
        "population": 1200754,
        "dem": 16,
        "timezone": "Asia/Tokyo",
        "modification_date": "2024-12-02"
      }
    },
    {
      "type": "Feature",
      "geometry": {
        "type": "Point",
        "coordinates": [
          140.28406,
          36.2013
        ]
      },
      "properties": {
        "name": "Suginami",
        "ascii_name": "Suginami",
        "feature_class": "P",
        "feature_code": "PPLX",
        "country_code": "JP",
        "cou_name_en": "Japan",
        "population": 588354,
        "dem": 25,
        "timezone": "Asia/Tokyo",
        "modification_date": "2025-06-03"
      }
    },
    {
      "type": "Feature",
      "geometry": {
        "type": "Point",
        "coordinates": [
          34.75229,
          0.28422
        ]
      },
      "properties": {
        "name": "Kakamega",
        "ascii_name": "Kakamega",
        "feature_class": "P",
        "feature_code": "PPLA",
        "country_code": "KE",
        "cou_name_en": "Kenya",
        "population": 1867579,
        "dem": 1563,
        "timezone": "Africa/Nairobi",
        "modification_date": "2022-09-26"
      }
    },
    {
      "type": "Feature",
      "geometry": {
        "type": "Point",
        "coordinates": [
          128.88111,
          35.23417
        ]
      },
      "properties": {
        "name": "Kimhae",
        "ascii_name": "Kimhae",
        "feature_class": "P",
        "feature_code": "PPL",
        "country_code": "KR",
        "cou_name_en": "Korea, Republic of",
        "population": 531966,
        "dem": 13,
        "timezone": "Asia/Seoul",
        "modification_date": "2025-04-01"
      }
    },
    {
      "type": "Feature",
      "geometry": {
        "type": "Point",
        "coordinates": [
          -15.9785,
          18.08581
        ]
      },
      "properties": {
        "name": "Nouakchott",
        "ascii_name": "Nouakchott",
        "feature_class": "P",
        "feature_code": "PPLC",
        "country_code": "MR",
        "cou_name_en": "Mauritania",
        "population": 1184530,
        "dem": 10,
        "timezone": "Africa/Nouakchott",
        "modification_date": "2024-01-18"
      }
    },
    {
      "type": "Feature",
      "geometry": {
        "type": "Point",
        "coordinates": [
          -99.11075,
          19.49392
        ]
      },
      "properties": {
        "name": "Gustavo Adolfo Madero",
        "ascii_name": "Gustavo Adolfo Madero",
        "feature_class": "P",
        "feature_code": "PPL",
        "country_code": "MX",
        "cou_name_en": "Mexico",
        "population": 1185772,
        "dem": 2284,
        "timezone": "America/Mexico_City",
        "modification_date": "2018-11-03"
      }
    },
    {
      "type": "Feature",
      "geometry": {
        "type": "Point",
        "coordinates": [
          -99.16206,
          19.29513
        ]
      },
      "properties": {
        "name": "Tlalpan",
        "ascii_name": "Tlalpan",
        "feature_class": "P",
        "feature_code": "PPL",
        "country_code": "MX",
        "cou_name_en": "Mexico",
        "population": 574577,
        "dem": 2256,
        "timezone": "America/Mexico_City",
        "modification_date": "2018-11-03"
      }
    },
    {
      "type": "Feature",
      "geometry": {
        "type": "Point",
        "coordinates": [
          -4.2979,
          11.17715
        ]
      },
      "properties": {
        "name": "Bobo-Dioulasso",
        "ascii_name": "Bobo-Dioulasso",
        "feature_class": "P",
        "feature_code": "PPLA",
        "country_code": "BF",
        "cou_name_en": "Burkina Faso",
        "population": 904920,
        "dem": 423,
        "timezone": "Africa/Ouagadougou",
        "modification_date": "2023-11-29"
      }
    },
    {
      "type": "Feature",
      "geometry": {
        "type": "Point",
        "coordinates": [
          -44.05361,
          -19.93167
        ]
      },
      "properties": {
        "name": "Contagem",
        "ascii_name": "Contagem",
        "feature_class": "P",
        "feature_code": "PPL",
        "country_code": "BR",
        "cou_name_en": "Brazil",
        "population": 627123,
        "dem": 945,
        "timezone": "America/Sao_Paulo",
        "modification_date": "2012-08-03"
      }
    },
    {
      "type": "Feature",
      "geometry": {
        "type": "Point",
        "coordinates": [
          23.58979,
          -6.13603
        ]
      },
      "properties": {
        "name": "Mbuji-Mayi",
        "ascii_name": "Mbuji-Mayi",
        "feature_class": "P",
        "feature_code": "PPLA",
        "country_code": "CD",
        "cou_name_en": "Congo, Democratic Republic of the",
        "population": 2101332,
        "dem": 621,
        "timezone": "Africa/Lubumbashi",
        "modification_date": "2025-05-06"
      }
    },
    {
      "type": "Feature",
      "geometry": {
        "type": "Point",
        "coordinates": [
          113.97157,
          22.39175
        ]
      },
      "properties": {
        "name": "Tuen Mun",
        "ascii_name": "Tuen Mun",
        "feature_class": "P",
        "feature_code": "PPLA",
        "country_code": "HK",
        "cou_name_en": "Hong Kong, China",
        "population": 507900,
        "dem": 7,
        "timezone": "Asia/Hong_Kong",
        "modification_date": "2025-08-25"
      }
    },
    {
      "type": "Feature",
      "geometry": {
        "type": "Point",
        "coordinates": [
          110.83167,
          -7.55611
        ]
      },
      "properties": {
        "name": "Surakarta",
        "ascii_name": "Surakarta",
        "feature_class": "P",
        "feature_code": "PPL",
        "country_code": "ID",
        "cou_name_en": "Indonesia",
        "population": 526870,
        "dem": 100,
        "timezone": "Asia/Jakarta",
        "modification_date": "2024-05-23"
      }
    },
    {
      "type": "Feature",
      "geometry": {
        "type": "Point",
        "coordinates": [
          -75.20289,
          4.43573
        ]
      },
      "properties": {
        "name": "Ibagué",
        "ascii_name": "Ibague",
        "feature_class": "P",
        "feature_code": "PPLA",
        "country_code": "CO",
        "cou_name_en": "Colombia",
        "population": 529635,
        "dem": 1047,
        "timezone": "America/Bogota",
        "modification_date": "2025-05-15"
      }
    },
    {
      "type": "Feature",
      "geometry": {
        "type": "Point",
        "coordinates": [
          -71.61089,
          10.64232
        ]
      },
      "properties": {
        "name": "Maracaibo",
        "ascii_name": "Maracaibo",
        "feature_class": "P",
        "feature_code": "PPLA",
        "country_code": "VE",
        "cou_name_en": "Venezuela, Bolivarian Rep. of",
        "population": 1752602,
        "dem": -9999,
        "timezone": "America/Caracas",
        "modification_date": "2025-06-24"
      }
    },
    {
      "type": "Feature",
      "geometry": {
        "type": "Point",
        "coordinates": [
          127.53639,
          39.91833
        ]
      },
      "properties": {
        "name": "Hamhŭng",
        "ascii_name": "Hamhung",
        "feature_class": "P",
        "feature_code": "PPLA",
        "country_code": "KP",
        "cou_name_en": "Korea, Dem. People's Rep. of",
        "population": 559056,
        "dem": 16,
        "timezone": "Asia/Pyongyang",
        "modification_date": "2020-06-11"
      }
    },
    {
      "type": "Feature",
      "geometry": {
        "type": "Point",
        "coordinates": [
          127.00889,
          37.29111
        ]
      },
      "properties": {
        "name": "Suwon",
        "ascii_name": "Suwon",
        "feature_class": "P",
        "feature_code": "PPLA",
        "country_code": "KR",
        "cou_name_en": "Korea, Republic of",
        "population": 1191063,
        "dem": 58,
        "timezone": "Asia/Seoul",
        "modification_date": "2025-09-30"
      }
    },
    {
      "type": "Feature",
      "geometry": {
        "type": "Point",
        "coordinates": [
          57.20718,
          50.27969
        ]
      },
      "properties": {
        "name": "Aktobe",
        "ascii_name": "Aktobe",
        "feature_class": "P",
        "feature_code": "PPLA",
        "country_code": "KZ",
        "cou_name_en": "Kazakhstan",
        "population": 500757,
        "dem": 210,
        "timezone": "Asia/Aqtobe",
        "modification_date": "2025-05-08"
      }
    },
    {
      "type": "Feature",
      "geometry": {
        "type": "Point",
        "coordinates": [
          13.18733,
          32.88743
        ]
      },
      "properties": {
        "name": "Tripoli",
        "ascii_name": "Tripoli",
        "feature_class": "P",
        "feature_code": "PPLC",
        "country_code": "LY",
        "cou_name_en": "Libyan Arab Jamahiriya",
        "population": 1302947,
        "dem": 15,
        "timezone": "Africa/Tripoli",
        "modification_date": "2023-12-21"
      }
    },
    {
      "type": "Feature",
      "geometry": {
        "type": "Point",
        "coordinates": [
          -7.97522,
          12.60915
        ]
      },
      "properties": {
        "name": "Bamako",
        "ascii_name": "Bamako",
        "feature_class": "P",
        "feature_code": "PPLC",
        "country_code": "ML",
        "cou_name_en": "Mali",
        "population": 4227569,
        "dem": 374,
        "timezone": "Africa/Bamako",
        "modification_date": "2025-02-18"
      }
    },
    {
      "type": "Feature",
      "geometry": {
        "type": "Point",
        "coordinates": [
          -99.20329,
          19.35867
        ]
      },
      "properties": {
        "name": "Álvaro Obregón",
        "ascii_name": "Alvaro Obregon",
        "feature_class": "P",
        "feature_code": "PPLX",
        "country_code": "MX",
        "cou_name_en": "Mexico",
        "population": 726664,
        "dem": 2338,
        "timezone": "America/Mexico_City",
        "modification_date": "2018-11-03"
      }
    },
    {
      "type": "Feature",
      "geometry": {
        "type": "Point",
        "coordinates": [
          -98.20723,
          19.04778
        ]
      },
      "properties": {
        "name": "Puebla",
        "ascii_name": "Puebla",
        "feature_class": "P",
        "feature_code": "PPLA",
        "country_code": "MX",
        "cou_name_en": "Mexico",
        "population": 1692181,
        "dem": 2166,
        "timezone": "America/Mexico_City",
        "modification_date": "2025-05-15"
      }
    },
    {
      "type": "Feature",
      "geometry": {
        "type": "Point",
        "coordinates": [
          79.98697,
          14.44992
        ]
      },
      "properties": {
        "name": "Nellore",
        "ascii_name": "Nellore",
        "feature_class": "P",
        "feature_code": "PPLA2",
        "country_code": "IN",
        "cou_name_en": "India",
        "population": 547621,
        "dem": 21,
        "timezone": "Asia/Kolkata",
        "modification_date": "2025-01-02"
      }
    },
    {
      "type": "Feature",
      "geometry": {
        "type": "Point",
        "coordinates": [
          75.7804,
          11.24802
        ]
      },
      "properties": {
        "name": "Kozhikode",
        "ascii_name": "Kozhikode",
        "feature_class": "P",
        "feature_code": "PPLA2",
        "country_code": "IN",
        "cou_name_en": "India",
        "population": 550440,
        "dem": 9,
        "timezone": "Asia/Kolkata",
        "modification_date": "2024-01-06"
      }
    },
    {
      "type": "Feature",
      "geometry": {
        "type": "Point",
        "coordinates": [
          76.7884,
          30.73629
        ]
      },
      "properties": {
        "name": "Chandigarh",
        "ascii_name": "Chandigarh",
        "feature_class": "P",
        "feature_code": "PPLA",
        "country_code": "IN",
        "cou_name_en": "India",
        "population": 970602,
        "dem": 351,
        "timezone": "Asia/Kolkata",
        "modification_date": "2024-12-31"
      }
    },
    {
      "type": "Feature",
      "geometry": {
        "type": "Point",
        "coordinates": [
          77.59369,
          12.97194
        ]
      },
      "properties": {
        "name": "Bengaluru",
        "ascii_name": "Bengaluru",
        "feature_class": "P",
        "feature_code": "PPLA",
        "country_code": "IN",
        "cou_name_en": "India",
        "population": 8495492,
        "dem": 914,
        "timezone": "Asia/Kolkata",
        "modification_date": "2025-05-24"
      }
    },
    {
      "type": "Feature",
      "geometry": {
        "type": "Point",
        "coordinates": [
          39.70769,
          47.21997
        ]
      },
      "properties": {
        "name": "Rostov-na-Donu",
        "ascii_name": "Rostov-na-Donu",
        "feature_class": "P",
        "feature_code": "PPLA",
        "country_code": "RU",
        "cou_name_en": "Russian Federation",
        "population": 1130305,
        "dem": 54,
        "timezone": "Europe/Moscow",
        "modification_date": "2025-09-09"
      }
    },
    {
      "type": "Feature",
      "geometry": {
        "type": "Point",
        "coordinates": [
          44.39222,
          35.46806
        ]
      },
      "properties": {
        "name": "Kirkuk",
        "ascii_name": "Kirkuk",
        "feature_class": "P",
        "feature_code": "PPLA",
        "country_code": "IQ",
        "cou_name_en": "Iraq",
        "population": 1031000,
        "dem": 346,
        "timezone": "Asia/Baghdad",
        "modification_date": "2024-02-14"
      }
    },
    {
      "type": "Feature",
      "geometry": {
        "type": "Point",
        "coordinates": [
          51.67462,
          32.65246
        ]
      },
      "properties": {
        "name": "Isfahan",
        "ascii_name": "Isfahan",
        "feature_class": "P",
        "feature_code": "PPLA",
        "country_code": "IR",
        "cou_name_en": "Iran, Islamic Rep. of",
        "population": 1547164,
        "dem": 1578,
        "timezone": "Asia/Tehran",
        "modification_date": "2025-11-04"
      }
    },
    {
      "type": "Feature",
      "geometry": {
        "type": "Point",
        "coordinates": [
          -3.19648,
          55.95206
        ]
      },
      "properties": {
        "name": "Edinburgh",
        "ascii_name": "Edinburgh",
        "feature_class": "P",
        "feature_code": "PPLA",
        "country_code": "GB",
        "cou_name_en": "United Kingdom",
        "population": 514990,
        "dem": 66,
        "timezone": "Europe/London",
        "modification_date": "2025-04-17"
      }
    },
    {
      "type": "Feature",
      "geometry": {
        "type": "Point",
        "coordinates": [
          -90.51327,
          14.64072
        ]
      },
      "properties": {
        "name": "Guatemala City",
        "ascii_name": "Guatemala City",
        "feature_class": "P",
        "feature_code": "PPLC",
        "country_code": "GT",
        "cou_name_en": "Guatemala",
        "population": 994938,
        "dem": 1508,
        "timezone": "America/Guatemala",
        "modification_date": "2020-07-15"
      }
    },
    {
      "type": "Feature",
      "geometry": {
        "type": "Point",
        "coordinates": [
          -88.02588,
          15.50585
        ]
      },
      "properties": {
        "name": "San Pedro Sula",
        "ascii_name": "San Pedro Sula",
        "feature_class": "P",
        "feature_code": "PPLA",
        "country_code": "HN",
        "cou_name_en": "Honduras",
        "population": 801259,
        "dem": 90,
        "timezone": "America/Tegucigalpa",
        "modification_date": "2025-05-15"
      }
    },
    {
      "type": "Feature",
      "geometry": {
        "type": "Point",
        "coordinates": [
          121.01749,
          14.48156
        ]
      },
      "properties": {
        "name": "Paranaque City",
        "ascii_name": "Paranaque City",
        "feature_class": "P",
        "feature_code": "PPLA3",
        "country_code": "PH",
        "cou_name_en": "Philippines",
        "population": 703245,
        "dem": 22,
        "timezone": "Asia/Manila",
        "modification_date": "2025-09-25"
      }
    },
    {
      "type": "Feature",
      "geometry": {
        "type": "Point",
        "coordinates": [
          7.68682,
          45.07049
        ]
      },
      "properties": {
        "name": "Turin",
        "ascii_name": "Turin",
        "feature_class": "P",
        "feature_code": "PPLA",
        "country_code": "IT",
        "cou_name_en": "Italy",
        "population": 847287,
        "dem": 245,
        "timezone": "Europe/Rome",
        "modification_date": "2025-07-07"
      }
    },
    {
      "type": "Feature",
      "geometry": {
        "type": "Point",
        "coordinates": [
          123.89071,
          10.31672
        ]
      },
      "properties": {
        "name": "Cebu City",
        "ascii_name": "Cebu City",
        "feature_class": "P",
        "feature_code": "PPLA",
        "country_code": "PH",
        "cou_name_en": "Philippines",
        "population": 965332,
        "dem": 37,
        "timezone": "Asia/Manila",
        "modification_date": "2025-09-24"
      }
    },
    {
      "type": "Feature",
      "geometry": {
        "type": "Point",
        "coordinates": [
          121.0614,
          14.58691
        ]
      },
      "properties": {
        "name": "Pasig City",
        "ascii_name": "Pasig City",
        "feature_class": "P",
        "feature_code": "PPLA2",
        "country_code": "PH",
        "cou_name_en": "Philippines",
        "population": 853050,
        "dem": 63,
        "timezone": "Asia/Manila",
        "modification_date": "2025-09-24"
      }
    },
    {
      "type": "Feature",
      "geometry": {
        "type": "Point",
        "coordinates": [
          73.47082,
          34.37002
        ]
      },
      "properties": {
        "name": "Muzaffarābād",
        "ascii_name": "Muzaffarabad",
        "feature_class": "P",
        "feature_code": "PPLA",
        "country_code": "PK",
        "cou_name_en": "Pakistan",
        "population": 725000,
        "dem": 739,
        "timezone": "Asia/Karachi",
        "modification_date": "2025-04-29"
      }
    },
    {
      "type": "Feature",
      "geometry": {
        "type": "Point",
        "coordinates": [
          16.92993,
          52.40692
        ]
      },
      "properties": {
        "name": "Poznań",
        "ascii_name": "Poznan",
        "feature_class": "P",
        "feature_code": "PPLA",
        "country_code": "PL",
        "cou_name_en": "Poland",
        "population": 570352,
        "dem": 69,
        "timezone": "Europe/Warsaw",
        "modification_date": "2020-05-21"
      }
    },
    {
      "type": "Feature",
      "geometry": {
        "type": "Point",
        "coordinates": [
          5.75006,
          5.51737
        ]
      },
      "properties": {
        "name": "Warri",
        "ascii_name": "Warri",
        "feature_class": "P",
        "feature_code": "PPLA2",
        "country_code": "NG",
        "cou_name_en": "Nigeria",
        "population": 910000,
        "dem": 6,
        "timezone": "Africa/Lagos",
        "modification_date": "2024-01-18"
      }
    },
    {
      "type": "Feature",
      "geometry": {
        "type": "Point",
        "coordinates": [
          7.60177,
          12.99082
        ]
      },
      "properties": {
        "name": "Katsina",
        "ascii_name": "Katsina",
        "feature_class": "P",
        "feature_code": "PPLA",
        "country_code": "NG",
        "cou_name_en": "Nigeria",
        "population": 670000,
        "dem": 519,
        "timezone": "Africa/Lagos",
        "modification_date": "2024-01-18"
      }
    },
    {
      "type": "Feature",
      "geometry": {
        "type": "Point",
        "coordinates": [
          5.19312,
          7.25256
        ]
      },
      "properties": {
        "name": "Akure",
        "ascii_name": "Akure",
        "feature_class": "P",
        "feature_code": "PPLA",
        "country_code": "NG",
        "cou_name_en": "Nigeria",
        "population": 730000,
        "dem": 353,
        "timezone": "Africa/Lagos",
        "modification_date": "2024-01-18"
      }
    },
    {
      "type": "Feature",
      "geometry": {
        "type": "Point",
        "coordinates": [
          103.824,
          1.5243
        ]
      },
      "properties": {
        "name": "Pelentong",
        "ascii_name": "Pelentong",
        "feature_class": "P",
        "feature_code": "PPL",
        "country_code": "MY",
        "cou_name_en": "Malaysia",
        "population": 583640,
        "dem": 25,
        "timezone": "Asia/Kuala_Lumpur",
        "modification_date": "2024-04-20"
      }
    },
    {
      "type": "Feature",
      "geometry": {
        "type": "Point",
        "coordinates": [
          105.76667,
          19.8
        ]
      },
      "properties": {
        "name": "Thanh Hóa",
        "ascii_name": "Thanh Hoa",
        "feature_class": "P",
        "feature_code": "PPLA",
        "country_code": "VN",
        "cou_name_en": "Viet Nam",
        "population": 850000,
        "dem": 5,
        "timezone": "Asia/Bangkok",
        "modification_date": "2025-07-29"
      }
    },
    {
      "type": "Feature",
      "geometry": {
        "type": "Point",
        "coordinates": [
          7.7227,
          11.11128
        ]
      },
      "properties": {
        "name": "Zaria",
        "ascii_name": "Zaria",
        "feature_class": "P",
        "feature_code": "PPL",
        "country_code": "NG",
        "cou_name_en": "Nigeria",
        "population": 980000,
        "dem": 644,
        "timezone": "Africa/Lagos",
        "modification_date": "2024-01-18"
      }
    },
    {
      "type": "Feature",
      "geometry": {
        "type": "Point",
        "coordinates": [
          106.71428,
          10.9239
        ]
      },
      "properties": {
        "geoname_id": "12382296",
        "name": "Thuận An",
        "ascii_name": "Thuan An",
        "alternate_names": null,
        "feature_class": "P",
        "feature_code": "PPLA2",
        "country_code": "VN",
        "cou_name_en": "Viet Nam",
        "country_code_2": null,
        "admin1_code": "79",
        "admin2_code": "725",
        "admin3_code": null,
        "admin4_code": null,
        "population": 588616,
        "elevation": null,
        "dem": 24,
        "timezone": "Asia/Ho_Chi_Minh",
        "modification_date": "2025-07-29",
        "label_en": "Viet Nam"
      }
    },
    {
      "type": "Feature",
      "geometry": {
        "type": "Point",
        "coordinates": [
          3.93235,
          7.85367
        ]
      },
      "properties": {
        "name": "Oyo",
        "ascii_name": "Oyo",
        "feature_class": "P",
        "feature_code": "PPLA2",
        "country_code": "NG",
        "cou_name_en": "Nigeria",
        "population": 736072,
        "dem": 286,
        "timezone": "Africa/Lagos",
        "modification_date": "2022-06-18"
      }
    },
    {
      "type": "Feature",
      "geometry": {
        "type": "Point",
        "coordinates": [
          45.03852,
          12.77957
        ]
      },
      "properties": {
        "name": "Aden",
        "ascii_name": "Aden",
        "feature_class": "P",
        "feature_code": "PPLA",
        "country_code": "YE",
        "cou_name_en": "Yemen",
        "population": 1079670,
        "dem": 7,
        "timezone": "Asia/Aden",
        "modification_date": "2025-09-09"
      }
    },
    {
      "type": "Feature",
      "geometry": {
        "type": "Point",
        "coordinates": [
          4.88969,
          52.37403
        ]
      },
      "properties": {
        "name": "Amsterdam",
        "ascii_name": "Amsterdam",
        "feature_class": "P",
        "feature_code": "PPLC",
        "country_code": "NL",
        "cou_name_en": "Netherlands",
        "population": 741636,
        "dem": 13,
        "timezone": "Europe/Amsterdam",
        "modification_date": "2025-07-22"
      }
    },
    {
      "type": "Feature",
      "geometry": {
        "type": "Point",
        "coordinates": [
          38.98178,
          45.04534
        ]
      },
      "properties": {
        "name": "Krasnodar",
        "ascii_name": "Krasnodar",
        "feature_class": "P",
        "feature_code": "PPLA",
        "country_code": "RU",
        "cou_name_en": "Russian Federation",
        "population": 899541,
        "dem": 36,
        "timezone": "Europe/Moscow",
        "modification_date": "2025-09-09"
      }
    },
    {
      "type": "Feature",
      "geometry": {
        "type": "Point",
        "coordinates": [
          84.98216,
          56.50049
        ]
      },
      "properties": {
        "name": "Tomsk",
        "ascii_name": "Tomsk",
        "feature_class": "P",
        "feature_code": "PPLA",
        "country_code": "RU",
        "cou_name_en": "Russian Federation",
        "population": 574002,
        "dem": 122,
        "timezone": "Asia/Tomsk",
        "modification_date": "2025-09-09"
      }
    },
    {
      "type": "Feature",
      "geometry": {
        "type": "Point",
        "coordinates": [
          86.10435,
          55.35417
        ]
      },
      "properties": {
        "name": "Kemerovo",
        "ascii_name": "Kemerovo",
        "feature_class": "P",
        "feature_code": "PPLA",
        "country_code": "RU",
        "cou_name_en": "Russian Federation",
        "population": 558973,
        "dem": 114,
        "timezone": "Asia/Novokuznetsk",
        "modification_date": "2025-09-09"
      }
    },
    {
      "type": "Feature",
      "geometry": {
        "type": "Point",
        "coordinates": [
          32.47773,
          15.64453
        ]
      },
      "properties": {
        "name": "Omdurman",
        "ascii_name": "Omdurman",
        "feature_class": "P",
        "feature_code": "PPL",
        "country_code": "SD",
        "cou_name_en": "Sudan, The Republic of",
        "population": 1849659,
        "dem": 391,
        "timezone": "Africa/Khartoum",
        "modification_date": "2025-10-12"
      }
    },
    {
      "type": "Feature",
      "geometry": {
        "type": "Point",
        "coordinates": [
          1.22154,
          6.12874
        ]
      },
      "properties": {
        "name": "Lomé",
        "ascii_name": "Lome",
        "feature_class": "P",
        "feature_code": "PPLC",
        "country_code": "TG",
        "cou_name_en": "Togo",
        "population": 2188376,
        "dem": 13,
        "timezone": "Africa/Lome",
        "modification_date": "2025-10-31"
      }
    },
    {
      "type": "Feature",
      "geometry": {
        "type": "Point",
        "coordinates": [
          35.32531,
          36.98615
        ]
      },
      "properties": {
        "name": "Adana",
        "ascii_name": "Adana",
        "feature_class": "P",
        "feature_code": "PPLA",
        "country_code": "TR",
        "cou_name_en": "Turkey",
        "population": 1816750,
        "dem": 30,
        "timezone": "Europe/Istanbul",
        "modification_date": "2025-06-04"
      }
    },
    {
      "type": "Feature",
      "geometry": {
        "type": "Point",
        "coordinates": [
          121.52639,
          25.05306
        ]
      },
      "properties": {
        "name": "Taipei",
        "ascii_name": "Taipei",
        "feature_class": "P",
        "feature_code": "PPLC",
        "country_code": "TW",
        "cou_name_en": "Taiwan, China",
        "population": 7871900,
        "dem": 5,
        "timezone": "Asia/Taipei",
        "modification_date": "2025-02-24"
      }
    },
    {
      "type": "Feature",
      "geometry": {
        "type": "Point",
        "coordinates": [
          127.38493,
          36.34913
        ]
      },
      "properties": {
        "name": "Daejeon",
        "ascii_name": "Daejeon",
        "feature_class": "P",
        "feature_code": "PPLA",
        "country_code": "KR",
        "cou_name_en": "Korea, Republic of",
        "population": 1470336,
        "dem": 58,
        "timezone": "Asia/Seoul",
        "modification_date": "2025-06-11"
      }
    },
    {
      "type": "Feature",
      "geometry": {
        "type": "Point",
        "coordinates": [
          96.08359,
          21.97473
        ]
      },
      "properties": {
        "name": "Mandalay",
        "ascii_name": "Mandalay",
        "feature_class": "P",
        "feature_code": "PPLA",
        "country_code": "MM",
        "cou_name_en": "Myanmar",
        "population": 1208099,
        "dem": 83,
        "timezone": "Asia/Yangon",
        "modification_date": "2024-03-24"
      }
    },
    {
      "type": "Feature",
      "geometry": {
        "type": "Point",
        "coordinates": [
          -99.90891,
          16.84942
        ]
      },
      "properties": {
        "name": "Acapulco de Juárez",
        "ascii_name": "Acapulco de Juarez",
        "feature_class": "P",
        "feature_code": "PPL",
        "country_code": "MX",
        "cou_name_en": "Mexico",
        "population": 658609,
        "dem": 16,
        "timezone": "America/Mexico_City",
        "modification_date": "2025-10-22"
      }
    },
    {
      "type": "Feature",
      "geometry": {
        "type": "Point",
        "coordinates": [
          99.16366,
          25.11626
        ]
      },
      "properties": {
        "name": "Baoshan",
        "ascii_name": "Baoshan",
        "feature_class": "P",
        "feature_code": "PPLA2",
        "country_code": "CN",
        "cou_name_en": "China",
        "population": 935618,
        "dem": 1680,
        "timezone": "Asia/Shanghai",
        "modification_date": "2021-10-18"
      }
    },
    {
      "type": "Feature",
      "geometry": {
        "type": "Point",
        "coordinates": [
          104.77689,
          29.34162
        ]
      },
      "properties": {
        "name": "Zigong",
        "ascii_name": "Zigong",
        "feature_class": "P",
        "feature_code": "PPL",
        "country_code": "CN",
        "cou_name_en": "China",
        "population": 1262064,
        "dem": 306,
        "timezone": "Asia/Shanghai",
        "modification_date": "2021-10-19"
      }
    },
    {
      "type": "Feature",
      "geometry": {
        "type": "Point",
        "coordinates": [
          119.45508,
          32.21086
        ]
      },
      "properties": {
        "name": "Zhenjiang",
        "ascii_name": "Zhenjiang",
        "feature_class": "P",
        "feature_code": "PPLA2",
        "country_code": "CN",
        "cou_name_en": "China",
        "population": 950516,
        "dem": 26,
        "timezone": "Asia/Shanghai",
        "modification_date": "2021-10-07"
      }
    },
    {
      "type": "Feature",
      "geometry": {
        "type": "Point",
        "coordinates": [
          112.46091,
          23.04893
        ]
      },
      "properties": {
        "name": "Zhaoqing",
        "ascii_name": "Zhaoqing",
        "feature_class": "P",
        "feature_code": "PPLA2",
        "country_code": "CN",
        "cou_name_en": "China",
        "population": 1553109,
        "dem": 16,
        "timezone": "Asia/Shanghai",
        "modification_date": "2021-10-14"
      }
    },
    {
      "type": "Feature",
      "geometry": {
        "type": "Point",
        "coordinates": [
          110.38749,
          21.23391
        ]
      },
      "properties": {
        "name": "Zhanjiang",
        "ascii_name": "Zhanjiang",
        "feature_class": "P",
        "feature_code": "PPLA2",
        "country_code": "CN",
        "cou_name_en": "China",
        "population": 1400709,
        "dem": 16,
        "timezone": "Asia/Shanghai",
        "modification_date": "2021-12-15"
      }
    },
    {
      "type": "Feature",
      "geometry": {
        "type": "Point",
        "coordinates": [
          114.4,
          27.83333
        ]
      },
      "properties": {
        "name": "Yichun",
        "ascii_name": "Yichun",
        "feature_class": "P",
        "feature_code": "PPLA2",
        "country_code": "CN",
        "cou_name_en": "China",
        "population": 1045952,
        "dem": 99,
        "timezone": "Asia/Shanghai",
        "modification_date": "2025-08-20"
      }
    },
    {
      "type": "Feature",
      "geometry": {
        "type": "Point",
        "coordinates": [
          120.1573,
          33.3575
        ]
      },
      "properties": {
        "name": "Yancheng",
        "ascii_name": "Yancheng",
        "feature_class": "P",
        "feature_code": "PPLA2",
        "country_code": "CN",
        "cou_name_en": "China",
        "population": 1615717,
        "dem": 3,
        "timezone": "Asia/Shanghai",
        "modification_date": "2024-05-17"
      }
    },
    {
      "type": "Feature",
      "geometry": {
        "type": "Point",
        "coordinates": [
          119.94639,
          36.78444
        ]
      },
      "properties": {
        "name": "Pingdu",
        "ascii_name": "Pingdu",
        "feature_class": "P",
        "feature_code": "PPLA3",
        "country_code": "CN",
        "cou_name_en": "China",
        "population": 542234,
        "dem": 59,
        "timezone": "Asia/Shanghai",
        "modification_date": "2022-04-01"
      }
    },
    {
      "type": "Feature",
      "geometry": {
        "type": "Point",
        "coordinates": [
          112.61888,
          26.88946
        ]
      },
      "properties": {
        "name": "Hengyang",
        "ascii_name": "Hengyang",
        "feature_class": "P",
        "feature_code": "PPL",
        "country_code": "CN",
        "cou_name_en": "China",
        "population": 1075516,
        "dem": 66,
        "timezone": "Asia/Shanghai",
        "modification_date": "2021-10-12"
      }
    },
    {
      "type": "Feature",
      "geometry": {
        "type": "Point",
        "coordinates": [
          115.68348,
          37.73908
        ]
      },
      "properties": {
        "name": "Hengshui",
        "ascii_name": "Hengshui",
        "feature_class": "P",
        "feature_code": "PPLA2",
        "country_code": "CN",
        "cou_name_en": "China",
        "population": 522147,
        "dem": 22,
        "timezone": "Asia/Shanghai",
        "modification_date": "2023-12-11"
      }
    },
    {
      "type": "Feature",
      "geometry": {
        "type": "Point",
        "coordinates": [
          35.21633,
          31.76904
        ]
      },
      "properties": {
        "name": "Jerusalem",
        "ascii_name": "Jerusalem",
        "feature_class": "P",
        "feature_code": "PPLA",
        "country_code": "IL",
        "cou_name_en": "Israel",
        "population": 971800,
        "dem": 786,
        "timezone": "Asia/Jerusalem",
        "modification_date": "2025-09-23"
      }
    },
    {
      "type": "Feature",
      "geometry": {
        "type": "Point",
        "coordinates": [
          73.15,
          19.21667
        ]
      },
      "properties": {
        "name": "Ulhasnagar",
        "ascii_name": "Ulhasnagar",
        "feature_class": "P",
        "feature_code": "PPL",
        "country_code": "IN",
        "cou_name_en": "India",
        "population": 516584,
        "dem": 10,
        "timezone": "Asia/Kolkata",
        "modification_date": "2024-01-06"
      }
    },
    {
      "type": "Feature",
      "geometry": {
        "type": "Point",
        "coordinates": [
          79.82979,
          11.93381
        ]
      },
      "properties": {
        "name": "Puducherry",
        "ascii_name": "Puducherry",
        "feature_class": "P",
        "feature_code": "PPLA",
        "country_code": "IN",
        "cou_name_en": "India",
        "population": 657209,
        "dem": 11,
        "timezone": "Asia/Kolkata",
        "modification_date": "2024-01-06"
      }
    },
    {
      "type": "Feature",
      "geometry": {
        "type": "Point",
        "coordinates": [
          79.08491,
          21.14631
        ]
      },
      "properties": {
        "name": "Nagpur",
        "ascii_name": "Nagpur",
        "feature_class": "P",
        "feature_code": "PPLA2",
        "country_code": "IN",
        "cou_name_en": "India",
        "population": 2405665,
        "dem": 319,
        "timezone": "Asia/Kolkata",
        "modification_date": "2025-05-25"
      }
    },
    {
      "type": "Feature",
      "geometry": {
        "type": "Point",
        "coordinates": [
          30.31413,
          59.93863
        ]
      },
      "properties": {
        "name": "Saint Petersburg",
        "ascii_name": "Saint Petersburg",
        "feature_class": "P",
        "feature_code": "PPLA",
        "country_code": "RU",
        "cou_name_en": "Russian Federation",
        "population": 5351935,
        "dem": 11,
        "timezone": "Europe/Moscow",
        "modification_date": "2024-03-25"
      }
    },
    {
      "type": "Feature",
      "geometry": {
        "type": "Point",
        "coordinates": [
          31.24967,
          30.06263
        ]
      },
      "properties": {
        "name": "Cairo",
        "ascii_name": "Cairo",
        "feature_class": "P",
        "feature_code": "PPLC",
        "country_code": "EG",
        "cou_name_en": "Egypt",
        "population": 9606916,
        "dem": 23,
        "timezone": "Africa/Cairo",
        "modification_date": "2024-09-05"
      }
    },
    {
      "type": "Feature",
      "geometry": {
        "type": "Point",
        "coordinates": [
          11.51667,
          3.86667
        ]
      },
      "properties": {
        "name": "Yaoundé",
        "ascii_name": "Yaounde",
        "feature_class": "P",
        "feature_code": "PPLC",
        "country_code": "CM",
        "cou_name_en": "Cameroon",
        "population": 1299369,
        "dem": 726,
        "timezone": "Africa/Douala",
        "modification_date": "2024-07-20"
      }
    },
    {
      "type": "Feature",
      "geometry": {
        "type": "Point",
        "coordinates": [
          114.93335,
          27.80429
        ]
      },
      "properties": {
        "name": "Xinyu",
        "ascii_name": "Xinyu",
        "feature_class": "P",
        "feature_code": "PPLA2",
        "country_code": "CN",
        "cou_name_en": "China",
        "population": 839488,
        "dem": 68,
        "timezone": "Asia/Shanghai",
        "modification_date": "2025-08-20"
      }
    },
    {
      "type": "Feature",
      "geometry": {
        "type": "Point",
        "coordinates": [
          112.56028,
          37.86944
        ]
      },
      "properties": {
        "name": "Taiyuan",
        "ascii_name": "Taiyuan",
        "feature_class": "P",
        "feature_code": "PPLA",
        "country_code": "CN",
        "cou_name_en": "China",
        "population": 4303673,
        "dem": 795,
        "timezone": "Asia/Shanghai",
        "modification_date": "2025-02-24"
      }
    },
    {
      "type": "Feature",
      "geometry": {
        "type": "Point",
        "coordinates": [
          114.64629,
          37.88452
        ]
      },
      "properties": {
        "name": "Luancheng",
        "ascii_name": "Luancheng",
        "feature_class": "P",
        "feature_code": "PPLA3",
        "country_code": "CN",
        "cou_name_en": "China",
        "population": 597130,
        "dem": 53,
        "timezone": "Asia/Shanghai",
        "modification_date": "2023-12-11"
      }
    },
    {
      "type": "Feature",
      "geometry": {
        "type": "Point",
        "coordinates": [
          112.19028,
          30.35028
        ]
      },
      "properties": {
        "name": "Jingzhou",
        "ascii_name": "Jingzhou",
        "feature_class": "P",
        "feature_code": "PPLA2",
        "country_code": "CN",
        "cou_name_en": "China",
        "population": 1052282,
        "dem": 39,
        "timezone": "Asia/Shanghai",
        "modification_date": "2021-10-20"
      }
    },
    {
      "type": "Feature",
      "geometry": {
        "type": "Point",
        "coordinates": [
          121.60222,
          38.91222
        ]
      },
      "properties": {
        "name": "Dalian",
        "ascii_name": "Dalian",
        "feature_class": "P",
        "feature_code": "PPL",
        "country_code": "CN",
        "cou_name_en": "China",
        "population": 4913879,
        "dem": 33,
        "timezone": "Asia/Shanghai",
        "modification_date": "2024-05-17"
      }
    },
    {
      "type": "Feature",
      "geometry": {
        "type": "Point",
        "coordinates": [
          106.55771,
          29.56026
        ]
      },
      "properties": {
        "name": "Chongqing",
        "ascii_name": "Chongqing",
        "feature_class": "P",
        "feature_code": "PPLA",
        "country_code": "CN",
        "cou_name_en": "China",
        "population": 7457599,
        "dem": 289,
        "timezone": "Asia/Shanghai",
        "modification_date": "2024-09-05"
      }
    },
    {
      "type": "Feature",
      "geometry": {
        "type": "Point",
        "coordinates": [
          120.26302,
          31.91102
        ]
      },
      "properties": {
        "name": "Jiangyin",
        "ascii_name": "Jiangyin",
        "feature_class": "P",
        "feature_code": "PPLA3",
        "country_code": "CN",
        "cou_name_en": "China",
        "population": 1779515,
        "dem": 7,
        "timezone": "Asia/Shanghai",
        "modification_date": "2022-04-01"
      }
    },
    {
      "type": "Feature",
      "geometry": {
        "type": "Point",
        "coordinates": [
          -70.69085,
          19.45036
        ]
      },
      "properties": {
        "name": "Santiago de los Caballeros",
        "ascii_name": "Santiago de los Caballeros",
        "feature_class": "P",
        "feature_code": "PPLA",
        "country_code": "DO",
        "cou_name_en": "Dominican Republic",
        "population": 1200000,
        "dem": 209,
        "timezone": "America/Santo_Domingo",
        "modification_date": "2025-05-15"
      }
    },
    {
      "type": "Feature",
      "geometry": {
        "type": "Point",
        "coordinates": [
          -78.52495,
          -0.22985
        ]
      },
      "properties": {
        "name": "Quito",
        "ascii_name": "Quito",
        "feature_class": "P",
        "feature_code": "PPLC",
        "country_code": "EC",
        "cou_name_en": "Ecuador",
        "population": 2781641,
        "dem": 2854,
        "timezone": "America/Guayaquil",
        "modification_date": "2022-09-19"
      }
    },
    {
      "type": "Feature",
      "geometry": {
        "type": "Point",
        "coordinates": [
          31.25053,
          30.12511
        ]
      },
      "properties": {
        "name": "Shubrā al Khaymah",
        "ascii_name": "Shubra al Khaymah",
        "feature_class": "P",
        "feature_code": "PPLA2",
        "country_code": "EG",
        "cou_name_en": "Egypt",
        "population": 1240289,
        "dem": 26,
        "timezone": "Africa/Cairo",
        "modification_date": "2023-11-29"
      }
    },
    {
      "type": "Feature",
      "geometry": {
        "type": "Point",
        "coordinates": [
          30.8418,
          29.30995
        ]
      },
      "properties": {
        "name": "Al Fayyum",
        "ascii_name": "Al Fayyum",
        "feature_class": "P",
        "feature_code": "PPLA",
        "country_code": "EG",
        "cou_name_en": "Egypt",
        "population": 519047,
        "dem": 29,
        "timezone": "Africa/Cairo",
        "modification_date": "2023-11-29"
      }
    },
    {
      "type": "Feature",
      "geometry": {
        "type": "Point",
        "coordinates": [
          21.01178,
          52.22977
        ]
      },
      "properties": {
        "name": "Warsaw",
        "ascii_name": "Warsaw",
        "feature_class": "P",
        "feature_code": "PPLC",
        "country_code": "PL",
        "cou_name_en": "Poland",
        "population": 1702139,
        "dem": 113,
        "timezone": "Europe/Warsaw",
        "modification_date": "2025-07-22"
      }
    },
    {
      "type": "Feature",
      "geometry": {
        "type": "Point",
        "coordinates": [
          -60.025,
          -3.10194
        ]
      },
      "properties": {
        "name": "Manaus",
        "ascii_name": "Manaus",
        "feature_class": "P",
        "feature_code": "PPLA",
        "country_code": "BR",
        "cou_name_en": "Brazil",
        "population": 2219580,
        "dem": 20,
        "timezone": "America/Manaus",
        "modification_date": "2025-10-26"
      }
    },
    {
      "type": "Feature",
      "geometry": {
        "type": "Point",
        "coordinates": [
          101.53281,
          3.08507
        ]
      },
      "properties": {
        "name": "Shah Alam",
        "ascii_name": "Shah Alam",
        "feature_class": "P",
        "feature_code": "PPL",
        "country_code": "MY",
        "cou_name_en": "Malaysia",
        "population": 740750,
        "dem": 53,
        "timezone": "Asia/Kuala_Lumpur",
        "modification_date": "2022-12-06"
      }
    },
    {
      "type": "Feature",
      "geometry": {
        "type": "Point",
        "coordinates": [
          -114.08529,
          51.05011
        ]
      },
      "properties": {
        "name": "Calgary",
        "ascii_name": "Calgary",
        "feature_class": "P",
        "feature_code": "PPL",
        "country_code": "CA",
        "cou_name_en": "Canada",
        "population": 1306784,
        "dem": 1042,
        "timezone": "America/Edmonton",
        "modification_date": "2025-08-04"
      }
    },
    {
      "type": "Feature",
      "geometry": {
        "type": "Point",
        "coordinates": [
          4.55698,
          7.77104
        ]
      },
      "properties": {
        "name": "Osogbo",
        "ascii_name": "Osogbo",
        "feature_class": "P",
        "feature_code": "PPLA",
        "country_code": "NG",
        "cou_name_en": "Nigeria",
        "population": 645000,
        "dem": 336,
        "timezone": "Africa/Lagos",
        "modification_date": "2024-01-18"
      }
    },
    {
      "type": "Feature",
      "geometry": {
        "type": "Point",
        "coordinates": [
          8.51672,
          12.00012
        ]
      },
      "properties": {
        "name": "Kano",
        "ascii_name": "Kano",
        "feature_class": "P",
        "feature_code": "PPLA",
        "country_code": "NG",
        "cou_name_en": "Nigeria",
        "population": 4910000,
        "dem": 484,
        "timezone": "Africa/Lagos",
        "modification_date": "2024-04-01"
      }
    },
    {
      "type": "Feature",
      "geometry": {
        "type": "Point",
        "coordinates": [
          8.32695,
          4.95893
        ]
      },
      "properties": {
        "name": "Calabar",
        "ascii_name": "Calabar",
        "feature_class": "P",
        "feature_code": "PPLA",
        "country_code": "NG",
        "cou_name_en": "Nigeria",
        "population": 540000,
        "dem": 37,
        "timezone": "Africa/Lagos",
        "modification_date": "2024-01-18"
      }
    },
    {
      "type": "Feature",
      "geometry": {
        "type": "Point",
        "coordinates": [
          3.34509,
          7.15571
        ]
      },
      "properties": {
        "name": "Abeokuta",
        "ascii_name": "Abeokuta",
        "feature_class": "P",
        "feature_code": "PPLA",
        "country_code": "NG",
        "cou_name_en": "Nigeria",
        "population": 735000,
        "dem": 64,
        "timezone": "Africa/Lagos",
        "modification_date": "2024-01-18"
      }
    },
    {
      "type": "Feature",
      "geometry": {
        "type": "Point",
        "coordinates": [
          153.02809,
          -27.46794
        ]
      },
      "properties": {
        "name": "Brisbane",
        "ascii_name": "Brisbane",
        "feature_class": "P",
        "feature_code": "PPLA",
        "country_code": "AU",
        "cou_name_en": "Australia",
        "population": 2780063,
        "dem": 27,
        "timezone": "Australia/Brisbane",
        "modification_date": "2025-06-10"
      }
    },
    {
      "type": "Feature",
      "geometry": {
        "type": "Point",
        "coordinates": [
          55.76056,
          24.19167
        ]
      },
      "properties": {
        "name": "Al Ain City",
        "ascii_name": "Al Ain City",
        "feature_class": "P",
        "feature_code": "PPL",
        "country_code": "AE",
        "cou_name_en": "United Arab Emirates",
        "population": 846747,
        "dem": 275,
        "timezone": "Asia/Dubai",
        "modification_date": "2024-07-13"
      }
    },
    {
      "type": "Feature",
      "geometry": {
        "type": "Point",
        "coordinates": [
          -100.97135,
          22.15234
        ]
      },
      "properties": {
        "name": "San Luis Potosí",
        "ascii_name": "San Luis Potosi",
        "feature_class": "P",
        "feature_code": "PPLA",
        "country_code": "MX",
        "cou_name_en": "Mexico",
        "population": 722772,
        "dem": 1886,
        "timezone": "America/Monterrey",
        "modification_date": "2025-05-15"
      }
    },
    {
      "type": "Feature",
      "geometry": {
        "type": "Point",
        "coordinates": [
          36.57151,
          28.3998
        ]
      },
      "properties": {
        "name": "Tabuk",
        "ascii_name": "Tabuk",
        "feature_class": "P",
        "feature_code": "PPLA",
        "country_code": "SA",
        "cou_name_en": "Saudi Arabia",
        "population": 667000,
        "dem": 768,
        "timezone": "Asia/Riyadh",
        "modification_date": "2024-03-03"
      }
    },
    {
      "type": "Feature",
      "geometry": {
        "type": "Point",
        "coordinates": [
          39.82563,
          21.42664
        ]
      },
      "properties": {
        "name": "Makkah",
        "ascii_name": "Makkah",
        "feature_class": "P",
        "feature_code": "PPLA",
        "country_code": "SA",
        "cou_name_en": "Saudi Arabia",
        "population": 1578722,
        "dem": 333,
        "timezone": "Asia/Riyadh",
        "modification_date": "2025-10-12"
      }
    },
    {
      "type": "Feature",
      "geometry": {
        "type": "Point",
        "coordinates": [
          40.21721,
          37.91363
        ]
      },
      "properties": {
        "name": "Diyarbakır",
        "ascii_name": "Diyarbakir",
        "feature_class": "P",
        "feature_code": "PPLA",
        "country_code": "TR",
        "cou_name_en": "Turkey",
        "population": 1791373,
        "dem": 674,
        "timezone": "Europe/Istanbul",
        "modification_date": "2025-12-09"
      }
    },
    {
      "type": "Feature",
      "geometry": {
        "type": "Point",
        "coordinates": [
          50.13553,
          53.20767
        ]
      },
      "properties": {
        "name": "Samara",
        "ascii_name": "Samara",
        "feature_class": "P",
        "feature_code": "PPLA",
        "country_code": "RU",
        "cou_name_en": "Russian Federation",
        "population": 1163399,
        "dem": 107,
        "timezone": "Europe/Samara",
        "modification_date": "2025-09-09"
      }
    },
    {
      "type": "Feature",
      "geometry": {
        "type": "Point",
        "coordinates": [
          44.00205,
          56.32867
        ]
      },
      "properties": {
        "name": "Nizhniy Novgorod",
        "ascii_name": "Nizhniy Novgorod",
        "feature_class": "P",
        "feature_code": "PPLA",
        "country_code": "RU",
        "cou_name_en": "Russian Federation",
        "population": 1259013,
        "dem": 141,
        "timezone": "Europe/Moscow",
        "modification_date": "2025-05-08"
      }
    },
    {
      "type": "Feature",
      "geometry": {
        "type": "Point",
        "coordinates": [
          47.50027,
          42.97782
        ]
      },
      "properties": {
        "name": "Makhachkala",
        "ascii_name": "Makhachkala",
        "feature_class": "P",
        "feature_code": "PPLA",
        "country_code": "RU",
        "cou_name_en": "Russian Federation",
        "population": 596356,
        "dem": -10,
        "timezone": "Europe/Moscow",
        "modification_date": "2025-09-09"
      }
    },
    {
      "type": "Feature",
      "geometry": {
        "type": "Point",
        "coordinates": [
          105.69232,
          18.67337
        ]
      },
      "properties": {
        "name": "Vinh",
        "ascii_name": "Vinh",
        "feature_class": "P",
        "feature_code": "PPLA",
        "country_code": "VN",
        "cou_name_en": "Viet Nam",
        "population": 790000,
        "dem": 12,
        "timezone": "Asia/Bangkok",
        "modification_date": "2025-07-29"
      }
    },
    {
      "type": "Feature",
      "geometry": {
        "type": "Point",
        "coordinates": [
          106.82432,
          10.94469
        ]
      },
      "properties": {
        "name": "Biên Hòa",
        "ascii_name": "Bien Hoa",
        "feature_class": "P",
        "feature_code": "PPLA",
        "country_code": "VN",
        "cou_name_en": "Viet Nam",
        "population": 1272235,
        "dem": 6,
        "timezone": "Asia/Ho_Chi_Minh",
        "modification_date": "2025-07-29"
      }
    },
    {
      "type": "Feature",
      "geometry": {
        "type": "Point",
        "coordinates": [
          28.28713,
          -15.40669
        ]
      },
      "properties": {
        "name": "Lusaka",
        "ascii_name": "Lusaka",
        "feature_class": "P",
        "feature_code": "PPLC",
        "country_code": "ZM",
        "cou_name_en": "Zambia",
        "population": 2212301,
        "dem": 1277,
        "timezone": "Africa/Lusaka",
        "modification_date": "2025-10-26"
      }
    },
    {
      "type": "Feature",
      "geometry": {
        "type": "Point",
        "coordinates": [
          -73.11895,
          7.125
        ]
      },
      "properties": {
        "name": "Bucaramanga",
        "ascii_name": "Bucaramanga",
        "feature_class": "P",
        "feature_code": "PPLA",
        "country_code": "CO",
        "cou_name_en": "Colombia",
        "population": 581130,
        "dem": 1010,
        "timezone": "America/Bogota",
        "modification_date": "2025-05-15"
      }
    },
    {
      "type": "Feature",
      "geometry": {
        "type": "Point",
        "coordinates": [
          11.07752,
          49.45421
        ]
      },
      "properties": {
        "name": "Nürnberg",
        "ascii_name": "Nuernberg",
        "feature_class": "P",
        "feature_code": "PPLA3",
        "country_code": "DE",
        "cou_name_en": "Germany",
        "population": 515543,
        "dem": 300,
        "timezone": "Europe/Berlin",
        "modification_date": "2025-09-19"
      }
    },
    {
      "type": "Feature",
      "geometry": {
        "type": "Point",
        "coordinates": [
          6.76516,
          51.43247
        ]
      },
      "properties": {
        "name": "Duisburg",
        "ascii_name": "Duisburg",
        "feature_class": "P",
        "feature_code": "PPLA3",
        "country_code": "DE",
        "cou_name_en": "Germany",
        "population": 504358,
        "dem": 38,
        "timezone": "Europe/Berlin",
        "modification_date": "2019-09-05"
      }
    },
    {
      "type": "Feature",
      "geometry": {
        "type": "Point",
        "coordinates": [
          113.64861,
          34.75778
        ]
      },
      "properties": {
        "name": "Zhengzhou",
        "ascii_name": "Zhengzhou",
        "feature_class": "P",
        "feature_code": "PPLA",
        "country_code": "CN",
        "cou_name_en": "China",
        "population": 4253913,
        "dem": 104,
        "timezone": "Asia/Shanghai",
        "modification_date": "2024-05-09"
      }
    },
    {
      "type": "Feature",
      "geometry": {
        "type": "Point",
        "coordinates": [
          112.9,
          27.85
        ]
      },
      "properties": {
        "name": "Xiangtan",
        "ascii_name": "Xiangtan",
        "feature_class": "P",
        "feature_code": "PPLA2",
        "country_code": "CN",
        "cou_name_en": "China",
        "population": 959303,
        "dem": 31,
        "timezone": "Asia/Shanghai",
        "modification_date": "2021-10-20"
      }
    },
    {
      "type": "Feature",
      "geometry": {
        "type": "Point",
        "coordinates": [
          110.77806,
          32.6475
        ]
      },
      "properties": {
        "name": "Shiyan",
        "ascii_name": "Shiyan",
        "feature_class": "P",
        "feature_code": "PPLA2",
        "country_code": "CN",
        "cou_name_en": "China",
        "population": 3460000,
        "dem": 247,
        "timezone": "Asia/Shanghai",
        "modification_date": "2018-12-06"
      }
    },
    {
      "type": "Feature",
      "geometry": {
        "type": "Point",
        "coordinates": [
          118.57415,
          24.81978
        ]
      },
      "properties": {
        "name": "Jinjiang",
        "ascii_name": "Jinjiang",
        "feature_class": "P",
        "feature_code": "PPLA3",
        "country_code": "CN",
        "cou_name_en": "China",
        "population": 1416151,
        "dem": 33,
        "timezone": "Asia/Shanghai",
        "modification_date": "2024-07-13"
      }
    },
    {
      "type": "Feature",
      "geometry": {
        "type": "Point",
        "coordinates": [
          103.76386,
          29.56227
        ]
      },
      "properties": {
        "name": "Leshan",
        "ascii_name": "Leshan",
        "feature_class": "P",
        "feature_code": "PPL",
        "country_code": "CN",
        "cou_name_en": "China",
        "population": 662814,
        "dem": 375,
        "timezone": "Asia/Shanghai",
        "modification_date": "2025-05-12"
      }
    },
    {
      "type": "Feature",
      "geometry": {
        "type": "Point",
        "coordinates": [
          117.65694,
          36.19278
        ]
      },
      "properties": {
        "name": "Laiwu",
        "ascii_name": "Laiwu",
        "feature_class": "P",
        "feature_code": "PPLA3",
        "country_code": "CN",
        "cou_name_en": "China",
        "population": 989535,
        "dem": 182,
        "timezone": "Asia/Shanghai",
        "modification_date": "2024-03-06"
      }
    },
    {
      "type": "Feature",
      "geometry": {
        "type": "Point",
        "coordinates": [
          105.28627,
          27.30193
        ]
      },
      "properties": {
        "name": "Bijie",
        "ascii_name": "Bijie",
        "feature_class": "P",
        "feature_code": "PPLA2",
        "country_code": "CN",
        "cou_name_en": "China",
        "population": 1137383,
        "dem": 1471,
        "timezone": "Asia/Shanghai",
        "modification_date": "2024-07-24"
      }
    },
    {
      "type": "Feature",
      "geometry": {
        "type": "Point",
        "coordinates": [
          126.5608,
          43.84652
        ]
      },
      "properties": {
        "name": "Jilin",
        "ascii_name": "Jilin",
        "feature_class": "P",
        "feature_code": "PPLA2",
        "country_code": "CN",
        "cou_name_en": "China",
        "population": 1895865,
        "dem": 188,
        "timezone": "Asia/Shanghai",
        "modification_date": "2025-08-20"
      }
    },
    {
      "type": "Feature",
      "geometry": {
        "type": "Point",
        "coordinates": [
          -41.33044,
          -21.75227
        ]
      },
      "properties": {
        "name": "Campos dos Goytacazes",
        "ascii_name": "Campos dos Goytacazes",
        "feature_class": "P",
        "feature_code": "PPLA2",
        "country_code": "BR",
        "cou_name_en": "Brazil",
        "population": 511168,
        "dem": 13,
        "timezone": "America/Sao_Paulo",
        "modification_date": "2023-02-21"
      }
    },
    {
      "type": "Feature",
      "geometry": {
        "type": "Point",
        "coordinates": [
          -113.46871,
          53.55014
        ]
      },
      "properties": {
        "name": "Edmonton",
        "ascii_name": "Edmonton",
        "feature_class": "P",
        "feature_code": "PPLA",
        "country_code": "CA",
        "cou_name_en": "Canada",
        "population": 1010899,
        "dem": 610,
        "timezone": "America/Edmonton",
        "modification_date": "2025-08-04"
      }
    },
    {
      "type": "Feature",
      "geometry": {
        "type": "Point",
        "coordinates": [
          -73.58781,
          45.50884
        ]
      },
      "properties": {
        "name": "Montréal",
        "ascii_name": "Montreal",
        "feature_class": "P",
        "feature_code": "PPLA2",
        "country_code": "CA",
        "cou_name_en": "Canada",
        "population": 1762949,
        "dem": 216,
        "timezone": "America/Toronto",
        "modification_date": "2025-08-04"
      }
    },
    {
      "type": "Feature",
      "geometry": {
        "type": "Point",
        "coordinates": [
          25.19099,
          0.51528
        ]
      },
      "properties": {
        "name": "Kisangani",
        "ascii_name": "Kisangani",
        "feature_class": "P",
        "feature_code": "PPLA",
        "country_code": "CD",
        "cou_name_en": "Congo, Democratic Republic of the",
        "population": 1181788,
        "dem": 400,
        "timezone": "Africa/Lubumbashi",
        "modification_date": "2023-11-29"
      }
    },
    {
      "type": "Feature",
      "geometry": {
        "type": "Point",
        "coordinates": [
          90.36093,
          23.80931
        ]
      },
      "properties": {
        "geoname_id": "11395976",
        "name": "Mirpur Model Thana",
        "ascii_name": "Mirpur Model Thana",
        "alternate_names": null,
        "feature_class": "P",
        "feature_code": "PPLX",
        "country_code": "BD",
        "cou_name_en": "Bangladesh",
        "country_code_2": null,
        "admin1_code": "81",
        "admin2_code": "3026",
        "admin3_code": 302640,
        "admin4_code": "30264007",
        "population": 546503,
        "elevation": null,
        "dem": 24,
        "timezone": "Asia/Dhaka",
        "modification_date": "2024-04-08",
        "label_en": "Bangladesh"
      }
    },
    {
      "type": "Feature",
      "geometry": {
        "type": "Point",
        "coordinates": [
          65.71013,
          31.61332
        ]
      },
      "properties": {
        "name": "Kandahār",
        "ascii_name": "Kandahar",
        "feature_class": "P",
        "feature_code": "PPLA",
        "country_code": "AF",
        "cou_name_en": "Afghanistan",
        "population": 523300,
        "dem": 1007,
        "timezone": "Asia/Kabul",
        "modification_date": "2022-06-18"
      }
    },
    {
      "type": "Feature",
      "geometry": {
        "type": "Point",
        "coordinates": [
          138.38333,
          34.98333
        ]
      },
      "properties": {
        "name": "Shizuoka",
        "ascii_name": "Shizuoka",
        "feature_class": "P",
        "feature_code": "PPLA",
        "country_code": "JP",
        "cou_name_en": "Japan",
        "population": 693389,
        "dem": 23,
        "timezone": "Asia/Tokyo",
        "modification_date": "2024-12-29"
      }
    },
    {
      "type": "Feature",
      "geometry": {
        "type": "Point",
        "coordinates": [
          134.7,
          34.81667
        ]
      },
      "properties": {
        "name": "Himeji",
        "ascii_name": "Himeji",
        "feature_class": "P",
        "feature_code": "PPLA2",
        "country_code": "JP",
        "cou_name_en": "Japan",
        "population": 530495,
        "dem": 8,
        "timezone": "Asia/Tokyo",
        "modification_date": "2025-06-21"
      }
    },
    {
      "type": "Feature",
      "geometry": {
        "type": "Point",
        "coordinates": [
          -9.59815,
          30.42018
        ]
      },
      "properties": {
        "name": "Agadir",
        "ascii_name": "Agadir",
        "feature_class": "P",
        "feature_code": "PPLA",
        "country_code": "MA",
        "cou_name_en": "Morocco",
        "population": 698310,
        "dem": 31,
        "timezone": "Africa/Casablanca",
        "modification_date": "2024-09-05"
      }
    },
    {
      "type": "Feature",
      "geometry": {
        "type": "Point",
        "coordinates": [
          -93.11578,
          16.75357
        ]
      },
      "properties": {
        "name": "Tuxtla",
        "ascii_name": "Tuxtla",
        "feature_class": "P",
        "feature_code": "PPLA",
        "country_code": "MX",
        "cou_name_en": "Mexico",
        "population": 604147,
        "dem": 535,
        "timezone": "America/Merida",
        "modification_date": "2025-05-15"
      }
    },
    {
      "type": "Feature",
      "geometry": {
        "type": "Point",
        "coordinates": [
          -1.4659,
          53.38297
        ]
      },
      "properties": {
        "name": "Sheffield",
        "ascii_name": "Sheffield",
        "feature_class": "P",
        "feature_code": "PPLA2",
        "country_code": "GB",
        "cou_name_en": "United Kingdom",
        "population": 556500,
        "dem": 75,
        "timezone": "Europe/London",
        "modification_date": "2025-06-26"
      }
    },
    {
      "type": "Feature",
      "geometry": {
        "type": "Point",
        "coordinates": [
          114.17469,
          22.27832
        ]
      },
      "properties": {
        "name": "Hong Kong",
        "ascii_name": "Hong Kong",
        "feature_class": "P",
        "feature_code": "PPLC",
        "country_code": "HK",
        "cou_name_en": "Hong Kong, China",
        "population": 7396076,
        "dem": 60,
        "timezone": "Asia/Hong_Kong",
        "modification_date": "2025-08-25"
      }
    },
    {
      "type": "Feature",
      "geometry": {
        "type": "Point",
        "coordinates": [
          106.63,
          -6.17806
        ]
      },
      "properties": {
        "name": "Tangerang",
        "ascii_name": "Tangerang",
        "feature_class": "P",
        "feature_code": "PPL",
        "country_code": "ID",
        "cou_name_en": "Indonesia",
        "population": 1912679,
        "dem": 18,
        "timezone": "Asia/Jakarta",
        "modification_date": "2025-11-04"
      }
    },
    {
      "type": "Feature",
      "geometry": {
        "type": "Point",
        "coordinates": [
          74.56417,
          16.85438
        ]
      },
      "properties": {
        "name": "Sāngli",
        "ascii_name": "Sangli",
        "feature_class": "P",
        "feature_code": "PPL",
        "country_code": "IN",
        "cou_name_en": "India",
        "population": 601214,
        "dem": 553,
        "timezone": "Asia/Kolkata",
        "modification_date": "2024-01-06"
      }
    },
    {
      "type": "Feature",
      "geometry": {
        "type": "Point",
        "coordinates": [
          77.29023,
          28.75143
        ]
      },
      "properties": {
        "name": "Loni",
        "ascii_name": "Loni",
        "feature_class": "P",
        "feature_code": "PPL",
        "country_code": "IN",
        "cou_name_en": "India",
        "population": 516082,
        "dem": 213,
        "timezone": "Asia/Kolkata",
        "modification_date": "2025-10-20"
      }
    },
    {
      "type": "Feature",
      "geometry": {
        "type": "Point",
        "coordinates": [
          77.43915,
          28.66535
        ]
      },
      "properties": {
        "name": "Ghāziābād",
        "ascii_name": "Ghaziabad",
        "feature_class": "P",
        "feature_code": "PPLA2",
        "country_code": "IN",
        "cou_name_en": "India",
        "population": 1199191,
        "dem": 214,
        "timezone": "Asia/Kolkata",
        "modification_date": "2024-02-06"
      }
    },
    {
      "type": "Feature",
      "geometry": {
        "type": "Point",
        "coordinates": [
          72.96134,
          20.76957
        ]
      },
      "properties": {
        "name": "Bilimora",
        "ascii_name": "Bilimora",
        "feature_class": "P",
        "feature_code": "PPL",
        "country_code": "IN",
        "cou_name_en": "India",
        "population": 510879,
        "dem": 15,
        "timezone": "Asia/Kolkata",
        "modification_date": "2024-01-06"
      }
    },
    {
      "type": "Feature",
      "geometry": {
        "type": "Point",
        "coordinates": [
          44.00943,
          36.19117
        ]
      },
      "properties": {
        "name": "Erbil",
        "ascii_name": "Erbil",
        "feature_class": "P",
        "feature_code": "PPLA",
        "country_code": "IQ",
        "cou_name_en": "Iraq",
        "population": 1612700,
        "dem": 429,
        "timezone": "Asia/Baghdad",
        "modification_date": "2024-10-11"
      }
    },
    {
      "type": "Feature",
      "geometry": {
        "type": "Point",
        "coordinates": [
          73.79096,
          19.99727
        ]
      },
      "properties": {
        "name": "Nashik",
        "ascii_name": "Nashik",
        "feature_class": "P",
        "feature_code": "PPLA2",
        "country_code": "IN",
        "cou_name_en": "India",
        "population": 1486053,
        "dem": 584,
        "timezone": "Asia/Kolkata",
        "modification_date": "2025-05-25"
      }
    },
    {
      "type": "Feature",
      "geometry": {
        "type": "Point",
        "coordinates": [
          77.19072,
          28.65136
        ]
      },
      "properties": {
        "name": "Karol Bāgh",
        "ascii_name": "Karol Bagh",
        "feature_class": "P",
        "feature_code": "PPLX",
        "country_code": "IN",
        "cou_name_en": "India",
        "population": 505241,
        "dem": 231,
        "timezone": "Asia/Kolkata",
        "modification_date": "2024-01-06"
      }
    },
    {
      "type": "Feature",
      "geometry": {
        "type": "Point",
        "coordinates": [
          75.67206,
          29.44768
        ]
      },
      "properties": {
        "name": "Gorakhpur",
        "ascii_name": "Gorakhpur",
        "feature_class": "P",
        "feature_code": "PPL",
        "country_code": "IN",
        "cou_name_en": "India",
        "population": 1324570,
        "dem": 218,
        "timezone": "Asia/Kolkata",
        "modification_date": "2024-01-06"
      }
    },
    {
      "type": "Feature",
      "geometry": {
        "type": "Point",
        "coordinates": [
          -77.02824,
          -12.04318
        ]
      },
      "properties": {
        "name": "Lima",
        "ascii_name": "Lima",
        "feature_class": "P",
        "feature_code": "PPLC",
        "country_code": "PE",
        "cou_name_en": "Peru",
        "population": 7737002,
        "dem": 152,
        "timezone": "America/Lima",
        "modification_date": "2023-10-25"
      }
    },
    {
      "type": "Feature",
      "geometry": {
        "type": "Point",
        "coordinates": [
          74.35071,
          31.558
        ]
      },
      "properties": {
        "name": "Lahore",
        "ascii_name": "Lahore",
        "feature_class": "P",
        "feature_code": "PPLA",
        "country_code": "PK",
        "cou_name_en": "Pakistan",
        "population": 13004135,
        "dem": 216,
        "timezone": "Asia/Karachi",
        "modification_date": "2025-02-04"
      }
    },
    {
      "type": "Feature",
      "geometry": {
        "type": "Point",
        "coordinates": [
          114.38278,
          36.096
        ]
      },
      "properties": {
        "name": "Anyang",
        "ascii_name": "Anyang",
        "feature_class": "P",
        "feature_code": "PPLA2",
        "country_code": "CN",
        "cou_name_en": "China",
        "population": 1146839,
        "dem": 70,
        "timezone": "Asia/Shanghai",
        "modification_date": "2021-10-20"
      }
    },
    {
      "type": "Feature",
      "geometry": {
        "type": "Point",
        "coordinates": [
          117.55417,
          34.86472
        ]
      },
      "properties": {
        "name": "Zaozhuang",
        "ascii_name": "Zaozhuang",
        "feature_class": "P",
        "feature_code": "PPL",
        "country_code": "CN",
        "cou_name_en": "China",
        "population": 899753,
        "dem": 79,
        "timezone": "Asia/Shanghai",
        "modification_date": "2021-10-18"
      }
    },
    {
      "type": "Feature",
      "geometry": {
        "type": "Point",
        "coordinates": [
          113.56333,
          37.8575
        ]
      },
      "properties": {
        "name": "Yangquan",
        "ascii_name": "Yangquan",
        "feature_class": "P",
        "feature_code": "PPLA2",
        "country_code": "CN",
        "cou_name_en": "China",
        "population": 731228,
        "dem": 722,
        "timezone": "Asia/Shanghai",
        "modification_date": "2025-08-20"
      }
    },
    {
      "type": "Feature",
      "geometry": {
        "type": "Point",
        "coordinates": [
          113.86299,
          34.03189
        ]
      },
      "properties": {
        "name": "Xuchang",
        "ascii_name": "Xuchang",
        "feature_class": "P",
        "feature_code": "PPLA2",
        "country_code": "CN",
        "cou_name_en": "China",
        "population": 1265536,
        "dem": 71,
        "timezone": "Asia/Shanghai",
        "modification_date": "2025-08-19"
      }
    },
    {
      "type": "Feature",
      "geometry": {
        "type": "Point",
        "coordinates": [
          101.75739,
          36.62554
        ]
      },
      "properties": {
        "name": "Xining",
        "ascii_name": "Xining",
        "feature_class": "P",
        "feature_code": "PPLA",
        "country_code": "CN",
        "cou_name_en": "China",
        "population": 1677177,
        "dem": 2275,
        "timezone": "Asia/Shanghai",
        "modification_date": "2021-12-13"
      }
    },
    {
      "type": "Feature",
      "geometry": {
        "type": "Point",
        "coordinates": [
          108.92861,
          34.25833
        ]
      },
      "properties": {
        "name": "Xi’an",
        "ascii_name": "Xi'an",
        "feature_class": "P",
        "feature_code": "PPLA",
        "country_code": "CN",
        "cou_name_en": "China",
        "population": 9600000,
        "dem": 416,
        "timezone": "Asia/Shanghai",
        "modification_date": "2025-05-08"
      }
    },
    {
      "type": "Feature",
      "geometry": {
        "type": "Point",
        "coordinates": [
          120.28857,
          31.56887
        ]
      },
      "properties": {
        "name": "Wuxi",
        "ascii_name": "Wuxi",
        "feature_class": "P",
        "feature_code": "PPLA2",
        "country_code": "CN",
        "cou_name_en": "China",
        "population": 4396835,
        "dem": 10,
        "timezone": "Asia/Shanghai",
        "modification_date": "2025-02-26"
      }
    },
    {
      "type": "Feature",
      "geometry": {
        "type": "Point",
        "coordinates": [
          109.50891,
          34.50355
        ]
      },
      "properties": {
        "name": "Weinan",
        "ascii_name": "Weinan",
        "feature_class": "P",
        "feature_code": "PPLA2",
        "country_code": "CN",
        "cou_name_en": "China",
        "population": 1199290,
        "dem": 354,
        "timezone": "Asia/Shanghai",
        "modification_date": "2021-11-11"
      }
    },
    {
      "type": "Feature",
      "geometry": {
        "type": "Point",
        "coordinates": [
          113.58333,
          24.8
        ]
      },
      "properties": {
        "name": "Shaoguan",
        "ascii_name": "Shaoguan",
        "feature_class": "P",
        "feature_code": "PPLA2",
        "country_code": "CN",
        "cou_name_en": "China",
        "population": 1028460,
        "dem": 69,
        "timezone": "Asia/Shanghai",
        "modification_date": "2021-10-14"
      }
    },
    {
      "type": "Feature",
      "geometry": {
        "type": "Point",
        "coordinates": [
          119.58936,
          39.94104
        ]
      },
      "properties": {
        "name": "Qinhuangdao",
        "ascii_name": "Qinhuangdao",
        "feature_class": "P",
        "feature_code": "PPLA2",
        "country_code": "CN",
        "cou_name_en": "China",
        "population": 759718,
        "dem": 2,
        "timezone": "Asia/Shanghai",
        "modification_date": "2024-08-12"
      }
    },
    {
      "type": "Feature",
      "geometry": {
        "type": "Point",
        "coordinates": [
          115.85306,
          28.68396
        ]
      },
      "properties": {
        "name": "Nanchang",
        "ascii_name": "Nanchang",
        "feature_class": "P",
        "feature_code": "PPLA",
        "country_code": "CN",
        "cou_name_en": "China",
        "population": 2357839,
        "dem": 20,
        "timezone": "Asia/Shanghai",
        "modification_date": "2025-03-02"
      }
    },
    {
      "type": "Feature",
      "geometry": {
        "type": "Point",
        "coordinates": [
          116.36706,
          37.44661
        ]
      },
      "properties": {
        "name": "Dezhou",
        "ascii_name": "Dezhou",
        "feature_class": "P",
        "feature_code": "PPLA2",
        "country_code": "CN",
        "cou_name_en": "China",
        "population": 679535,
        "dem": 25,
        "timezone": "Asia/Shanghai",
        "modification_date": "2021-10-20"
      }
    },
    {
      "type": "Feature",
      "geometry": {
        "type": "Point",
        "coordinates": [
          2.1098,
          13.51366
        ]
      },
      "properties": {
        "name": "Niamey",
        "ascii_name": "Niamey",
        "feature_class": "P",
        "feature_code": "PPLC",
        "country_code": "NE",
        "cou_name_en": "Niger",
        "population": 1323691,
        "dem": 206,
        "timezone": "Africa/Niamey",
        "modification_date": "2024-01-18"
      }
    },
    {
      "type": "Feature",
      "geometry": {
        "type": "Point",
        "coordinates": [
          -87.65005,
          41.85003
        ]
      },
      "properties": {
        "name": "Chicago",
        "ascii_name": "Chicago",
        "feature_class": "P",
        "feature_code": "PPLA2",
        "country_code": "US",
        "cou_name_en": "United States",
        "population": 2664452,
        "dem": 180,
        "timezone": "America/Chicago",
        "modification_date": "2025-06-21"
      }
    },
    {
      "type": "Feature",
      "geometry": {
        "type": "Point",
        "coordinates": [
          -73.83652,
          40.68149
        ]
      },
      "properties": {
        "name": "Queens",
        "ascii_name": "Queens",
        "feature_class": "P",
        "feature_code": "PPLA2",
        "country_code": "US",
        "cou_name_en": "United States",
        "population": 2316841,
        "dem": 13,
        "timezone": "America/New_York",
        "modification_date": "2025-06-25"
      }
    },
    {
      "type": "Feature",
      "geometry": {
        "type": "Point",
        "coordinates": [
          -75.16362,
          39.95238
        ]
      },
      "properties": {
        "name": "Philadelphia",
        "ascii_name": "Philadelphia",
        "feature_class": "P",
        "feature_code": "PPLA2",
        "country_code": "US",
        "cou_name_en": "United States",
        "population": 1573916,
        "dem": 8,
        "timezone": "America/New_York",
        "modification_date": "2025-04-14"
      }
    },
    {
      "type": "Feature",
      "geometry": {
        "type": "Point",
        "coordinates": [
          32.53241,
          15.55177
        ]
      },
      "properties": {
        "name": "Khartoum",
        "ascii_name": "Khartoum",
        "feature_class": "P",
        "feature_code": "PPLC",
        "country_code": "SD",
        "cou_name_en": "Sudan, The Republic of",
        "population": 1974647,
        "dem": 381,
        "timezone": "Africa/Khartoum",
        "modification_date": "2025-11-03"
      }
    },
    {
      "type": "Feature",
      "geometry": {
        "type": "Point",
        "coordinates": [
          -15.88333,
          14.85
        ]
      },
      "properties": {
        "name": "Touba",
        "ascii_name": "Touba",
        "feature_class": "P",
        "feature_code": "PPL",
        "country_code": "SN",
        "cou_name_en": "Senegal",
        "population": 1120824,
        "dem": 46,
        "timezone": "Africa/Dakar",
        "modification_date": "2025-05-27"
      }
    },
    {
      "type": "Feature",
      "geometry": {
        "type": "Point",
        "coordinates": [
          37.16117,
          36.20124
        ]
      },
      "properties": {
        "name": "Aleppo",
        "ascii_name": "Aleppo",
        "feature_class": "P",
        "feature_code": "PPLA",
        "country_code": "SY",
        "cou_name_en": "Syrian Arab Republic",
        "population": 2098210,
        "dem": 401,
        "timezone": "Asia/Damascus",
        "modification_date": "2025-11-29"
      }
    },
    {
      "type": "Feature",
      "geometry": {
        "type": "Point",
        "coordinates": [
          135.50107,
          34.69379
        ]
      },
      "properties": {
        "name": "Osaka",
        "ascii_name": "Osaka",
        "feature_class": "P",
        "feature_code": "PPLA",
        "country_code": "JP",
        "cou_name_en": "Japan",
        "population": 2753862,
        "dem": 4,
        "timezone": "Asia/Tokyo",
        "modification_date": "2024-09-05"
      }
    },
    {
      "type": "Feature",
      "geometry": {
        "type": "Point",
        "coordinates": [
          48.08389,
          29.07694
        ]
      },
      "properties": {
        "name": "Al Aḩmadī",
        "ascii_name": "Al Ahmadi",
        "feature_class": "P",
        "feature_code": "PPLA",
        "country_code": "KW",
        "cou_name_en": "Kuwait",
        "population": 637411,
        "dem": 70,
        "timezone": "Asia/Kuwait",
        "modification_date": "2014-01-04"
      }
    },
    {
      "type": "Feature",
      "geometry": {
        "type": "Point",
        "coordinates": [
          24.10589,
          56.946
        ]
      },
      "properties": {
        "name": "Riga",
        "ascii_name": "Riga",
        "feature_class": "P",
        "feature_code": "PPLC",
        "country_code": "LV",
        "cou_name_en": "Latvia",
        "population": 742572,
        "dem": 6,
        "timezone": "Europe/Riga",
        "modification_date": "2019-09-05"
      }
    },
    {
      "type": "Feature",
      "geometry": {
        "type": "Point",
        "coordinates": [
          -5.79975,
          35.76727
        ]
      },
      "properties": {
        "name": "Tangier",
        "ascii_name": "Tangier",
        "feature_class": "P",
        "feature_code": "PPLA",
        "country_code": "MA",
        "cou_name_en": "Morocco",
        "population": 1035141,
        "dem": 20,
        "timezone": "Africa/Casablanca",
        "modification_date": "2024-01-18"
      }
    },
    {
      "type": "Feature",
      "geometry": {
        "type": "Point",
        "coordinates": [
          -97.51643,
          35.46756
        ]
      },
      "properties": {
        "name": "Oklahoma City",
        "ascii_name": "Oklahoma City",
        "feature_class": "P",
        "feature_code": "PPLA",
        "country_code": "US",
        "cou_name_en": "United States",
        "population": 681054,
        "dem": 395,
        "timezone": "America/Chicago",
        "modification_date": "2025-06-16"
      }
    },
    {
      "type": "Feature",
      "geometry": {
        "type": "Point",
        "coordinates": [
          -90.04898,
          35.14953
        ]
      },
      "properties": {
        "name": "Memphis",
        "ascii_name": "Memphis",
        "feature_class": "P",
        "feature_code": "PPLA2",
        "country_code": "US",
        "cou_name_en": "United States",
        "population": 633104,
        "dem": 84,
        "timezone": "America/Chicago",
        "modification_date": "2025-07-15"
      }
    },
    {
      "type": "Feature",
      "geometry": {
        "type": "Point",
        "coordinates": [
          -83.04575,
          42.33143
        ]
      },
      "properties": {
        "name": "Detroit",
        "ascii_name": "Detroit",
        "feature_class": "P",
        "feature_code": "PPLA2",
        "country_code": "US",
        "cou_name_en": "United States",
        "population": 645705,
        "dem": 192,
        "timezone": "America/Detroit",
        "modification_date": "2025-06-25"
      }
    },
    {
      "type": "Feature",
      "geometry": {
        "type": "Point",
        "coordinates": [
          74.53134,
          32.49268
        ]
      },
      "properties": {
        "name": "Sialkot",
        "ascii_name": "Sialkot",
        "feature_class": "P",
        "feature_code": "PPLA2",
        "country_code": "PK",
        "cou_name_en": "Pakistan",
        "population": 911817,
        "dem": 250,
        "timezone": "Asia/Karachi",
        "modification_date": "2025-05-08"
      }
    },
    {
      "type": "Feature",
      "geometry": {
        "type": "Point",
        "coordinates": [
          74.18705,
          32.15567
        ]
      },
      "properties": {
        "name": "Gujranwala",
        "ascii_name": "Gujranwala",
        "feature_class": "P",
        "feature_code": "PPLA2",
        "country_code": "PK",
        "cou_name_en": "Pakistan",
        "population": 2511118,
        "dem": 230,
        "timezone": "Asia/Karachi",
        "modification_date": "2025-05-05"
      }
    },
    {
      "type": "Feature",
      "geometry": {
        "type": "Point",
        "coordinates": [
          135.0971,
          48.46204
        ]
      },
      "properties": {
        "name": "Khabarovsk",
        "ascii_name": "Khabarovsk",
        "feature_class": "P",
        "feature_code": "PPLA",
        "country_code": "RU",
        "cou_name_en": "Russian Federation",
        "population": 618150,
        "dem": 48,
        "timezone": "Asia/Vladivostok",
        "modification_date": "2025-09-09"
      }
    },
    {
      "type": "Feature",
      "geometry": {
        "type": "Point",
        "coordinates": [
          11.96679,
          57.70716
        ]
      },
      "properties": {
        "name": "Göteborg",
        "ascii_name": "Goeteborg",
        "feature_class": "P",
        "feature_code": "PPLA",
        "country_code": "SE",
        "cou_name_en": "Sweden",
        "population": 608462,
        "dem": 10,
        "timezone": "Europe/Stockholm",
        "modification_date": "2025-04-08"
      }
    },
    {
      "type": "Feature",
      "geometry": {
        "type": "Point",
        "coordinates": [
          103.744,
          1.5024
        ]
      },
      "properties": {
        "name": "Kampung Larkin Lama",
        "ascii_name": "Kampung Larkin Lama",
        "feature_class": "P",
        "feature_code": "PPL",
        "country_code": "MY",
        "cou_name_en": "Malaysia",
        "population": 500000,
        "dem": 34,
        "timezone": "Asia/Kuala_Lumpur",
        "modification_date": "2024-10-27"
      }
    },
    {
      "type": "Feature",
      "geometry": {
        "type": "Point",
        "coordinates": [
          116.0724,
          5.9749
        ]
      },
      "properties": {
        "name": "Kota Kinabalu",
        "ascii_name": "Kota Kinabalu",
        "feature_class": "P",
        "feature_code": "PPLA",
        "country_code": "MY",
        "cou_name_en": "Malaysia",
        "population": 500421,
        "dem": 5,
        "timezone": "Asia/Kuching",
        "modification_date": "2024-04-19"
      }
    },
    {
      "type": "Feature",
      "geometry": {
        "type": "Point",
        "coordinates": [
          101.6668,
          3.2549
        ]
      },
      "properties": {
        "name": "Selayang Baru Utara",
        "ascii_name": "Selayang Baru Utara",
        "feature_class": "P",
        "feature_code": "PPL",
        "country_code": "MY",
        "cou_name_en": "Malaysia",
        "population": 542409,
        "dem": 76,
        "timezone": "Asia/Kuala_Lumpur",
        "modification_date": "2024-04-22"
      }
    },
    {
      "type": "Feature",
      "geometry": {
        "type": "Point",
        "coordinates": [
          6.78569,
          6.14978
        ]
      },
      "properties": {
        "name": "Onitsha",
        "ascii_name": "Onitsha",
        "feature_class": "P",
        "feature_code": "PPLA2",
        "country_code": "NG",
        "cou_name_en": "Nigeria",
        "population": 1553000,
        "dem": 57,
        "timezone": "Africa/Lagos",
        "modification_date": "2022-09-23"
      }
    },
    {
      "type": "Feature",
      "geometry": {
        "type": "Point",
        "coordinates": [
          7.36667,
          5.10658
        ]
      },
      "properties": {
        "name": "Aba",
        "ascii_name": "Aba",
        "feature_class": "P",
        "feature_code": "PPLA2",
        "country_code": "NG",
        "cou_name_en": "Nigeria",
        "population": 1160000,
        "dem": 64,
        "timezone": "Africa/Lagos",
        "modification_date": "2024-01-18"
      }
    },
    {
      "type": "Feature",
      "geometry": {
        "type": "Point",
        "coordinates": [
          10.16579,
          36.81897
        ]
      },
      "properties": {
        "name": "Tunis",
        "ascii_name": "Tunis",
        "feature_class": "P",
        "feature_code": "PPLC",
        "country_code": "TN",
        "cou_name_en": "Tunisia",
        "population": 693210,
        "dem": 23,
        "timezone": "Africa/Tunis",
        "modification_date": "2019-09-05"
      }
    },
    {
      "type": "Feature",
      "geometry": {
        "type": "Point",
        "coordinates": [
          83.96851,
          28.26689
        ]
      },
      "properties": {
        "name": "Pokhara",
        "ascii_name": "Pokhara",
        "feature_class": "P",
        "feature_code": "PPLA",
        "country_code": "NP",
        "cou_name_en": "Nepal",
        "population": 599504,
        "dem": 1008,
        "timezone": "Asia/Kathmandu",
        "modification_date": "2025-06-26"
      }
    },
    {
      "type": "Feature",
      "geometry": {
        "type": "Point",
        "coordinates": [
          32.85427,
          39.91987
        ]
      },
      "properties": {
        "name": "Ankara",
        "ascii_name": "Ankara",
        "feature_class": "P",
        "feature_code": "PPLC",
        "country_code": "TR",
        "cou_name_en": "Turkey",
        "population": 3517182,
        "dem": 874,
        "timezone": "Europe/Istanbul",
        "modification_date": "2025-06-02"
      }
    },
    {
      "type": "Feature",
      "geometry": {
        "type": "Point",
        "coordinates": [
          -99.14612,
          19.44506
        ]
      },
      "properties": {
        "name": "Cuauhtémoc",
        "ascii_name": "Cuauhtemoc",
        "feature_class": "P",
        "feature_code": "PPL",
        "country_code": "MX",
        "cou_name_en": "Mexico",
        "population": 531831,
        "dem": 2237,
        "timezone": "America/Mexico_City",
        "modification_date": "2018-11-03"
      }
    },
    {
      "type": "Feature",
      "geometry": {
        "type": "Point",
        "coordinates": [
          66.96445,
          39.65456
        ]
      },
      "properties": {
        "name": "Samarkand",
        "ascii_name": "Samarkand",
        "feature_class": "P",
        "feature_code": "PPLA",
        "country_code": "UZ",
        "cou_name_en": "Uzbekistan",
        "population": 595200,
        "dem": 703,
        "timezone": "Asia/Samarkand",
        "modification_date": "2025-07-16"
      }
    },
    {
      "type": "Feature",
      "geometry": {
        "type": "Point",
        "coordinates": [
          -63.18323,
          9.74569
        ]
      },
      "properties": {
        "name": "Maturín",
        "ascii_name": "Maturin",
        "feature_class": "P",
        "feature_code": "PPLA",
        "country_code": "VE",
        "cou_name_en": "Venezuela, Bolivarian Rep. of",
        "population": 647459,
        "dem": 71,
        "timezone": "America/Caracas",
        "modification_date": "2023-02-25"
      }
    },
    {
      "type": "Feature",
      "geometry": {
        "type": "Point",
        "coordinates": [
          28.32078,
          -26.18848
        ]
      },
      "properties": {
        "name": "Benoni",
        "ascii_name": "Benoni",
        "feature_class": "P",
        "feature_code": "PPL",
        "country_code": "ZA",
        "cou_name_en": "South Africa",
        "population": 605344,
        "dem": 1641,
        "timezone": "Africa/Johannesburg",
        "modification_date": "2012-07-12"
      }
    },
    {
      "type": "Feature",
      "geometry": {
        "type": "Point",
        "coordinates": [
          31.05337,
          -17.82772
        ]
      },
      "properties": {
        "name": "Harare",
        "ascii_name": "Harare",
        "feature_class": "P",
        "feature_code": "PPLC",
        "country_code": "ZW",
        "cou_name_en": "Zimbabwe",
        "population": 1542813,
        "dem": 1494,
        "timezone": "Africa/Harare",
        "modification_date": "2025-02-07"
      }
    },
    {
      "type": "Feature",
      "geometry": {
        "type": "Point",
        "coordinates": [
          106.706,
          10.811
        ]
      },
      "properties": {
        "name": "Bình Thạnh",
        "ascii_name": "Binh Thanh",
        "feature_class": "P",
        "feature_code": "PPLX",
        "country_code": "VN",
        "cou_name_en": "Viet Nam",
        "population": 552164,
        "dem": 13,
        "timezone": "Asia/Ho_Chi_Minh",
        "modification_date": "2025-11-05"
      }
    },
    {
      "type": "Feature",
      "geometry": {
        "type": "Point",
        "coordinates": [
          28.04363,
          -26.20227
        ]
      },
      "properties": {
        "name": "Johannesburg",
        "ascii_name": "Johannesburg",
        "feature_class": "P",
        "feature_code": "PPLA",
        "country_code": "ZA",
        "cou_name_en": "South Africa",
        "population": 9418183,
        "dem": 1767,
        "timezone": "Africa/Johannesburg",
        "modification_date": "2025-06-11"
      }
    },
    {
      "type": "Feature",
      "geometry": {
        "type": "Point",
        "coordinates": [
          28.63659,
          -12.95867
        ]
      },
      "properties": {
        "name": "Ndola",
        "ascii_name": "Ndola",
        "feature_class": "P",
        "feature_code": "PPLA",
        "country_code": "ZM",
        "cou_name_en": "Zambia",
        "population": 627503,
        "dem": 1307,
        "timezone": "Africa/Lusaka",
        "modification_date": "2025-04-10"
      }
    },
    {
      "type": "Feature",
      "geometry": {
        "type": "Point",
        "coordinates": [
          28.21323,
          -12.80243
        ]
      },
      "properties": {
        "name": "Kitwe",
        "ascii_name": "Kitwe",
        "feature_class": "P",
        "feature_code": "PPL",
        "country_code": "ZM",
        "cou_name_en": "Zambia",
        "population": 665961,
        "dem": 1224,
        "timezone": "Africa/Lusaka",
        "modification_date": "2024-12-02"
      }
    },
    {
      "type": "Feature",
      "geometry": {
        "type": "Point",
        "coordinates": [
          15.73917,
          -12.77611
        ]
      },
      "properties": {
        "name": "Huambo",
        "ascii_name": "Huambo",
        "feature_class": "P",
        "feature_code": "PPLA",
        "country_code": "AO",
        "cou_name_en": "Angola",
        "population": 595304,
        "dem": 1716,
        "timezone": "Africa/Luanda",
        "modification_date": "2023-11-28"
      }
    },
    {
      "type": "Feature",
      "geometry": {
        "type": "Point",
        "coordinates": [
          107.23705,
          34.36775
        ]
      },
      "properties": {
        "name": "Baoji",
        "ascii_name": "Baoji",
        "feature_class": "P",
        "feature_code": "PPLA2",
        "country_code": "CN",
        "cou_name_en": "China",
        "population": 1437802,
        "dem": 567,
        "timezone": "Asia/Shanghai",
        "modification_date": "2025-08-18"
      }
    },
    {
      "type": "Feature",
      "geometry": {
        "type": "Point",
        "coordinates": [
          107.38599,
          40.74143
        ]
      },
      "properties": {
        "name": "Bayan Nur",
        "ascii_name": "Bayan Nur",
        "feature_class": "P",
        "feature_code": "PPL",
        "country_code": "CN",
        "cou_name_en": "China",
        "population": 1760000,
        "dem": 1041,
        "timezone": "Asia/Shanghai",
        "modification_date": "2025-08-20"
      }
    },
    {
      "type": "Feature",
      "geometry": {
        "type": "Point",
        "coordinates": [
          -76.5199,
          3.43054
        ]
      },
      "properties": {
        "name": "Cali",
        "ascii_name": "Cali",
        "feature_class": "P",
        "feature_code": "PPLA",
        "country_code": "CO",
        "cou_name_en": "Colombia",
        "population": 2392877,
        "dem": 758,
        "timezone": "America/Bogota",
        "modification_date": "2025-10-19"
      }
    },
    {
      "type": "Feature",
      "geometry": {
        "type": "Point",
        "coordinates": [
          12.37129,
          51.33962
        ]
      },
      "properties": {
        "name": "Leipzig",
        "ascii_name": "Leipzig",
        "feature_class": "P",
        "feature_code": "PPLA3",
        "country_code": "DE",
        "cou_name_en": "Germany",
        "population": 504971,
        "dem": 116,
        "timezone": "Europe/Berlin",
        "modification_date": "2021-12-02"
      }
    },
    {
      "type": "Feature",
      "geometry": {
        "type": "Point",
        "coordinates": [
          114.18333,
          22.31667
        ]
      },
      "properties": {
        "name": "Kowloon",
        "ascii_name": "Kowloon",
        "feature_class": "P",
        "feature_code": "PPLX",
        "country_code": "HK",
        "cou_name_en": "Hong Kong, China",
        "population": 2232339,
        "dem": 92,
        "timezone": "Asia/Hong_Kong",
        "modification_date": "2024-03-14"
      }
    },
    {
      "type": "Feature",
      "geometry": {
        "type": "Point",
        "coordinates": [
          -63.18117,
          -17.78629
        ]
      },
      "properties": {
        "name": "Santa Cruz de la Sierra",
        "ascii_name": "Santa Cruz de la Sierra",
        "feature_class": "P",
        "feature_code": "PPLA",
        "country_code": "BO",
        "cou_name_en": "Bolivia",
        "population": 1831434,
        "dem": 433,
        "timezone": "America/La_Paz",
        "modification_date": "2025-11-04"
      }
    },
    {
      "type": "Feature",
      "geometry": {
        "type": "Point",
        "coordinates": [
          119.82016,
          31.36059
        ]
      },
      "properties": {
        "name": "Yixing",
        "ascii_name": "Yixing",
        "feature_class": "P",
        "feature_code": "PPLA3",
        "country_code": "CN",
        "cou_name_en": "China",
        "population": 1285785,
        "dem": 8,
        "timezone": "Asia/Shanghai",
        "modification_date": "2022-04-01"
      }
    },
    {
      "type": "Feature",
      "geometry": {
        "type": "Point",
        "coordinates": [
          102.999,
          29.98521
        ]
      },
      "properties": {
        "name": "Ya'an",
        "ascii_name": "Ya'an",
        "feature_class": "P",
        "feature_code": "PPLA2",
        "country_code": "CN",
        "cou_name_en": "China",
        "population": 612056,
        "dem": 591,
        "timezone": "Asia/Shanghai",
        "modification_date": "2025-08-19"
      }
    },
    {
      "type": "Feature",
      "geometry": {
        "type": "Point",
        "coordinates": [
          114.26667,
          30.58333
        ]
      },
      "properties": {
        "name": "Wuhan",
        "ascii_name": "Wuhan",
        "feature_class": "P",
        "feature_code": "PPLA",
        "country_code": "CN",
        "cou_name_en": "China",
        "population": 10392693,
        "dem": 20,
        "timezone": "Asia/Shanghai",
        "modification_date": "2024-03-27"
      }
    },
    {
      "type": "Feature",
      "geometry": {
        "type": "Point",
        "coordinates": [
          122.20488,
          29.98869
        ]
      },
      "properties": {
        "name": "Zhoushan",
        "ascii_name": "Zhoushan",
        "feature_class": "P",
        "feature_code": "PPLA3",
        "country_code": "CN",
        "cou_name_en": "China",
        "population": 882932,
        "dem": 2,
        "timezone": "Asia/Shanghai",
        "modification_date": "2025-08-20"
      }
    },
    {
      "type": "Feature",
      "geometry": {
        "type": "Point",
        "coordinates": [
          113.09481,
          29.37455
        ]
      },
      "properties": {
        "name": "Yueyang",
        "ascii_name": "Yueyang",
        "feature_class": "P",
        "feature_code": "PPL",
        "country_code": "CN",
        "cou_name_en": "China",
        "population": 991465,
        "dem": 43,
        "timezone": "Asia/Shanghai",
        "modification_date": "2021-10-11"
      }
    },
    {
      "type": "Feature",
      "geometry": {
        "type": "Point",
        "coordinates": [
          32.3019,
          31.26531
        ]
      },
      "properties": {
        "name": "Port Said",
        "ascii_name": "Port Said",
        "feature_class": "P",
        "feature_code": "PPLA",
        "country_code": "EG",
        "cou_name_en": "Egypt",
        "population": 780515,
        "dem": 16,
        "timezone": "Africa/Cairo",
        "modification_date": "2023-11-29"
      }
    },
    {
      "type": "Feature",
      "geometry": {
        "type": "Point",
        "coordinates": [
          100.35427,
          -0.94924
        ]
      },
      "properties": {
        "name": "Padang",
        "ascii_name": "Padang",
        "feature_class": "P",
        "feature_code": "PPLA",
        "country_code": "ID",
        "cou_name_en": "Indonesia",
        "population": 909040,
        "dem": 6,
        "timezone": "Asia/Jakarta",
        "modification_date": "2022-12-31"
      }
    },
    {
      "type": "Feature",
      "geometry": {
        "type": "Point",
        "coordinates": [
          85.13563,
          25.59408
        ]
      },
      "properties": {
        "name": "Patna",
        "ascii_name": "Patna",
        "feature_class": "P",
        "feature_code": "PPLA",
        "country_code": "IN",
        "cou_name_en": "India",
        "population": 1684297,
        "dem": 53,
        "timezone": "Asia/Kolkata",
        "modification_date": "2025-10-18"
      }
    },
    {
      "type": "Feature",
      "geometry": {
        "type": "Point",
        "coordinates": [
          73.31495,
          28.01762
        ]
      },
      "properties": {
        "name": "Bikaner",
        "ascii_name": "Bikaner",
        "feature_class": "P",
        "feature_code": "PPL",
        "country_code": "IN",
        "cou_name_en": "India",
        "population": 644406,
        "dem": 229,
        "timezone": "Asia/Kolkata",
        "modification_date": "2025-08-05"
      }
    },
    {
      "type": "Feature",
      "geometry": {
        "type": "Point",
        "coordinates": [
          89.56439,
          22.80979
        ]
      },
      "properties": {
        "name": "Khulna",
        "ascii_name": "Khulna",
        "feature_class": "P",
        "feature_code": "PPLA",
        "country_code": "BD",
        "cou_name_en": "Bangladesh",
        "population": 1500689,
        "dem": 8,
        "timezone": "Asia/Dhaka",
        "modification_date": "2023-02-17"
      }
    },
    {
      "type": "Feature",
      "geometry": {
        "type": "Point",
        "coordinates": [
          37.61781,
          55.75204
        ]
      },
      "properties": {
        "name": "Moscow",
        "ascii_name": "Moscow",
        "feature_class": "P",
        "feature_code": "PPLC",
        "country_code": "RU",
        "cou_name_en": "Russian Federation",
        "population": 10381222,
        "dem": 155,
        "timezone": "Europe/Moscow",
        "modification_date": "2025-09-09"
      }
    },
    {
      "type": "Feature",
      "geometry": {
        "type": "Point",
        "coordinates": [
          13.15712,
          11.84692
        ]
      },
      "properties": {
        "name": "Maiduguri",
        "ascii_name": "Maiduguri",
        "feature_class": "P",
        "feature_code": "PPLA",
        "country_code": "NG",
        "cou_name_en": "Nigeria",
        "population": 1110000,
        "dem": 325,
        "timezone": "Africa/Lagos",
        "modification_date": "2024-01-18"
      }
    },
    {
      "type": "Feature",
      "geometry": {
        "type": "Point",
        "coordinates": [
          5.62575,
          6.33815
        ]
      },
      "properties": {
        "name": "Benin City",
        "ascii_name": "Benin City",
        "feature_class": "P",
        "feature_code": "PPLA",
        "country_code": "NG",
        "cou_name_en": "Nigeria",
        "population": 1782000,
        "dem": 88,
        "timezone": "Africa/Lagos",
        "modification_date": "2025-11-04"
      }
    },
    {
      "type": "Feature",
      "geometry": {
        "type": "Point",
        "coordinates": [
          -101.67374,
          21.12908
        ]
      },
      "properties": {
        "name": "León de los Aldama",
        "ascii_name": "Leon de los Aldama",
        "feature_class": "P",
        "feature_code": "PPLA2",
        "country_code": "MX",
        "cou_name_en": "Mexico",
        "population": 1579803,
        "dem": 1806,
        "timezone": "America/Mexico_City",
        "modification_date": "2025-07-31"
      }
    },
    {
      "type": "Feature",
      "geometry": {
        "type": "Point",
        "coordinates": [
          -76.61219,
          39.29038
        ]
      },
      "properties": {
        "name": "Baltimore",
        "ascii_name": "Baltimore",
        "feature_class": "P",
        "feature_code": "PPLA2",
        "country_code": "US",
        "cou_name_en": "United States",
        "population": 585708,
        "dem": 35,
        "timezone": "America/New_York",
        "modification_date": "2025-07-24"
      }
    },
    {
      "type": "Feature",
      "geometry": {
        "type": "Point",
        "coordinates": [
          -96.80667,
          32.78306
        ]
      },
      "properties": {
        "name": "Dallas",
        "ascii_name": "Dallas",
        "feature_class": "P",
        "feature_code": "PPLA2",
        "country_code": "US",
        "cou_name_en": "United States",
        "population": 1326087,
        "dem": 139,
        "timezone": "America/Chicago",
        "modification_date": "2025-06-25"
      }
    },
    {
      "type": "Feature",
      "geometry": {
        "type": "Point",
        "coordinates": [
          36.07225,
          -0.30719
        ]
      },
      "properties": {
        "name": "Nakuru",
        "ascii_name": "Nakuru",
        "feature_class": "P",
        "feature_code": "PPLA",
        "country_code": "KE",
        "cou_name_en": "Kenya",
        "population": 570674,
        "dem": 1802,
        "timezone": "Africa/Nairobi",
        "modification_date": "2023-12-21"
      }
    },
    {
      "type": "Feature",
      "geometry": {
        "type": "Point",
        "coordinates": [
          126.92694,
          37.3925
        ]
      },
      "properties": {
        "name": "Anyang-si",
        "ascii_name": "Anyang-si",
        "feature_class": "P",
        "feature_code": "PPL",
        "country_code": "KR",
        "cou_name_en": "Korea, Republic of",
        "population": 595644,
        "dem": 52,
        "timezone": "Asia/Seoul",
        "modification_date": "2023-06-29"
      }
    },
    {
      "type": "Feature",
      "geometry": {
        "type": "Point",
        "coordinates": [
          107.64455,
          35.70976
        ]
      },
      "properties": {
        "name": "Qingyang",
        "ascii_name": "Qingyang",
        "feature_class": "P",
        "feature_code": "PPLA2",
        "country_code": "CN",
        "cou_name_en": "China",
        "population": 2125400,
        "dem": 1427,
        "timezone": "Asia/Shanghai",
        "modification_date": "2025-08-18"
      }
    },
    {
      "type": "Feature",
      "geometry": {
        "type": "Point",
        "coordinates": [
          14.42076,
          50.08804
        ]
      },
      "properties": {
        "name": "Prague",
        "ascii_name": "Prague",
        "feature_class": "P",
        "feature_code": "PPLC",
        "country_code": "CZ",
        "cou_name_en": "Czech Republic",
        "population": 1165581,
        "dem": 202,
        "timezone": "Europe/Prague",
        "modification_date": "2025-06-19"
      }
    },
    {
      "type": "Feature",
      "geometry": {
        "type": "Point",
        "coordinates": [
          -70.7651,
          -33.51421
        ]
      },
      "properties": {
        "name": "Maipú",
        "ascii_name": "Maipu",
        "feature_class": "P",
        "feature_code": "PPL",
        "country_code": "CL",
        "cou_name_en": "Chile",
        "population": 503635,
        "dem": 478,
        "timezone": "America/Santiago",
        "modification_date": "2025-09-30"
      }
    },
    {
      "type": "Feature",
      "geometry": {
        "type": "Point",
        "coordinates": [
          86.15231,
          41.76055
        ]
      },
      "properties": {
        "name": "Korla",
        "ascii_name": "Korla",
        "feature_class": "P",
        "feature_code": "PPLA2",
        "country_code": "CN",
        "cou_name_en": "China",
        "population": 549324,
        "dem": 945,
        "timezone": "Asia/Urumqi",
        "modification_date": "2022-02-01"
      }
    },
    {
      "type": "Feature",
      "geometry": {
        "type": "Point",
        "coordinates": [
          100.45167,
          38.93417
        ]
      },
      "properties": {
        "name": "Zhangye",
        "ascii_name": "Zhangye",
        "feature_class": "P",
        "feature_code": "PPLA2",
        "country_code": "CN",
        "cou_name_en": "China",
        "population": 507433,
        "dem": 1481,
        "timezone": "Asia/Shanghai",
        "modification_date": "2021-12-17"
      }
    },
    {
      "type": "Feature",
      "geometry": {
        "type": "Point",
        "coordinates": [
          120.95431,
          31.37762
        ]
      },
      "properties": {
        "name": "Kunshan",
        "ascii_name": "Kunshan",
        "feature_class": "P",
        "feature_code": "PPLA3",
        "country_code": "CN",
        "cou_name_en": "China",
        "population": 2092496,
        "dem": 10,
        "timezone": "Asia/Shanghai",
        "modification_date": "2022-04-01"
      }
    },
    {
      "type": "Feature",
      "geometry": {
        "type": "Point",
        "coordinates": [
          112.03809,
          22.92787
        ]
      },
      "properties": {
        "name": "Yunfu",
        "ascii_name": "Yunfu",
        "feature_class": "P",
        "feature_code": "PPLA2",
        "country_code": "CN",
        "cou_name_en": "China",
        "population": 2612800,
        "dem": 67,
        "timezone": "Asia/Shanghai",
        "modification_date": "2022-02-17"
      }
    },
    {
      "type": "Feature",
      "geometry": {
        "type": "Point",
        "coordinates": [
          112.73333,
          38.40917
        ]
      },
      "properties": {
        "name": "Xinzhou",
        "ascii_name": "Xinzhou",
        "feature_class": "P",
        "feature_code": "PPLA2",
        "country_code": "CN",
        "cou_name_en": "China",
        "population": 544683,
        "dem": 794,
        "timezone": "Asia/Shanghai",
        "modification_date": "2024-07-13"
      }
    },
    {
      "type": "Feature",
      "geometry": {
        "type": "Point",
        "coordinates": [
          114.06556,
          32.12278
        ]
      },
      "properties": {
        "name": "Xinyang",
        "ascii_name": "Xinyang",
        "feature_class": "P",
        "feature_code": "PPL",
        "country_code": "CN",
        "cou_name_en": "China",
        "population": 1230042,
        "dem": 89,
        "timezone": "Asia/Shanghai",
        "modification_date": "2025-08-19"
      }
    },
    {
      "type": "Feature",
      "geometry": {
        "type": "Point",
        "coordinates": [
          114.47861,
          38.04139
        ]
      },
      "properties": {
        "name": "Shijiazhuang",
        "ascii_name": "Shijiazhuang",
        "feature_class": "P",
        "feature_code": "PPLA",
        "country_code": "CN",
        "cou_name_en": "China",
        "population": 3938513,
        "dem": 77,
        "timezone": "Asia/Shanghai",
        "modification_date": "2024-03-27"
      }
    },
    {
      "type": "Feature",
      "geometry": {
        "type": "Point",
        "coordinates": [
          121.45806,
          31.22222
        ]
      },
      "properties": {
        "name": "Shanghai",
        "ascii_name": "Shanghai",
        "feature_class": "P",
        "feature_code": "PPLA",
        "country_code": "CN",
        "cou_name_en": "China",
        "population": 24874500,
        "dem": 12,
        "timezone": "Asia/Shanghai",
        "modification_date": "2025-03-23"
      }
    },
    {
      "type": "Feature",
      "geometry": {
        "type": "Point",
        "coordinates": [
          120.65859,
          27.77605
        ]
      },
      "properties": {
        "name": "Rui’an",
        "ascii_name": "Rui'an",
        "feature_class": "P",
        "feature_code": "PPL",
        "country_code": "CN",
        "cou_name_en": "China",
        "population": 927383,
        "dem": 4,
        "timezone": "Asia/Shanghai",
        "modification_date": "2024-07-12"
      }
    },
    {
      "type": "Feature",
      "geometry": {
        "type": "Point",
        "coordinates": [
          112.53278,
          32.99472
        ]
      },
      "properties": {
        "name": "Nanyang",
        "ascii_name": "Nanyang",
        "feature_class": "P",
        "feature_code": "PPLA2",
        "country_code": "CN",
        "cou_name_en": "China",
        "population": 1811812,
        "dem": 131,
        "timezone": "Asia/Shanghai",
        "modification_date": "2021-10-20"
      }
    },
    {
      "type": "Feature",
      "geometry": {
        "type": "Point",
        "coordinates": [
          114.41523,
          23.11147
        ]
      },
      "properties": {
        "name": "Huizhou",
        "ascii_name": "Huizhou",
        "feature_class": "P",
        "feature_code": "PPLA2",
        "country_code": "CN",
        "cou_name_en": "China",
        "population": 2900113,
        "dem": 25,
        "timezone": "Asia/Shanghai",
        "modification_date": "2025-11-01"
      }
    },
    {
      "type": "Feature",
      "geometry": {
        "type": "Point",
        "coordinates": [
          118.49165,
          37.46271
        ]
      },
      "properties": {
        "name": "Dongying",
        "ascii_name": "Dongying",
        "feature_class": "P",
        "feature_code": "PPLA2",
        "country_code": "CN",
        "cou_name_en": "China",
        "population": 998968,
        "dem": 6,
        "timezone": "Asia/Shanghai",
        "modification_date": "2025-03-12"
      }
    },
    {
      "type": "Feature",
      "geometry": {
        "type": "Point",
        "coordinates": [
          118.01667,
          37.36667
        ]
      },
      "properties": {
        "name": "Binzhou",
        "ascii_name": "Binzhou",
        "feature_class": "P",
        "feature_code": "PPLA2",
        "country_code": "CN",
        "cou_name_en": "China",
        "population": 682717,
        "dem": 14,
        "timezone": "Asia/Shanghai",
        "modification_date": "2022-01-20"
      }
    },
    {
      "type": "Feature",
      "geometry": {
        "type": "Point",
        "coordinates": [
          111.56675,
          24.40357
        ]
      },
      "properties": {
        "name": "Hezhou",
        "ascii_name": "Hezhou",
        "feature_class": "P",
        "feature_code": "PPLA2",
        "country_code": "CN",
        "cou_name_en": "China",
        "population": 1005490,
        "dem": 106,
        "timezone": "Asia/Shanghai",
        "modification_date": "2021-10-14"
      }
    },
    {
      "type": "Feature",
      "geometry": {
        "type": "Point",
        "coordinates": [
          2.41833,
          6.36536
        ]
      },
      "properties": {
        "name": "Cotonou",
        "ascii_name": "Cotonou",
        "feature_class": "P",
        "feature_code": "PPLG",
        "country_code": "BJ",
        "cou_name_en": "Benin",
        "population": 679012,
        "dem": 7,
        "timezone": "Africa/Porto-Novo",
        "modification_date": "2023-11-29"
      }
    },
    {
      "type": "Feature",
      "geometry": {
        "type": "Point",
        "coordinates": [
          -47.06083,
          -22.90556
        ]
      },
      "properties": {
        "name": "Campinas",
        "ascii_name": "Campinas",
        "feature_class": "P",
        "feature_code": "PPL",
        "country_code": "BR",
        "cou_name_en": "Brazil",
        "population": 1031554,
        "dem": 686,
        "timezone": "America/Sao_Paulo",
        "modification_date": "2021-09-19"
      }
    },
    {
      "type": "Feature",
      "geometry": {
        "type": "Point",
        "coordinates": [
          -4.42034,
          36.72016
        ]
      },
      "properties": {
        "name": "Málaga",
        "ascii_name": "Malaga",
        "feature_class": "P",
        "feature_code": "PPLA2",
        "country_code": "ES",
        "cou_name_en": "Spain",
        "population": 591637,
        "dem": 22,
        "timezone": "Europe/Madrid",
        "modification_date": "2025-07-25"
      }
    },
    {
      "type": "Feature",
      "geometry": {
        "type": "Point",
        "coordinates": [
          91.18503,
          23.46186
        ]
      },
      "properties": {
        "name": "Comilla",
        "ascii_name": "Comilla",
        "feature_class": "P",
        "feature_code": "PPL",
        "country_code": "BD",
        "cou_name_en": "Bangladesh",
        "population": 1030000,
        "dem": 17,
        "timezone": "Asia/Dhaka",
        "modification_date": "2023-02-16"
      }
    },
    {
      "type": "Feature",
      "geometry": {
        "type": "Point",
        "coordinates": [
          90.37,
          23.825
        ]
      },
      "properties": {
        "geoname_id": "7696679",
        "name": "Pallabi",
        "ascii_name": "Pallabi",
        "alternate_names": null,
        "feature_class": "P",
        "feature_code": "PPLX",
        "country_code": "BD",
        "cou_name_en": "Bangladesh",
        "country_code_2": null,
        "admin1_code": "81",
        "admin2_code": "3026",
        "admin3_code": 302640,
        "admin4_code": "30264002",
        "population": 597574,
        "elevation": null,
        "dem": 14,
        "timezone": "Asia/Dhaka",
        "modification_date": "2024-04-08",
        "label_en": "Bangladesh"
      }
    },
    {
      "type": "Feature",
      "geometry": {
        "type": "Point",
        "coordinates": [
          -65.41999,
          -24.80645
        ]
      },
      "properties": {
        "name": "Salta",
        "ascii_name": "Salta",
        "feature_class": "P",
        "feature_code": "PPLA",
        "country_code": "AR",
        "cou_name_en": "Argentina",
        "population": 520683,
        "dem": 1054,
        "timezone": "America/Argentina/Salta",
        "modification_date": "2025-04-15"
      }
    },
    {
      "type": "Feature",
      "geometry": {
        "type": "Point",
        "coordinates": [
          153.43088,
          -28.00029
        ]
      },
      "properties": {
        "name": "Gold Coast",
        "ascii_name": "Gold Coast",
        "feature_class": "P",
        "feature_code": "PPL",
        "country_code": "AU",
        "cou_name_en": "Australia",
        "population": 640778,
        "dem": 12,
        "timezone": "Australia/Brisbane",
        "modification_date": "2022-07-15"
      }
    },
    {
      "type": "Feature",
      "geometry": {
        "type": "Point",
        "coordinates": [
          33.39404,
          47.90572
        ]
      },
      "properties": {
        "name": "Kryvyy Rih",
        "ascii_name": "Kryvyy Rih",
        "feature_class": "P",
        "feature_code": "PPLA2",
        "country_code": "UA",
        "cou_name_en": "Ukraine",
        "population": 603904,
        "dem": 95,
        "timezone": "Europe/Kyiv",
        "modification_date": "2023-01-22"
      }
    },
    {
      "type": "Feature",
      "geometry": {
        "type": "Point",
        "coordinates": [
          32.58219,
          0.31628
        ]
      },
      "properties": {
        "name": "Kampala",
        "ascii_name": "Kampala",
        "feature_class": "P",
        "feature_code": "PPLC",
        "country_code": "UG",
        "cou_name_en": "Uganda",
        "population": 1680600,
        "dem": 1223,
        "timezone": "Africa/Kampala",
        "modification_date": "2024-12-02"
      }
    },
    {
      "type": "Feature",
      "geometry": {
        "type": "Point",
        "coordinates": [
          -121.4944,
          38.58157
        ]
      },
      "properties": {
        "name": "Sacramento",
        "ascii_name": "Sacramento",
        "feature_class": "P",
        "feature_code": "PPLA",
        "country_code": "US",
        "cou_name_en": "United States",
        "population": 524943,
        "dem": 14,
        "timezone": "America/Los_Angeles",
        "modification_date": "2025-04-14"
      }
    },
    {
      "type": "Feature",
      "geometry": {
        "type": "Point",
        "coordinates": [
          -62.64102,
          8.35122
        ]
      },
      "properties": {
        "name": "Ciudad Guayana",
        "ascii_name": "Ciudad Guayana",
        "feature_class": "P",
        "feature_code": "PPLA2",
        "country_code": "VE",
        "cou_name_en": "Venezuela, Bolivarian Rep. of",
        "population": 978202,
        "dem": 103,
        "timezone": "America/Caracas",
        "modification_date": "2025-06-24"
      }
    },
    {
      "type": "Feature",
      "geometry": {
        "type": "Point",
        "coordinates": [
          107.59546,
          16.4619
        ]
      },
      "properties": {
        "name": "Huế",
        "ascii_name": "Hue",
        "feature_class": "P",
        "feature_code": "PPLA",
        "country_code": "VN",
        "cou_name_en": "Viet Nam",
        "population": 1380000,
        "dem": 8,
        "timezone": "Asia/Bangkok",
        "modification_date": "2025-07-29"
      }
    },
    {
      "type": "Feature",
      "geometry": {
        "type": "Point",
        "coordinates": [
          31.0292,
          -29.8579
        ]
      },
      "properties": {
        "name": "Durban",
        "ascii_name": "Durban",
        "feature_class": "P",
        "feature_code": "PPLA2",
        "country_code": "ZA",
        "cou_name_en": "South Africa",
        "population": 3338026,
        "dem": 21,
        "timezone": "Africa/Johannesburg",
        "modification_date": "2025-02-24"
      }
    },
    {
      "type": "Feature",
      "geometry": {
        "type": "Point",
        "coordinates": [
          139.64715,
          35.64188
        ]
      },
      "properties": {
        "name": "Setagaya",
        "ascii_name": "Setagaya",
        "feature_class": "P",
        "feature_code": "PPLX",
        "country_code": "JP",
        "cou_name_en": "Japan",
        "population": 940071,
        "dem": 44,
        "timezone": "Asia/Tokyo",
        "modification_date": "2025-06-03"
      }
    },
    {
      "type": "Feature",
      "geometry": {
        "type": "Point",
        "coordinates": [
          104.91601,
          11.56245
        ]
      },
      "properties": {
        "name": "Phnom Penh",
        "ascii_name": "Phnom Penh",
        "feature_class": "P",
        "feature_code": "PPLC",
        "country_code": "KH",
        "cou_name_en": "Cambodia",
        "population": 1573544,
        "dem": 20,
        "timezone": "Asia/Phnom_Penh",
        "modification_date": "2025-10-19"
      }
    },
    {
      "type": "Feature",
      "geometry": {
        "type": "Point",
        "coordinates": [
          -97.50417,
          25.87972
        ]
      },
      "properties": {
        "name": "Heroica Matamoros",
        "ascii_name": "Heroica Matamoros",
        "feature_class": "P",
        "feature_code": "PPL",
        "country_code": "MX",
        "cou_name_en": "Mexico",
        "population": 510739,
        "dem": 16,
        "timezone": "America/Matamoros",
        "modification_date": "2025-10-23"
      }
    },
    {
      "type": "Feature",
      "geometry": {
        "type": "Point",
        "coordinates": [
          39.87368,
          57.62987
        ]
      },
      "properties": {
        "name": "Yaroslavl",
        "ascii_name": "Yaroslavl",
        "feature_class": "P",
        "feature_code": "PPLA",
        "country_code": "RU",
        "cou_name_en": "Russian Federation",
        "population": 608722,
        "dem": 103,
        "timezone": "Europe/Moscow",
        "modification_date": "2025-06-21"
      }
    },
    {
      "type": "Feature",
      "geometry": {
        "type": "Point",
        "coordinates": [
          41.69073,
          27.52188
        ]
      },
      "properties": {
        "name": "Ha'il",
        "ascii_name": "Ha'il",
        "feature_class": "P",
        "feature_code": "PPLA",
        "country_code": "SA",
        "cou_name_en": "Saudi Arabia",
        "population": 605930,
        "dem": 1002,
        "timezone": "Asia/Riyadh",
        "modification_date": "2022-08-17"
      }
    },
    {
      "type": "Feature",
      "geometry": {
        "type": "Point",
        "coordinates": [
          100.50144,
          13.75398
        ]
      },
      "properties": {
        "name": "Bangkok",
        "ascii_name": "Bangkok",
        "feature_class": "P",
        "feature_code": "PPLC",
        "country_code": "TH",
        "cou_name_en": "Thailand",
        "population": 5104476,
        "dem": 12,
        "timezone": "Asia/Bangkok",
        "modification_date": "2024-03-26"
      }
    },
    {
      "type": "Feature",
      "geometry": {
        "type": "Point",
        "coordinates": [
          43.38323,
          38.49457
        ]
      },
      "properties": {
        "name": "Van",
        "ascii_name": "Van",
        "feature_class": "P",
        "feature_code": "PPLA",
        "country_code": "TR",
        "cou_name_en": "Turkey",
        "population": 525016,
        "dem": 1708,
        "timezone": "Europe/Istanbul",
        "modification_date": "2025-06-06"
      }
    },
    {
      "type": "Feature",
      "geometry": {
        "type": "Point",
        "coordinates": [
          29.01366,
          41.02274
        ]
      },
      "properties": {
        "name": "Üsküdar",
        "ascii_name": "UEskuedar",
        "feature_class": "P",
        "feature_code": "PPL",
        "country_code": "TR",
        "cou_name_en": "Turkey",
        "population": 524452,
        "dem": 41,
        "timezone": "Europe/Istanbul",
        "modification_date": "2024-08-02"
      }
    },
    {
      "type": "Feature",
      "geometry": {
        "type": "Point",
        "coordinates": [
          119.43194,
          -5.14861
        ]
      },
      "properties": {
        "name": "Makassar",
        "ascii_name": "Makassar",
        "feature_class": "P",
        "feature_code": "PPLA",
        "country_code": "ID",
        "cou_name_en": "Indonesia",
        "population": 1423877,
        "dem": 6,
        "timezone": "Asia/Makassar",
        "modification_date": "2022-12-30"
      }
    },
    {
      "type": "Feature",
      "geometry": {
        "type": "Point",
        "coordinates": [
          104.02491,
          1.14937
        ]
      },
      "properties": {
        "name": "Batam",
        "ascii_name": "Batam",
        "feature_class": "P",
        "feature_code": "PPL",
        "country_code": "ID",
        "cou_name_en": "Indonesia",
        "population": 1164352,
        "dem": 38,
        "timezone": "Asia/Jakarta",
        "modification_date": "2020-11-01"
      }
    },
    {
      "type": "Feature",
      "geometry": {
        "type": "Point",
        "coordinates": [
          -6.24889,
          53.33306
        ]
      },
      "properties": {
        "name": "Dublin",
        "ascii_name": "Dublin",
        "feature_class": "P",
        "feature_code": "PPLC",
        "country_code": "IE",
        "cou_name_en": "Ireland",
        "population": 1024027,
        "dem": 17,
        "timezone": "Europe/Dublin",
        "modification_date": "2022-03-09"
      }
    },
    {
      "type": "Feature",
      "geometry": {
        "type": "Point",
        "coordinates": [
          78.77684,
          28.83893
        ]
      },
      "properties": {
        "name": "Morādābād",
        "ascii_name": "Moradabad",
        "feature_class": "P",
        "feature_code": "PPLA2",
        "country_code": "IN",
        "cou_name_en": "India",
        "population": 721139,
        "dem": 205,
        "timezone": "Asia/Kolkata",
        "modification_date": "2024-03-13"
      }
    },
    {
      "type": "Feature",
      "geometry": {
        "type": "Point",
        "coordinates": [
          78.03392,
          30.32443
        ]
      },
      "properties": {
        "name": "Dehra Dūn",
        "ascii_name": "Dehra Dun",
        "feature_class": "P",
        "feature_code": "PPLA",
        "country_code": "IN",
        "cou_name_en": "India",
        "population": 522081,
        "dem": 664,
        "timezone": "Asia/Kolkata",
        "modification_date": "2024-01-07"
      }
    },
    {
      "type": "Feature",
      "geometry": {
        "type": "Point",
        "coordinates": [
          73.85263,
          18.53017
        ]
      },
      "properties": {
        "geoname_id": "6943660",
        "name": "Shivaji Nagar",
        "ascii_name": "Shivaji Nagar",
        "alternate_names": null,
        "feature_class": "P",
        "feature_code": "PPLX",
        "country_code": "IN",
        "cou_name_en": "India",
        "country_code_2": null,
        "admin1_code": "16",
        "admin2_code": "521",
        "admin3_code": 4194,
        "admin4_code": null,
        "population": 1000000,
        "elevation": "1000",
        "dem": 559,
        "timezone": "Asia/Kolkata",
        "modification_date": "2024-01-06",
        "label_en": "India"
      }
    },
    {
      "type": "Feature",
      "geometry": {
        "type": "Point",
        "coordinates": [
          174.76349,
          -36.84853
        ]
      },
      "properties": {
        "name": "Auckland",
        "ascii_name": "Auckland",
        "feature_class": "P",
        "feature_code": "PPLA",
        "country_code": "NZ",
        "cou_name_en": "New Zealand",
        "population": 1530500,
        "dem": 43,
        "timezone": "Pacific/Auckland",
        "modification_date": "2025-08-04"
      }
    },
    {
      "type": "Feature",
      "geometry": {
        "type": "Point",
        "coordinates": [
          121.12251,
          14.62578
        ]
      },
      "properties": {
        "name": "Antipolo",
        "ascii_name": "Antipolo",
        "feature_class": "P",
        "feature_code": "PPLA2",
        "country_code": "PH",
        "cou_name_en": "Philippines",
        "population": 913712,
        "dem": 23,
        "timezone": "Asia/Manila",
        "modification_date": "2025-09-24"
      }
    },
    {
      "type": "Feature",
      "geometry": {
        "type": "Point",
        "coordinates": [
          71.47824,
          30.19679
        ]
      },
      "properties": {
        "name": "Multan",
        "ascii_name": "Multan",
        "feature_class": "P",
        "feature_code": "PPLA2",
        "country_code": "PK",
        "cou_name_en": "Pakistan",
        "population": 2169915,
        "dem": 126,
        "timezone": "Asia/Karachi",
        "modification_date": "2025-11-15"
      }
    },
    {
      "type": "Feature",
      "geometry": {
        "type": "Point",
        "coordinates": [
          70.9017,
          31.83129
        ]
      },
      "properties": {
        "name": "Dera Ismail Khan",
        "ascii_name": "Dera Ismail Khan",
        "feature_class": "P",
        "feature_code": "PPLA2",
        "country_code": "PK",
        "cou_name_en": "Pakistan",
        "population": 763195,
        "dem": 177,
        "timezone": "Asia/Karachi",
        "modification_date": "2025-02-06"
      }
    },
    {
      "type": "Feature",
      "geometry": {
        "type": "Point",
        "coordinates": [
          102.2405,
          2.196
        ]
      },
      "properties": {
        "name": "Malacca",
        "ascii_name": "Malacca",
        "feature_class": "P",
        "feature_code": "PPLA",
        "country_code": "MY",
        "cou_name_en": "Malaysia",
        "population": 579000,
        "dem": 6,
        "timezone": "Asia/Kuala_Lumpur",
        "modification_date": "2022-09-26"
      }
    },
    {
      "type": "Feature",
      "geometry": {
        "type": "Point",
        "coordinates": [
          39.2666,
          -15.11646
        ]
      },
      "properties": {
        "name": "Nampula",
        "ascii_name": "Nampula",
        "feature_class": "P",
        "feature_code": "PPLA",
        "country_code": "MZ",
        "cou_name_en": "Mozambique",
        "population": 770379,
        "dem": 431,
        "timezone": "Africa/Maputo",
        "modification_date": "2024-01-18"
      }
    },
    {
      "type": "Feature",
      "geometry": {
        "type": "Point",
        "coordinates": [
          98.66667,
          3.58333
        ]
      },
      "properties": {
        "name": "Medan",
        "ascii_name": "Medan",
        "feature_class": "P",
        "feature_code": "PPLA",
        "country_code": "ID",
        "cou_name_en": "Indonesia",
        "population": 2435252,
        "dem": 26,
        "timezone": "Asia/Jakarta",
        "modification_date": "2025-10-12"
      }
    },
    {
      "type": "Feature",
      "geometry": {
        "type": "Point",
        "coordinates": [
          -69.89232,
          18.47186
        ]
      },
      "properties": {
        "name": "Santo Domingo",
        "ascii_name": "Santo Domingo",
        "feature_class": "P",
        "feature_code": "PPLC",
        "country_code": "DO",
        "cou_name_en": "Dominican Republic",
        "population": 2201941,
        "dem": 24,
        "timezone": "America/Santo_Domingo",
        "modification_date": "2025-03-09"
      }
    },
    {
      "type": "Feature",
      "geometry": {
        "type": "Point",
        "coordinates": [
          31.00192,
          30.78847
        ]
      },
      "properties": {
        "name": "Tanta",
        "ascii_name": "Tanta",
        "feature_class": "P",
        "feature_code": "PPLA",
        "country_code": "EG",
        "cou_name_en": "Egypt",
        "population": 576648,
        "dem": 18,
        "timezone": "Africa/Cairo",
        "modification_date": "2023-11-29"
      }
    },
    {
      "type": "Feature",
      "geometry": {
        "type": "Point",
        "coordinates": [
          29.91582,
          31.20176
        ]
      },
      "properties": {
        "name": "Alexandria",
        "ascii_name": "Alexandria",
        "feature_class": "P",
        "feature_code": "PPLA",
        "country_code": "EG",
        "cou_name_en": "Egypt",
        "population": 5263542,
        "dem": 9,
        "timezone": "Africa/Cairo",
        "modification_date": "2024-03-25"
      }
    },
    {
      "type": "Feature",
      "geometry": {
        "type": "Point",
        "coordinates": [
          -0.87734,
          41.65606
        ]
      },
      "properties": {
        "name": "Zaragoza",
        "ascii_name": "Zaragoza",
        "feature_class": "P",
        "feature_code": "PPLA",
        "country_code": "ES",
        "cou_name_en": "Spain",
        "population": 686986,
        "dem": 214,
        "timezone": "Europe/Madrid",
        "modification_date": "2025-06-12"
      }
    },
    {
      "type": "Feature",
      "geometry": {
        "type": "Point",
        "coordinates": [
          73.98556,
          31.71287
        ]
      },
      "properties": {
        "name": "Shekhupura",
        "ascii_name": "Shekhupura",
        "feature_class": "P",
        "feature_code": "PPLA2",
        "country_code": "PK",
        "cou_name_en": "Pakistan",
        "population": 591424,
        "dem": 210,
        "timezone": "Asia/Karachi",
        "modification_date": "2025-02-05"
      }
    },
    {
      "type": "Feature",
      "geometry": {
        "type": "Point",
        "coordinates": [
          103.62322,
          1.39324
        ]
      },
      "properties": {
        "name": "Iskandar Puteri",
        "ascii_name": "Iskandar Puteri",
        "feature_class": "P",
        "feature_code": "PPL",
        "country_code": "MY",
        "cou_name_en": "Malaysia",
        "population": 575977,
        "dem": 16,
        "timezone": "Asia/Kuala_Lumpur",
        "modification_date": "2024-04-22"
      }
    },
    {
      "type": "Feature",
      "geometry": {
        "type": "Point",
        "coordinates": [
          4.47917,
          51.9225
        ]
      },
      "properties": {
        "name": "Rotterdam",
        "ascii_name": "Rotterdam",
        "feature_class": "P",
        "feature_code": "PPL",
        "country_code": "NL",
        "cou_name_en": "Netherlands",
        "population": 868135,
        "dem": 9,
        "timezone": "Europe/Amsterdam",
        "modification_date": "2025-10-26"
      }
    },
    {
      "type": "Feature",
      "geometry": {
        "type": "Point",
        "coordinates": [
          -103.29342,
          20.64121
        ]
      },
      "properties": {
        "name": "Tlaquepaque",
        "ascii_name": "Tlaquepaque",
        "feature_class": "P",
        "feature_code": "PPLA2",
        "country_code": "MX",
        "cou_name_en": "Mexico",
        "population": 650123,
        "dem": 1581,
        "timezone": "America/Mexico_City",
        "modification_date": "2025-07-31"
      }
    },
    {
      "type": "Feature",
      "geometry": {
        "type": "Point",
        "coordinates": [
          -81.65565,
          30.33218
        ]
      },
      "properties": {
        "name": "Jacksonville",
        "ascii_name": "Jacksonville",
        "feature_class": "P",
        "feature_code": "PPLA2",
        "country_code": "US",
        "cou_name_en": "United States",
        "population": 1009833,
        "dem": 12,
        "timezone": "America/New_York",
        "modification_date": "2025-06-25"
      }
    },
    {
      "type": "Feature",
      "geometry": {
        "type": "Point",
        "coordinates": [
          -104.9847,
          39.73915
        ]
      },
      "properties": {
        "name": "Denver",
        "ascii_name": "Denver",
        "feature_class": "P",
        "feature_code": "PPLA",
        "country_code": "US",
        "cou_name_en": "United States",
        "population": 729019,
        "dem": 1636,
        "timezone": "America/Denver",
        "modification_date": "2025-04-14"
      }
    },
    {
      "type": "Feature",
      "geometry": {
        "type": "Point",
        "coordinates": [
          68.77905,
          38.53575
        ]
      },
      "properties": {
        "name": "Dushanbe",
        "ascii_name": "Dushanbe",
        "feature_class": "P",
        "feature_code": "PPLC",
        "country_code": "TJ",
        "cou_name_en": "Tajikistan",
        "population": 679400,
        "dem": 767,
        "timezone": "Asia/Dushanbe",
        "modification_date": "2016-10-19"
      }
    },
    {
      "type": "Feature",
      "geometry": {
        "type": "Point",
        "coordinates": [
          29.06013,
          40.19559
        ]
      },
      "properties": {
        "name": "Bursa",
        "ascii_name": "Bursa",
        "feature_class": "P",
        "feature_code": "PPLA",
        "country_code": "TR",
        "cou_name_en": "Turkey",
        "population": 3101833,
        "dem": 155,
        "timezone": "Europe/Istanbul",
        "modification_date": "2025-11-01"
      }
    },
    {
      "type": "Feature",
      "geometry": {
        "type": "Point",
        "coordinates": [
          19.93658,
          50.06143
        ]
      },
      "properties": {
        "name": "Kraków",
        "ascii_name": "Krakow",
        "feature_class": "P",
        "feature_code": "PPLA",
        "country_code": "PL",
        "cou_name_en": "Poland",
        "population": 755050,
        "dem": 219,
        "timezone": "Europe/Warsaw",
        "modification_date": "2020-09-18"
      }
    },
    {
      "type": "Feature",
      "geometry": {
        "type": "Point",
        "coordinates": [
          48.38657,
          54.32824
        ]
      },
      "properties": {
        "name": "Ulyanovsk",
        "ascii_name": "Ulyanovsk",
        "feature_class": "P",
        "feature_code": "PPLA",
        "country_code": "RU",
        "cou_name_en": "Russian Federation",
        "population": 626540,
        "dem": 176,
        "timezone": "Europe/Ulyanovsk",
        "modification_date": "2022-10-16"
      }
    },
    {
      "type": "Feature",
      "geometry": {
        "type": "Point",
        "coordinates": [
          119.43583,
          32.39722
        ]
      },
      "properties": {
        "name": "Yangzhou",
        "ascii_name": "Yangzhou",
        "feature_class": "P",
        "feature_code": "PPL",
        "country_code": "CN",
        "cou_name_en": "China",
        "population": 1584237,
        "dem": 14,
        "timezone": "Asia/Shanghai",
        "modification_date": "2021-10-07"
      }
    },
    {
      "type": "Feature",
      "geometry": {
        "type": "Point",
        "coordinates": [
          120.66682,
          27.99942
        ]
      },
      "properties": {
        "name": "Wenzhou",
        "ascii_name": "Wenzhou",
        "feature_class": "P",
        "feature_code": "PPLA3",
        "country_code": "CN",
        "cou_name_en": "China",
        "population": 2650000,
        "dem": 10,
        "timezone": "Asia/Shanghai",
        "modification_date": "2024-07-27"
      }
    },
    {
      "type": "Feature",
      "geometry": {
        "type": "Point",
        "coordinates": [
          108.37407,
          30.81601
        ]
      },
      "properties": {
        "name": "Wanxian",
        "ascii_name": "Wanxian",
        "feature_class": "P",
        "feature_code": "PPLA3",
        "country_code": "CN",
        "cou_name_en": "China",
        "population": 859662,
        "dem": 232,
        "timezone": "Asia/Shanghai",
        "modification_date": "2022-08-06"
      }
    },
    {
      "type": "Feature",
      "geometry": {
        "type": "Point",
        "coordinates": [
          103.78333,
          25.48333
        ]
      },
      "properties": {
        "name": "Qujing",
        "ascii_name": "Qujing",
        "feature_class": "P",
        "feature_code": "PPL",
        "country_code": "CN",
        "cou_name_en": "China",
        "population": 1408500,
        "dem": 1887,
        "timezone": "Asia/Shanghai",
        "modification_date": "2021-10-14"
      }
    },
    {
      "type": "Feature",
      "geometry": {
        "type": "Point",
        "coordinates": [
          106.71667,
          26.58333
        ]
      },
      "properties": {
        "name": "Guiyang",
        "ascii_name": "Guiyang",
        "feature_class": "P",
        "feature_code": "PPLA",
        "country_code": "CN",
        "cou_name_en": "China",
        "population": 3037159,
        "dem": 1087,
        "timezone": "Asia/Shanghai",
        "modification_date": "2024-04-05"
      }
    },
    {
      "type": "Feature",
      "geometry": {
        "type": "Point",
        "coordinates": [
          116.33333,
          27.95999
        ]
      },
      "properties": {
        "name": "Fuzhou",
        "ascii_name": "Fuzhou",
        "feature_class": "P",
        "feature_code": "PPLA2",
        "country_code": "CN",
        "cou_name_en": "China",
        "population": 1089888,
        "dem": 53,
        "timezone": "Asia/Shanghai",
        "modification_date": "2025-10-24"
      }
    },
    {
      "type": "Feature",
      "geometry": {
        "type": "Point",
        "coordinates": [
          101.54556,
          25.03639
        ]
      },
      "properties": {
        "name": "Chuxiong",
        "ascii_name": "Chuxiong",
        "feature_class": "P",
        "feature_code": "PPLA2",
        "country_code": "CN",
        "cou_name_en": "China",
        "population": 555081,
        "dem": 1784,
        "timezone": "Asia/Shanghai",
        "modification_date": "2025-08-19"
      }
    },
    {
      "type": "Feature",
      "geometry": {
        "type": "Point",
        "coordinates": [
          117.04723,
          30.51365
        ]
      },
      "properties": {
        "name": "Anqing",
        "ascii_name": "Anqing",
        "feature_class": "P",
        "feature_code": "PPLA2",
        "country_code": "CN",
        "cou_name_en": "China",
        "population": 804493,
        "dem": 19,
        "timezone": "Asia/Shanghai",
        "modification_date": "2021-10-18"
      }
    },
    {
      "type": "Feature",
      "geometry": {
        "type": "Point",
        "coordinates": [
          121.14167,
          41.10778
        ]
      },
      "properties": {
        "name": "Jinzhou",
        "ascii_name": "Jinzhou",
        "feature_class": "P",
        "feature_code": "PPL",
        "country_code": "CN",
        "cou_name_en": "China",
        "population": 604269,
        "dem": 26,
        "timezone": "Asia/Shanghai",
        "modification_date": "2021-09-20"
      }
    },
    {
      "type": "Feature",
      "geometry": {
        "type": "Point",
        "coordinates": [
          113.29139,
          40.09361
        ]
      },
      "properties": {
        "name": "Datong",
        "ascii_name": "Datong",
        "feature_class": "P",
        "feature_code": "PPL",
        "country_code": "CN",
        "cou_name_en": "China",
        "population": 1850000,
        "dem": 1054,
        "timezone": "Asia/Shanghai",
        "modification_date": "2024-05-17"
      }
    },
    {
      "type": "Feature",
      "geometry": {
        "type": "Point",
        "coordinates": [
          113.133,
          40.993
        ]
      },
      "properties": {
        "name": "Ulanqab",
        "ascii_name": "Ulanqab",
        "feature_class": "P",
        "feature_code": "PPLA2",
        "country_code": "CN",
        "cou_name_en": "China",
        "population": 550231,
        "dem": 1375,
        "timezone": "Asia/Shanghai",
        "modification_date": "2025-08-20"
      }
    },
    {
      "type": "Feature",
      "geometry": {
        "type": "Point",
        "coordinates": [
          139.69171,
          35.6895
        ]
      },
      "properties": {
        "name": "Tokyo",
        "ascii_name": "Tokyo",
        "feature_class": "P",
        "feature_code": "PPLC",
        "country_code": "JP",
        "cou_name_en": "Japan",
        "population": 9733276,
        "dem": 44,
        "timezone": "Asia/Tokyo",
        "modification_date": "2025-07-22"
      }
    },
    {
      "type": "Feature",
      "geometry": {
        "type": "Point",
        "coordinates": [
          96.15611,
          16.80528
        ]
      },
      "properties": {
        "name": "Yangon",
        "ascii_name": "Yangon",
        "feature_class": "P",
        "feature_code": "PPLA",
        "country_code": "MM",
        "cou_name_en": "Myanmar",
        "population": 4477638,
        "dem": 30,
        "timezone": "Asia/Yangon",
        "modification_date": "2025-02-23"
      }
    },
    {
      "type": "Feature",
      "geometry": {
        "type": "Point",
        "coordinates": [
          106.88324,
          47.90771
        ]
      },
      "properties": {
        "name": "Ulan Bator",
        "ascii_name": "Ulan Bator",
        "feature_class": "P",
        "feature_code": "PPLC",
        "country_code": "MN",
        "cou_name_en": "Mongolia",
        "population": 844818,
        "dem": 1284,
        "timezone": "Asia/Ulaanbaatar",
        "modification_date": "2025-08-25"
      }
    },
    {
      "type": "Feature",
      "geometry": {
        "type": "Point",
        "coordinates": [
          -89.62318,
          20.967
        ]
      },
      "properties": {
        "name": "Mérida",
        "ascii_name": "Merida",
        "feature_class": "P",
        "feature_code": "PPLA",
        "country_code": "MX",
        "cou_name_en": "Mexico",
        "population": 1201000,
        "dem": 10,
        "timezone": "America/Merida",
        "modification_date": "2025-05-15"
      }
    },
    {
      "type": "Feature",
      "geometry": {
        "type": "Point",
        "coordinates": [
          101.44167,
          0.51667
        ]
      },
      "properties": {
        "name": "Pekanbaru",
        "ascii_name": "Pekanbaru",
        "feature_class": "P",
        "feature_code": "PPLA",
        "country_code": "ID",
        "cou_name_en": "Indonesia",
        "population": 1085000,
        "dem": 19,
        "timezone": "Asia/Jakarta",
        "modification_date": "2023-02-08"
      }
    },
    {
      "type": "Feature",
      "geometry": {
        "type": "Point",
        "coordinates": [
          116.82887,
          -1.26753
        ]
      },
      "properties": {
        "name": "Balikpapan",
        "ascii_name": "Balikpapan",
        "feature_class": "P",
        "feature_code": "PPLA2",
        "country_code": "ID",
        "cou_name_en": "Indonesia",
        "population": 695287,
        "dem": 67,
        "timezone": "Asia/Makassar",
        "modification_date": "2023-02-08"
      }
    },
    {
      "type": "Feature",
      "geometry": {
        "type": "Point",
        "coordinates": [
          74.80555,
          34.08565
        ]
      },
      "properties": {
        "name": "Srinagar",
        "ascii_name": "Srinagar",
        "feature_class": "P",
        "feature_code": "PPLA",
        "country_code": "IN",
        "cou_name_en": "India",
        "population": 1206419,
        "dem": 1589,
        "timezone": "Asia/Kolkata",
        "modification_date": "2025-05-24"
      }
    },
    {
      "type": "Feature",
      "geometry": {
        "type": "Point",
        "coordinates": [
          75.91044,
          17.67152
        ]
      },
      "properties": {
        "name": "Sholapur",
        "ascii_name": "Sholapur",
        "feature_class": "P",
        "feature_code": "PPL",
        "country_code": "IN",
        "cou_name_en": "India",
        "population": 997281,
        "dem": 473,
        "timezone": "Asia/Kolkata",
        "modification_date": "2024-01-06"
      }
    },
    {
      "type": "Feature",
      "geometry": {
        "type": "Point",
        "coordinates": [
          77.09288,
          28.85267
        ]
      },
      "properties": {
        "name": "Narela",
        "ascii_name": "Narela",
        "feature_class": "P",
        "feature_code": "PPL",
        "country_code": "IN",
        "cou_name_en": "India",
        "population": 800000,
        "dem": 219,
        "timezone": "Asia/Kolkata",
        "modification_date": "2024-01-06"
      }
    },
    {
      "type": "Feature",
      "geometry": {
        "type": "Point",
        "coordinates": [
          44.02488,
          32.61603
        ]
      },
      "properties": {
        "name": "Karbala",
        "ascii_name": "Karbala",
        "feature_class": "P",
        "feature_code": "PPLA",
        "country_code": "IQ",
        "cou_name_en": "Iraq",
        "population": 1218732,
        "dem": 32,
        "timezone": "Asia/Baghdad",
        "modification_date": "2024-02-14"
      }
    },
    {
      "type": "Feature",
      "geometry": {
        "type": "Point",
        "coordinates": [
          43.97497,
          26.32599
        ]
      },
      "properties": {
        "name": "Buraydah",
        "ascii_name": "Buraydah",
        "feature_class": "P",
        "feature_code": "PPLA",
        "country_code": "SA",
        "cou_name_en": "Saudi Arabia",
        "population": 745353,
        "dem": 606,
        "timezone": "Asia/Riyadh",
        "modification_date": "2025-05-08"
      }
    },
    {
      "type": "Feature",
      "geometry": {
        "type": "Point",
        "coordinates": [
          32.53458,
          15.64925
        ]
      },
      "properties": {
        "name": "Khartoum North",
        "ascii_name": "Khartoum North",
        "feature_class": "P",
        "feature_code": "PPL",
        "country_code": "SD",
        "cou_name_en": "Sudan, The Republic of",
        "population": 1012211,
        "dem": 381,
        "timezone": "Africa/Khartoum",
        "modification_date": "2025-11-04"
      }
    },
    {
      "type": "Feature",
      "geometry": {
        "type": "Point",
        "coordinates": [
          29.12476,
          41.01643
        ]
      },
      "properties": {
        "geoname_id": "738377",
        "name": "Umraniye",
        "ascii_name": "Umraniye",
        "alternate_names": null,
        "feature_class": "P",
        "feature_code": "PPL",
        "country_code": "TR",
        "cou_name_en": "Turkey",
        "country_code_2": null,
        "admin1_code": "34",
        "admin2_code": "7732588",
        "admin3_code": null,
        "admin4_code": null,
        "population": 573265,
        "elevation": null,
        "dem": 136,
        "timezone": "Europe/Istanbul",
        "modification_date": "2025-05-11",
        "label_en": "Turkey"
      }
    },
    {
      "type": "Feature",
      "geometry": {
        "type": "Point",
        "coordinates": [
          -76.79358,
          17.99702
        ]
      },
      "properties": {
        "name": "Kingston",
        "ascii_name": "Kingston",
        "feature_class": "P",
        "feature_code": "PPLC",
        "country_code": "JM",
        "cou_name_en": "Jamaica",
        "population": 937700,
        "dem": 65,
        "timezone": "America/Jamaica",
        "modification_date": "2021-08-01"
      }
    },
    {
      "type": "Feature",
      "geometry": {
        "type": "Point",
        "coordinates": [
          139.71072,
          35.80521
        ]
      },
      "properties": {
        "name": "Kawaguchi",
        "ascii_name": "Kawaguchi",
        "feature_class": "P",
        "feature_code": "PPLA2",
        "country_code": "JP",
        "cou_name_en": "Japan",
        "population": 607373,
        "dem": 6,
        "timezone": "Asia/Tokyo",
        "modification_date": "2022-09-02"
      }
    },
    {
      "type": "Feature",
      "geometry": {
        "type": "Point",
        "coordinates": [
          139.98648,
          35.70129
        ]
      },
      "properties": {
        "name": "Honchō",
        "ascii_name": "Honcho",
        "feature_class": "P",
        "feature_code": "PPLX",
        "country_code": "JP",
        "cou_name_en": "Japan",
        "population": 644668,
        "dem": 11,
        "timezone": "Asia/Tokyo",
        "modification_date": "2022-08-15"
      }
    },
    {
      "type": "Feature",
      "geometry": {
        "type": "Point",
        "coordinates": [
          130.74537,
          32.77856
        ]
      },
      "properties": {
        "name": "Kotō",
        "ascii_name": "Koto",
        "feature_class": "P",
        "feature_code": "PPL",
        "country_code": "JP",
        "cou_name_en": "Japan",
        "population": 543730,
        "dem": 8,
        "timezone": "Asia/Tokyo",
        "modification_date": "2025-06-03"
      }
    },
    {
      "type": "Feature",
      "geometry": {
        "type": "Point",
        "coordinates": [
          -7.61138,
          33.58831
        ]
      },
      "properties": {
        "name": "Casablanca",
        "ascii_name": "Casablanca",
        "feature_class": "P",
        "feature_code": "PPLA",
        "country_code": "MA",
        "cou_name_en": "Morocco",
        "population": 3665954,
        "dem": 27,
        "timezone": "Africa/Casablanca",
        "modification_date": "2025-03-02"
      }
    },
    {
      "type": "Feature",
      "geometry": {
        "type": "Point",
        "coordinates": [
          -86.15804,
          39.76838
        ]
      },
      "properties": {
        "name": "Indianapolis",
        "ascii_name": "Indianapolis",
        "feature_class": "P",
        "feature_code": "PPLA",
        "country_code": "US",
        "cou_name_en": "United States",
        "population": 887642,
        "dem": 248,
        "timezone": "America/Indiana/Indianapolis",
        "modification_date": "2025-06-16"
      }
    },
    {
      "type": "Feature",
      "geometry": {
        "type": "Point",
        "coordinates": [
          -4.25763,
          55.86515
        ]
      },
      "properties": {
        "name": "Glasgow",
        "ascii_name": "Glasgow",
        "feature_class": "P",
        "feature_code": "PPLA2",
        "country_code": "GB",
        "cou_name_en": "United Kingdom",
        "population": 626410,
        "dem": 40,
        "timezone": "Europe/London",
        "modification_date": "2023-02-25"
      }
    },
    {
      "type": "Feature",
      "geometry": {
        "type": "Point",
        "coordinates": [
          11.86352,
          -4.77609
        ]
      },
      "properties": {
        "name": "Pointe-Noire",
        "ascii_name": "Pointe-Noire",
        "feature_class": "P",
        "feature_code": "PPLA",
        "country_code": "CG",
        "cou_name_en": "Congo",
        "population": 1032000,
        "dem": 12,
        "timezone": "Africa/Brazzaville",
        "modification_date": "2023-11-29"
      }
    },
    {
      "type": "Feature",
      "geometry": {
        "type": "Point",
        "coordinates": [
          114.0683,
          22.54554
        ]
      },
      "properties": {
        "name": "Shenzhen",
        "ascii_name": "Shenzhen",
        "feature_class": "P",
        "feature_code": "PPLA2",
        "country_code": "CN",
        "cou_name_en": "China",
        "population": 17494398,
        "dem": 4,
        "timezone": "Asia/Shanghai",
        "modification_date": "2025-10-22"
      }
    },
    {
      "type": "Feature",
      "geometry": {
        "type": "Point",
        "coordinates": [
          119.01028,
          25.43944
        ]
      },
      "properties": {
        "name": "Putian",
        "ascii_name": "Putian",
        "feature_class": "P",
        "feature_code": "PPLA2",
        "country_code": "CN",
        "cou_name_en": "China",
        "population": 1539389,
        "dem": 23,
        "timezone": "Asia/Shanghai",
        "modification_date": "2021-12-13"
      }
    },
    {
      "type": "Feature",
      "geometry": {
        "type": "Point",
        "coordinates": [
          111.96272,
          21.85563
        ]
      },
      "properties": {
        "name": "Yangjiang",
        "ascii_name": "Yangjiang",
        "feature_class": "P",
        "feature_code": "PPLA2",
        "country_code": "CN",
        "cou_name_en": "China",
        "population": 1292987,
        "dem": 15,
        "timezone": "Asia/Shanghai",
        "modification_date": "2021-10-14"
      }
    },
    {
      "type": "Feature",
      "geometry": {
        "type": "Point",
        "coordinates": [
          114.97927,
          27.11716
        ]
      },
      "properties": {
        "name": "Ji’an",
        "ascii_name": "Ji'an",
        "feature_class": "P",
        "feature_code": "PPLA2",
        "country_code": "CN",
        "cou_name_en": "China",
        "population": 538699,
        "dem": 72,
        "timezone": "Asia/Shanghai",
        "modification_date": "2021-10-11"
      }
    },
    {
      "type": "Feature",
      "geometry": {
        "type": "Point",
        "coordinates": [
          116.79167,
          33.97444
        ]
      },
      "properties": {
        "name": "Huaibei",
        "ascii_name": "Huaibei",
        "feature_class": "P",
        "feature_code": "PPLA2",
        "country_code": "CN",
        "cou_name_en": "China",
        "population": 1113321,
        "dem": 51,
        "timezone": "Asia/Shanghai",
        "modification_date": "2021-10-18"
      }
    },
    {
      "type": "Feature",
      "geometry": {
        "type": "Point",
        "coordinates": [
          115.47358,
          35.23929
        ]
      },
      "properties": {
        "name": "Heze",
        "ascii_name": "Heze",
        "feature_class": "P",
        "feature_code": "PPLA2",
        "country_code": "CN",
        "cou_name_en": "China",
        "population": 1346717,
        "dem": 53,
        "timezone": "Asia/Shanghai",
        "modification_date": "2022-01-14"
      }
    },
    {
      "type": "Feature",
      "geometry": {
        "type": "Point",
        "coordinates": [
          120.03308,
          28.88162
        ]
      },
      "properties": {
        "name": "Guli",
        "ascii_name": "Guli",
        "feature_class": "P",
        "feature_code": "PPL",
        "country_code": "CN",
        "cou_name_en": "China",
        "population": 536000,
        "dem": 121,
        "timezone": "Asia/Shanghai",
        "modification_date": "2021-09-19"
      }
    },
    {
      "type": "Feature",
      "geometry": {
        "type": "Point",
        "coordinates": [
          105.93333,
          26.25
        ]
      },
      "properties": {
        "name": "Anshun",
        "ascii_name": "Anshun",
        "feature_class": "P",
        "feature_code": "PPLA2",
        "country_code": "CN",
        "cou_name_en": "China",
        "population": 765313,
        "dem": 1374,
        "timezone": "Asia/Shanghai",
        "modification_date": "2021-10-14"
      }
    },
    {
      "type": "Feature",
      "geometry": {
        "type": "Point",
        "coordinates": [
          130.29033,
          47.34727
        ]
      },
      "properties": {
        "name": "Hegang",
        "ascii_name": "Hegang",
        "feature_class": "P",
        "feature_code": "PPLA2",
        "country_code": "CN",
        "cou_name_en": "China",
        "population": 743307,
        "dem": 190,
        "timezone": "Asia/Shanghai",
        "modification_date": "2021-12-15"
      }
    },
    {
      "type": "Feature",
      "geometry": {
        "type": "Point",
        "coordinates": [
          123.765,
          41.28861
        ]
      },
      "properties": {
        "name": "Benxi",
        "ascii_name": "Benxi",
        "feature_class": "P",
        "feature_code": "PPL",
        "country_code": "CN",
        "cou_name_en": "China",
        "population": 987717,
        "dem": 212,
        "timezone": "Asia/Shanghai",
        "modification_date": "2018-12-06"
      }
    },
    {
      "type": "Feature",
      "geometry": {
        "type": "Point",
        "coordinates": [
          -43.45111,
          -22.75917
        ]
      },
      "properties": {
        "name": "Nova Iguaçu",
        "ascii_name": "Nova Iguacu",
        "feature_class": "P",
        "feature_code": "PPLA2",
        "country_code": "BR",
        "cou_name_en": "Brazil",
        "population": 823302,
        "dem": 36,
        "timezone": "America/Sao_Paulo",
        "modification_date": "2023-02-21"
      }
    },
    {
      "type": "Feature",
      "geometry": {
        "type": "Point",
        "coordinates": [
          -49.27306,
          -25.42778
        ]
      },
      "properties": {
        "name": "Curitiba",
        "ascii_name": "Curitiba",
        "feature_class": "P",
        "feature_code": "PPLA",
        "country_code": "BR",
        "cou_name_en": "Brazil",
        "population": 1948626,
        "dem": 924,
        "timezone": "America/Sao_Paulo",
        "modification_date": "2023-02-21"
      }
    },
    {
      "type": "Feature",
      "geometry": {
        "type": "Point",
        "coordinates": [
          -75.69812,
          45.41117
        ]
      },
      "properties": {
        "name": "Ottawa",
        "ascii_name": "Ottawa",
        "feature_class": "P",
        "feature_code": "PPLC",
        "country_code": "CA",
        "cou_name_en": "Canada",
        "population": 1017449,
        "dem": 71,
        "timezone": "America/Toronto",
        "modification_date": "2025-08-04"
      }
    },
    {
      "type": "Feature",
      "geometry": {
        "type": "Point",
        "coordinates": [
          -74.00597,
          40.71427
        ]
      },
      "properties": {
        "name": "New York City",
        "ascii_name": "New York City",
        "feature_class": "P",
        "feature_code": "PPL",
        "country_code": "US",
        "cou_name_en": "United States",
        "population": 8804190,
        "dem": 57,
        "timezone": "America/New_York",
        "modification_date": "2025-09-24"
      }
    },
    {
      "type": "Feature",
      "geometry": {
        "type": "Point",
        "coordinates": [
          -122.67621,
          45.52345
        ]
      },
      "properties": {
        "name": "Portland",
        "ascii_name": "Portland",
        "feature_class": "P",
        "feature_code": "PPLA2",
        "country_code": "US",
        "cou_name_en": "United States",
        "population": 652503,
        "dem": 15,
        "timezone": "America/Los_Angeles",
        "modification_date": "2025-06-25"
      }
    },
    {
      "type": "Feature",
      "geometry": {
        "type": "Point",
        "coordinates": [
          77.35456,
          11.11541
        ]
      },
      "properties": {
        "name": "Tiruppur",
        "ascii_name": "Tiruppur",
        "feature_class": "P",
        "feature_code": "PPL",
        "country_code": "IN",
        "cou_name_en": "India",
        "population": 963173,
        "dem": 305,
        "timezone": "Asia/Kolkata",
        "modification_date": "2024-01-06"
      }
    },
    {
      "type": "Feature",
      "geometry": {
        "type": "Point",
        "coordinates": [
          83.31622,
          17.73308
        ]
      },
      "properties": {
        "name": "Rasapūdipalem",
        "ascii_name": "Rasapudipalem",
        "feature_class": "P",
        "feature_code": "PPL",
        "country_code": "IN",
        "cou_name_en": "India",
        "population": 1728128,
        "dem": 45,
        "timezone": "Asia/Kolkata",
        "modification_date": "2024-12-30"
      }
    },
    {
      "type": "Feature",
      "geometry": {
        "type": "Point",
        "coordinates": [
          85.83385,
          20.27241
        ]
      },
      "properties": {
        "name": "Bhubaneswar",
        "ascii_name": "Bhubaneswar",
        "feature_class": "P",
        "feature_code": "PPLA",
        "country_code": "IN",
        "cou_name_en": "India",
        "population": 885363,
        "dem": 62,
        "timezone": "Asia/Kolkata",
        "modification_date": "2025-08-05"
      }
    },
    {
      "type": "Feature",
      "geometry": {
        "type": "Point",
        "coordinates": [
          49.3461,
          53.5303
        ]
      },
      "properties": {
        "name": "Tolyatti",
        "ascii_name": "Tolyatti",
        "feature_class": "P",
        "feature_code": "PPL",
        "country_code": "RU",
        "cou_name_en": "Russian Federation",
        "population": 702879,
        "dem": 92,
        "timezone": "Europe/Samara",
        "modification_date": "2022-09-17"
      }
    },
    {
      "type": "Feature",
      "geometry": {
        "type": "Point",
        "coordinates": [
          72.67418,
          32.08586
        ]
      },
      "properties": {
        "name": "Sargodha",
        "ascii_name": "Sargodha",
        "feature_class": "P",
        "feature_code": "PPLA2",
        "country_code": "PK",
        "cou_name_en": "Pakistan",
        "population": 975886,
        "dem": 187,
        "timezone": "Asia/Karachi",
        "modification_date": "2025-02-04"
      }
    },
    {
      "type": "Feature",
      "geometry": {
        "type": "Point",
        "coordinates": [
          73.45155,
          30.81029
        ]
      },
      "properties": {
        "name": "Okara",
        "ascii_name": "Okara",
        "feature_class": "P",
        "feature_code": "PPLA2",
        "country_code": "PK",
        "cou_name_en": "Pakistan",
        "population": 533693,
        "dem": 181,
        "timezone": "Asia/Karachi",
        "modification_date": "2025-02-05"
      }
    },
    {
      "type": "Feature",
      "geometry": {
        "type": "Point",
        "coordinates": [
          73.02329,
          34.67719
        ]
      },
      "properties": {
        "name": "Battagram",
        "ascii_name": "Battagram",
        "feature_class": "P",
        "feature_code": "PPLA2",
        "country_code": "PK",
        "cou_name_en": "Pakistan",
        "population": 700000,
        "dem": 1031,
        "timezone": "Asia/Karachi",
        "modification_date": "2016-12-15"
      }
    },
    {
      "type": "Feature",
      "geometry": {
        "type": "Point",
        "coordinates": [
          -107.39421,
          24.80209
        ]
      },
      "properties": {
        "name": "Culiacán",
        "ascii_name": "Culiacan",
        "feature_class": "P",
        "feature_code": "PPLA",
        "country_code": "MX",
        "cou_name_en": "Mexico",
        "population": 808416,
        "dem": 47,
        "timezone": "America/Mazatlan",
        "modification_date": "2025-05-15"
      }
    },
    {
      "type": "Feature",
      "geometry": {
        "type": "Point",
        "coordinates": [
          72.35067,
          40.78338
        ]
      },
      "properties": {
        "name": "Andijon",
        "ascii_name": "Andijon",
        "feature_class": "P",
        "feature_code": "PPLA",
        "country_code": "UZ",
        "cou_name_en": "Uzbekistan",
        "population": 747800,
        "dem": 497,
        "timezone": "Asia/Tashkent",
        "modification_date": "2025-07-16"
      }
    },
    {
      "type": "Feature",
      "geometry": {
        "type": "Point",
        "coordinates": [
          106.62965,
          10.82302
        ]
      },
      "properties": {
        "name": "Ho Chi Minh City",
        "ascii_name": "Ho Chi Minh City",
        "feature_class": "P",
        "feature_code": "PPL",
        "country_code": "VN",
        "cou_name_en": "Viet Nam",
        "population": 14002598,
        "dem": 7,
        "timezone": "Asia/Ho_Chi_Minh",
        "modification_date": "2025-10-19"
      }
    }
  ]
}